{
  "algorithm": "semantic_dstar_lite",
  "scene_file": "/Users/ishita/Documents/GitHub/BEACON-semantics/data/complex/scenes/collision_required/000.json",
  "scene_family": "collision_required",
  "workspace": [
    0,
    6,
    0,
    6
  ],
  "start": [
    0.8886026751662894,
    1.764510162109582,
    0.0
  ],
  "goal": [
    4.5109735298131595,
    4.368135152891394,
    0.0
  ],
  "success": true,
  "summary": {
    "success": true,
    "algorithm": "semantic_dstar_lite",
    "grid_start": [
      6,
      12
    ],
    "grid_goal": [
      30,
      29
    ],
    "num_waypoints": 60,
    "path_length": 9.738,
    "lambda_occ": 5.0,
    "lambda_sem": 2.5,
    "step": 0.15,
    "robot_radius": 0.12
  },
  "planner_config": {
    "step": 0.15,
    "robot_radius": 0.12,
    "lambda_occ": 5.0,
    "lambda_sem": 2.5,
    "step_duration": 1.0,
    "dynamic_decay": 2.5
  },
  "path": [
    [
      0.8886026751662894,
      1.764510162109582,
      0.0
    ],
    [
      0.9,
      1.95,
      0.0
    ],
    [
      0.9,
      2.1,
      0.0
    ],
    [
      0.9,
      2.25,
      0.0
    ],
    [
      0.9,
      2.4,
      0.0
    ],
    [
      0.9,
      2.55,
      0.0
    ],
    [
      0.9,
      2.7,
      0.0
    ],
    [
      0.9,
      2.85,
      0.0
    ],
    [
      0.9,
      3.0,
      0.0
    ],
    [
      0.9,
      3.15,
      0.0
    ],
    [
      0.75,
      3.3,
      0.0
    ],
    [
      0.6,
      3.45,
      0.0
    ],
    [
      0.45,
      3.6,
      0.0
    ],
    [
      0.45,
      3.75,
      0.0
    ],
    [
      0.45,
      3.9,
      0.0
    ],
    [
      0.3,
      4.05,
      0.0
    ],
    [
      0.15,
      4.2,
      0.0
    ],
    [
      0.15,
      4.35,
      0.0
    ],
    [
      0.15,
      4.5,
      0.0
    ],
    [
      0.15,
      4.65,
      0.0
    ],
    [
      0.15,
      4.8,
      0.0
    ],
    [
      0.15,
      4.95,
      0.0
    ],
    [
      0.15,
      5.1,
      0.0
    ],
    [
      0.15,
      5.25,
      0.0
    ],
    [
      0.15,
      5.4,
      0.0
    ],
    [
      0.15,
      5.55,
      0.0
    ],
    [
      0.15,
      5.7,
      0.0
    ],
    [
      0.3,
      5.85,
      0.0
    ],
    [
      0.45,
      5.85,
      0.0
    ],
    [
      0.6,
      5.85,
      0.0
    ],
    [
      0.75,
      5.85,
      0.0
    ],
    [
      0.9,
      6.0,
      0.0
    ],
    [
      1.05,
      6.0,
      0.0
    ],
    [
      1.2,
      6.0,
      0.0
    ],
    [
      1.35,
      6.0,
      0.0
    ],
    [
      1.5,
      6.0,
      0.0
    ],
    [
      1.65,
      6.0,
      0.0
    ],
    [
      1.8,
      6.0,
      0.0
    ],
    [
      1.95,
      6.0,
      0.0
    ],
    [
      2.1,
      6.0,
      0.0
    ],
    [
      2.25,
      6.0,
      0.0
    ],
    [
      2.4,
      6.0,
      0.0
    ],
    [
      2.55,
      6.0,
      0.0
    ],
    [
      2.7,
      6.0,
      0.0
    ],
    [
      2.85,
      6.0,
      0.0
    ],
    [
      3.0,
      6.0,
      0.0
    ],
    [
      3.15,
      6.0,
      0.0
    ],
    [
      3.3,
      5.85,
      0.0
    ],
    [
      3.45,
      5.85,
      0.0
    ],
    [
      3.6,
      5.85,
      0.0
    ],
    [
      3.75,
      5.7,
      0.0
    ],
    [
      3.9,
      5.55,
      0.0
    ],
    [
      3.9,
      5.4,
      0.0
    ],
    [
      4.05,
      5.25,
      0.0
    ],
    [
      4.2,
      5.1,
      0.0
    ],
    [
      4.35,
      4.95,
      0.0
    ],
    [
      4.5,
      4.8,
      0.0
    ],
    [
      4.5,
      4.65,
      0.0
    ],
    [
      4.5,
      4.5,
      0.0
    ],
    [
      4.5109735298131595,
      4.368135152891394,
      0.0
    ]
  ]
}