{
  "algorithm": "semantic_dstar_lite",
  "planner_model": "soft obstacle traversal + manipulation",
  "scene_file": "/Users/ishita/Documents/GitHub/BEACON-semantics/data/complex/scenes/collision_required/001.json",
  "scene_family": "collision_required",
  "workspace": [
    0,
    6,
    0,
    6
  ],
  "start": [
    5.099644875700913,
    1.4092331077105407,
    0.0
  ],
  "goal": [
    1.4645904848792095,
    4.232796461789587,
    0.0
  ],
  "success": false,
  "summary": {
    "success": false,
    "algorithm": "surp_beacon_online",
    "observability": "radius_limited_incremental",
    "sensing_range": 2.0,
    "num_waypoints": 11,
    "stop_reason": "surp_rollout_stopped",
    "actions": [],
    "num_actions": 10,
    "final_robot_position": [
      5.099977120286398,
      1.8992329449465037
    ],
    "contact_log": [],
    "sensed_ids": [
      1,
      2,
      3,
      4,
      5,
      6,
      9,
      10,
      14,
      15,
      16,
      21,
      50,
      51,
      54,
      56,
      57,
      0,
      20,
      13,
      27
    ],
    "observed_obstacles": 21,
    "movable_obstacle_model": "SURP online push/avoid controller"
  },
  "planner_config": {
    "step": 0.15,
    "robot_radius": 0.12,
    "lambda_occ": 5.0,
    "lambda_sem": 2.5,
    "step_duration": 1.0,
    "dynamic_decay": 2.5
  },
  "path": [
    [
      5.099644875700913,
      1.4092331077105407,
      0.0
    ],
    [
      5.099644875700913,
      1.4092331077105407,
      0.0
    ],
    [
      5.099748123592096,
      1.4792330315667348,
      0.0
    ],
    [
      5.0998030897976365,
      1.5492330099861333,
      0.0
    ],
    [
      5.099858056003177,
      1.6192329884055319,
      0.0
    ],
    [
      5.099913022208718,
      1.6892329668249304,
      0.0
    ],
    [
      5.099913022208718,
      1.6892329668249304,
      0.0
    ],
    [
      5.099967988414259,
      1.759232945244329,
      0.0
    ],
    [
      5.099967988414259,
      1.759232945244329,
      0.0
    ],
    [
      5.0999725543503285,
      1.8292329450954163,
      0.0
    ],
    [
      5.099977120286398,
      1.8992329449465037,
      0.0
    ]
  ]
}