{
  "algorithm": "semantic_dstar_lite",
  "planner_model": "soft obstacle traversal + manipulation",
  "scene_file": "/Users/ishita/Documents/GitHub/BEACON-semantics/data/complex/scenes/collision_required/038.json",
  "scene_family": "collision_required",
  "workspace": [
    0,
    6,
    0,
    6
  ],
  "start": [
    0.47119874153902647,
    4.781188367066377,
    0.0
  ],
  "goal": [
    4.906517472358935,
    5.105137685543966,
    0.0
  ],
  "success": true,
  "summary": {
    "success": true,
    "algorithm": "surp_beacon_online",
    "observability": "radius_limited_incremental",
    "sensing_range": 2.0,
    "num_waypoints": 93,
    "stop_reason": "goal_reached",
    "actions": [],
    "num_actions": 92,
    "final_robot_position": [
      4.906517472358935,
      5.105137685543966
    ],
    "contact_log": [
      "CIBP obs 10: outcome=hard_flag kl=0.9794 replan=YES map_class=forbidden",
      "CIBP replan (boundary): obs 10 KL>\u03c4=0.15, decision=avoid",
      "CIBP obs 10: outcome=hard_flag kl=0.5352 replan=YES map_class=forbidden",
      "CIBP replan (boundary): obs 10 KL>\u03c4=0.15, decision=avoid",
      "CIBP obs 20: outcome=displacement kl=0.1755 replan=YES map_class=movable",
      "CIBP replan (push confirmed): obs 20 KL>\u03c4=0.15, continuing push",
      "contact mode: pushed obstacle 20 by 0.12 with chain [20, 27]; push_history=1"
    ],
    "sensed_ids": [
      3,
      4,
      5,
      6,
      7,
      10,
      15,
      16,
      19,
      20,
      40,
      46,
      14,
      18,
      26,
      27,
      25,
      37,
      38,
      36,
      35,
      48,
      29,
      34,
      52,
      49,
      33,
      44
    ],
    "observed_obstacles": 28,
    "movable_obstacle_model": "SURP online push/avoid controller"
  },
  "planner_config": {
    "step": 0.15,
    "robot_radius": 0.12,
    "lambda_occ": 5.0,
    "lambda_sem": 2.5,
    "step_duration": 1.0,
    "dynamic_decay": 2.5
  },
  "path": [
    [
      0.47119874153902647,
      4.781188367066377,
      0.0
    ],
    [
      0.47119874153902647,
      4.781188367066377,
      0.0
    ],
    [
      0.5411314775525147,
      4.784256336047278,
      0.0
    ],
    [
      0.6110979997571206,
      4.786421000130314,
      0.0
    ],
    [
      0.6110979997571206,
      4.786421000130314,
      0.0
    ],
    [
      0.6807658856882715,
      4.793231702728738,
      0.0
    ],
    [
      0.7507325506994184,
      4.795391746065793,
      0.0
    ],
    [
      0.7507325506994184,
      4.795391746065793,
      0.0
    ],
    [
      0.8206992157105653,
      4.797551789402848,
      0.0
    ],
    [
      0.8206992157105653,
      4.797551789402848,
      0.0
    ],
    [
      0.8906658807217122,
      4.799711832739903,
      0.0
    ],
    [
      0.953628238495535,
      4.830301724919529,
      0.0
    ],
    [
      1.000840209159811,
      4.881983731711019,
      0.0
    ],
    [
      1.048052179824087,
      4.9336657385025084,
      0.0
    ],
    [
      1.095264150488363,
      4.985347745293998,
      0.0
    ],
    [
      1.1124068540845151,
      5.053216204193656,
      0.0
    ],
    [
      1.1295495576806673,
      5.121084663093313,
      0.0
    ],
    [
      1.1466922612768198,
      5.188953121992971,
      0.0
    ],
    [
      1.1638349648729722,
      5.256821580892629,
      0.0
    ],
    [
      1.1809776684691247,
      5.324690039792286,
      0.0
    ],
    [
      1.198120372065277,
      5.392558498691944,
      0.0
    ],
    [
      1.2680365016005362,
      5.395984112623619,
      0.0
    ],
    [
      1.2680365016005362,
      5.395984112623619,
      0.0
    ],
    [
      1.3379526311357952,
      5.3994097265552945,
      0.0
    ],
    [
      1.388366955819519,
      5.447973044673851,
      0.0
    ],
    [
      1.388366955819519,
      5.447973044673851,
      0.0
    ],
    [
      1.4572190886960095,
      5.4353483150388,
      0.0
    ],
    [
      1.5126265894906217,
      5.478126917817468,
      0.0
    ],
    [
      1.5680340902852339,
      5.520905520596136,
      0.0
    ],
    [
      1.5680340902852339,
      5.520905520596136,
      0.0
    ],
    [
      1.5971649472271638,
      5.584556075769118,
      0.0
    ],
    [
      1.6262958041690938,
      5.6482066309421,
      0.0
    ],
    [
      1.696055688795847,
      5.653999600548625,
      0.0
    ],
    [
      1.7658155734226,
      5.659792570155148,
      0.0
    ],
    [
      1.7929626423527836,
      5.670457048245721,
      0.0
    ],
    [
      1.8486856807637946,
      5.712823815767506,
      0.0
    ],
    [
      1.918131590596963,
      5.704033730020287,
      0.0
    ],
    [
      1.982207615905327,
      5.732216401658758,
      0.0
    ],
    [
      2.0495814217566712,
      5.751210355567974,
      0.0
    ],
    [
      2.1169552276080155,
      5.770204309477189,
      0.0
    ],
    [
      2.171299947458367,
      5.81432518236505,
      0.0
    ],
    [
      2.171299947458367,
      5.81432518236505,
      0.0
    ],
    [
      2.2341519356176724,
      5.845141210409277,
      0.0
    ],
    [
      2.304121914700187,
      5.8471910950871315,
      0.0
    ],
    [
      2.3740918937827016,
      5.8492409797649865,
      0.0
    ],
    [
      2.4440918047544757,
      5.849352621798779,
      0.0
    ],
    [
      2.51409171572625,
      5.849464263832572,
      0.0
    ],
    [
      2.5840916908845806,
      5.849523236988511,
      0.0
    ],
    [
      2.6540915783701338,
      5.849648743999828,
      0.0
    ],
    [
      2.6540915783701338,
      5.849648743999828,
      0.0
    ],
    [
      2.724091560810623,
      5.849698325561205,
      0.0
    ],
    [
      2.724091560810623,
      5.849698325561205,
      0.0
    ],
    [
      2.794091543251112,
      5.849747907122581,
      0.0
    ],
    [
      2.864091490789656,
      5.849833607770688,
      0.0
    ],
    [
      2.9340914383282004,
      5.849919308418795,
      0.0
    ],
    [
      3.004091436626123,
      5.849934745091065,
      0.0
    ],
    [
      3.074091434924046,
      5.849950181763334,
      0.0
    ],
    [
      3.1440914332219685,
      5.849965618435602,
      0.0
    ],
    [
      3.214091431519891,
      5.849981055107872,
      0.0
    ],
    [
      3.284091429817814,
      5.84999649178014,
      0.0
    ],
    [
      3.3540914298021645,
      5.8499979719652195,
      0.0
    ],
    [
      3.3540914298021645,
      5.8499979719652195,
      0.0
    ],
    [
      3.424091429786515,
      5.849999452150299,
      0.0
    ],
    [
      3.4940914297864163,
      5.849999569819739,
      0.0
    ],
    [
      3.5640914297863175,
      5.84999968748918,
      0.0
    ],
    [
      3.630976998361849,
      5.829352152131954,
      0.0
    ],
    [
      3.697862566937381,
      5.808704616774729,
      0.0
    ],
    [
      3.697862566937381,
      5.808704616774729,
      0.0
    ],
    [
      3.7647481355129124,
      5.788057081417503,
      0.0
    ],
    [
      3.8234107581327366,
      5.749864193239675,
      0.0
    ],
    [
      3.875907164591438,
      5.703559470921936,
      0.0
    ],
    [
      3.875907164591438,
      5.703559470921936,
      0.0
    ],
    [
      3.9284035710501395,
      5.657254748604198,
      0.0
    ],
    [
      3.980899977508841,
      5.61095002628646,
      0.0
    ],
    [
      4.0172226073344115,
      5.551111355156875,
      0.0
    ],
    [
      4.053545237159982,
      5.49127268402729,
      0.0
    ],
    [
      4.053545237159982,
      5.49127268402729,
      0.0
    ],
    [
      4.089867866985553,
      5.431434012897705,
      0.0
    ],
    [
      4.159757899980436,
      5.4275118594108855,
      0.0
    ],
    [
      4.229647932975319,
      5.4235897059240665,
      0.0
    ],
    [
      4.299588137227283,
      5.4206969858903165,
      0.0
    ],
    [
      4.3695283414792465,
      5.417804265856566,
      0.0
    ],
