{
  "algorithm": "semantic_dstar_lite",
  "planner_model": "soft obstacle traversal + manipulation",
  "scene_file": "/Users/ishita/Documents/GitHub/BEACON-semantics/data/beacon/manipulated_scenes/collision_required/scene_executed.json",
  "scene_family": "collision_required",
  "workspace": [
    0,
    6,
    0,
    6
  ],
  "start": [
    0.9101422816174993,
    5.303228340043234,
    0.0
  ],
  "goal": [
    3.473819812524844,
    1.3411400519508876,
    0.0
  ],
  "success": false,
  "summary": {
    "success": false,
    "reason": "Reached max pushes before clearing movable obstacles from the path.",
    "num_waypoints": 30,
    "path_length": 5.2651
  },
  "planner_config": {
    "step": 0.15,
    "robot_radius": 0.12,
    "lambda_occ": 5.0,
    "lambda_sem": 2.5,
    "step_duration": 1.0,
    "dynamic_decay": 2.5
  },
  "path": [
    [
      0.9101422816174993,
      5.303228340043234,
      0.0
    ],
    [
      1.05,
      5.1,
      0.0
    ],
    [
      1.05,
      4.95,
      0.0
    ],
    [
      1.05,
      4.8,
      0.0
    ],
    [
      1.2,
      4.65,
      0.0
    ],
    [
      1.2,
      4.5,
      0.0
    ],
    [
      1.2,
      4.35,
      0.0
    ],
    [
      1.2,
      4.2,
      0.0
    ],
    [
      1.35,
      4.05,
      0.0
    ],
    [
      1.5,
      3.9,
      0.0
    ],
    [
      1.65,
      3.9,
      0.0
    ],
    [
      1.8,
      3.9,
      0.0
    ],
    [
      1.95,
      3.75,
      0.0
    ],
    [
      2.1,
      3.6,
      0.0
    ],
    [
      2.25,
      3.45,
      0.0
    ],
    [
      2.4,
      3.3,
      0.0
    ],
    [
      2.55,
      3.15,
      0.0
    ],
    [
      2.7,
      3.15,
      0.0
    ],
    [
      2.85,
      3.0,
      0.0
    ],
    [
      3.0,
      2.85,
      0.0
    ],
    [
      3.15,
      2.7,
      0.0
    ],
    [
      3.3,
      2.55,
      0.0
    ],
    [
      3.3,
      2.4,
      0.0
    ],
    [
      3.3,
      2.25,
      0.0
    ],
    [
      3.3,
      2.1,
      0.0
    ],
    [
      3.3,
      1.95,
      0.0
    ],
    [
      3.3,
      1.8,
      0.0
    ],
    [
      3.45,
      1.65,
      0.0
    ],
    [
      3.45,
      1.5,
      0.0
    ],
    [
      3.473819812524844,
      1.3411400519508876,
      0.0
    ]
  ],
  "push_history": [
    {
      "obstacle_id": 11,
      "mode": "push",
      "force": 30.0,
      "steps": 240,
      "estimated_push_cost": 0.4228,
      "effective_push_cost": 0.0728,
      "current_path_cost": 5.2651,
      "estimated_detour_cost": 5.5816,
      "estimated_detour_extra_cost": 0.3165,
      "push_bias": 0.35,
      "detour_margin": 0.5
    },
    {
      "obstacle_id": 24,
      "mode": "push",
      "force": 30.0,
      "steps": 240,
      "estimated_push_cost": 0.3963,
      "effective_push_cost": 0.0463,
      "current_path_cost": 5.2651,
      "estimated_detour_cost": 5.5287,
      "estimated_detour_extra_cost": 0.2636,
      "push_bias": 0.35,
      "detour_margin": 0.5
    }
  ],
  "pushes_applied": 2
}