{
  "sparse": {
    "W_P": 1.0,
    "W_B": 0.5,
    "w_r_scale": 1.2,
    "w_v_floor": 0.5,
    "w_v_range": 24.12985625,
    "f_alpha_on": 1.0,
    "f_alpha_off": 2.0,
    "f_alpha_threshold": 0.7853981633974483,
    "geo_weight": 0.9090842812627699,
    "sem_weight": 0.08092578158049644,
    "dir_weight": 0.009989937156733734,
    "resource_d": 0.9911904599613528,
    "resource_T": 0.004973347502043134,
    "resource_contact": 0.0038361925366040732,
    "delta_E_coeff": 0.5,
    "kl_threshold": 0.15
  },
  "cluttered": {
    "W_P": 1.0,
    "W_B": 0.5,
    "w_r_scale": 2.0,
    "w_v_floor": 0.5,
    "w_v_range": 11.8,
    "f_alpha_on": 1.0,
    "f_alpha_off": 2.0,
    "f_alpha_threshold": 0.7853981633974483,
    "geo_weight": 0.87,
    "sem_weight": 0.122,
    "dir_weight": 0.008,
    "resource_d": 0.9911904599613528,
    "resource_T": 0.004973347502043134,
    "resource_contact": 0.003836192536604067,
    "delta_E_coeff": 0.5,
    "kl_threshold": 0.15
  },
  "collision_required": {
    "W_P": 1.0,
    "W_B": 0.5,
    "w_r_scale": 2.0,
    "w_v_floor": 0.5,
    "w_v_range": 6.0,
    "f_alpha_on": 1.0,
    "f_alpha_off": 2.0,
    "f_alpha_threshold": 0.7853981633974483,
    "geo_weight": 0.8444674631374041,
    "sem_weight": 0.14902366996542424,
    "dir_weight": 0.006508866897171698,
    "resource_d": 0.991,
    "resource_T": 0.005,
    "resource_contact": 0.004,
    "delta_E_coeff": 0.5,
    "kl_threshold": 0.15
  },
  "collision_shortcut": {
    "W_P": 1.0,
    "W_B": 0.5,
    "w_r_scale": 1.0,
    "w_v_floor": 0.5,
    "w_v_range": 7.832625,
    "f_alpha_on": 1.0,
    "f_alpha_off": 2.0,
    "f_alpha_threshold": 0.7853981633974483,
    "geo_weight": 0.8965454816754534,
    "sem_weight": 0.1013876832699802,
    "dir_weight": 0.0020668350545664286,
    "resource_d": 0.996,
    "resource_T": 0.0014,
    "resource_contact": 0.0026,
    "delta_E_coeff": 0.5,
    "kl_threshold": 0.15
  }
}