{
  "family": "collision_required",
  "workspace": [
    0,
    6,
    0,
    6
  ],
  "start": [
    1.3990464616548997,
    0.5091943701457896,
    0.0
  ],
  "goal": [
    1.7066142343874868,
    5.016853281961329,
    0.0
  ],
  "obstacles": [
    {
      "id": 0,
      "shape_type": "diamond",
      "class_true": "fragile",
      "radius": 0.1993,
      "center": [
        2.4507,
        2.7018
      ],
      "vertices": [
        [
          2.431759201265219,
          2.4986424190105874
        ],
        [
          2.1460703639786676,
          2.730232332974599
        ],
        [
          2.469725991209506,
          2.9048720620221804
        ],
        [
          2.7554148284960576,
          2.6732821480581688
        ]
      ]
    },
    {
      "id": 1,
      "shape_type": "rectangle",
      "class_true": "movable",
      "radius": 0.3151,
      "center": [
        1.2535,
        2.7834
      ],
      "vertices": [
        [
          1.5788159141687235,
          2.53217993850863
        ],
        [
          1.3603527843791308,
          3.1803541904830013
        ],
        [
          0.9282366163962167,
          3.034712103956606
        ],
        [
          1.1466997461858095,
          2.3865378519822347
        ]
      ]
    },
    {
      "id": 2,
      "shape_type": "diamond",
      "class_true": "fragile",
      "radius": 0.1993,
      "center": [
        0.6549,
        2.8243
      ],
      "vertices": [
        [
          0.5779858704512295,
          2.635352770855345
        ],
        [
          0.3715116387019394,
          2.939688755621426
        ],
        [
          0.7318503291588183,
          3.0132280523261246
        ],
        [
          0.9383245609081085,
          2.7088920675600434
        ]
      ]
    },
    {
      "id": 3,
      "shape_type": "circle",
      "class_true": "fragile",
      "radius": 0.3291,
      "center": [
        2.5655,
        4.9636
      ],
      "vertices": [
        [
          2.8946968427572197,
          4.963562024655739
        ],
        [
          2.8943003568797994,
          4.947410980590582
        ],
        [
          2.893111854416746,
          4.931298845805242
        ],
        [
          2.8911341985745924,
          4.915264435843673
        ],
        [
          2.888372153699486,
          4.899346379003922
        ],
        [
          2.884832373799456,
          4.883583023279172
        ],
        [
          2.880523386514331,
          4.868012343974072
        ],
        [
          2.8754555725719024,
          4.852671852218897
        ],
        [
          2.8696411407798466,
          4.837598504601955
        ],
        [
          2.863094098613634,
          4.822828614137923
        ],
        [
          2.8558302184712963,
          4.80839776278662
        ],
        [
          2.8478669996763375,
          4.794340715732944
        ],
        [
          2.8392236263203303,
          4.780691337634499
        ],
        [
          2.829920921046759,
          4.7674825110386685
        ],
        [
          2.819981294887448,
          4.754746057165678
        ],
        [
          2.809428693272425,
          4.74251265924849
        ],
        [
          2.7982885383432774,
          4.730811788614206
        ],
        [
          2.7865876677089934,
          4.719671633685059
        ],
        [
          2.7743542697918055,
          4.709119032070036
        ],
        [
          2.761617815918816,
          4.6991794059107255
        ],
        [
          2.7484089893229853,
          4.689876700637154
        ],
        [
          2.73475961122454,
          4.681233327281146
        ],
        [
          2.720702564170864,
          4.673270108486188
        ],
        [
          2.706271712819561,
          4.66600622834385
        ],
        [
          2.691501822355529,
          4.659459186177638
        ],
        [
          2.6764284747385867,
          4.6536447543855815
        ],
        [
          2.661087982983412,
          4.648576940443153
        ],
        [
          2.6455173036783117,
          4.644267953158028
        ],
        [
          2.629753947953562,
          4.640728173257998
        ],
        [
          2.6138358911138106,
          4.6379661283828915
        ],
        [
          2.5978014811522425,
          4.635988472540738
        ],
        [
          2.581689346366902,
          4.634799970077684
        ],
        [
          2.5655383023017446,
          4.634403484200265
        ],
        [
          2.549387258236587,
          4.634799970077684
        ],
        [
          2.533275123451247,
          4.635988472540738
        ],
        [
          2.5172407134896786,
          4.6379661283828915
        ],
        [
          2.5013226566499274,
          4.640728173257998
        ],
        [
          2.4855593009251775,
          4.644267953158028
        ],
        [
          2.469988621620077,
          4.648576940443153
        ],
        [
          2.4546481298649026,
          4.6536447543855815
        ],
        [
          2.43957478224796,
          4.659459186177638
        ],
        [
          2.424804891783929,
          4.66600622834385
        ],
        [
          2.4103740404326257,
          4.673270108486188
        ],
        [
          2.3963169933789494,
          4.681233327281146
        ],
        [
          2.3826676152805044,
          4.689876700637154
        ],
        [
          2.369458788684674,
          4.6991794059107255
        ],
        [
          2.3567223348116837,
          4.709119032070036
        ],
        [
          2.344488936894496,
          4.719671633685059
        ],
        [
          2.332788066260212,
          4.730811788614206
        ],
        [
          2.3216479113310644,
          4.74251265924849
        ],
        [
          2.311095309716041,
          4.754746057165678
        ],
        [
          2.3011556835567304,
          4.7674825110386685
        ],
        [
          2.291852978283159,
          4.780691337634499
        ],
        [
          2.2832096049271517,
          4.794340715732944
        ],
        [
          2.275246386132193,
          4.80839776278662
        ],
        [
          2.2679825059898553,
          4.822828614137923
        ],
        [
          2.2614354638236427,
          4.837598504601955
        ],
        [
          2.255621032031587,
          4.852671852218897
        ],
        [
          2.2505532180891583,
          4.868012343974072
        ],
        [
          2.246244230804033,
          4.883583023279172
        ],
        [
          2.2427044509040033,
          4.899346379003922
        ],
        [
          2.239942406028897,
          4.915264435843673
        ],
        [
          2.2379647501867437,
          4.931298845805242
        ],
        [
          2.23677624772369,
          4.947410980590582
        ],
        [
          2.2363797618462695,
          4.963562024655739
        ],
        [
          2.23677624772369,
          4.979713068720897
        ],
        [
          2.2379647501867432,
          4.995825203506237
        ],
        [
          2.239942406028897,
          5.011859613467806
        ],
        [
          2.2427044509040033,
          5.0277776703075565
        ],
        [
          2.246244230804033,
          5.043541026032306
        ],
        [
          2.2505532180891583,
          5.059111705337407
        ],
        [
          2.255621032031587,
          5.074452197092581
        ],
        [
          2.2614354638236427,
          5.089525544709524
        ],
        [
          2.2679825059898553,
          5.104295435173555
        ],
        [
          2.275246386132193,
          5.118726286524859
        ],
        [
          2.2832096049271517,
          5.1327833335785344
        ],
        [
          2.291852978283159,
