{
  "family": "collision_required",
  "workspace": [
    0,
    6,
    0,
    6
  ],
  "start": [
    3.9014325982470197,
    4.6026263085566335,
    0.0
  ],
  "goal": [
    1.1869166671892366,
    0.46226497099063363,
    0.0
  ],
  "obstacles": [
    {
      "id": 0,
      "shape_type": "diamond",
      "class_true": "fragile",
      "radius": 0.1993,
      "center": [
        1.7915,
        3.0259
      ],
      "vertices": [
        [
          1.6142633706169514,
          3.1268907856029684
        ],
        [
          1.9429915181814286,
          3.291784099593644
        ],
        [
          1.9687668281864836,
          2.9249222272300206
        ],
        [
          1.6400386806220064,
          2.760028913239345
        ]
      ]
    },
    {
      "id": 1,
      "shape_type": "rectangle",
      "class_true": "movable",
      "radius": 0.3151,
      "center": [
        2.7951,
        2.368
      ],
      "vertices": [
        [
          2.924254578169337,
          1.9777573816628964
        ],
        [
          3.1055571791334984,
          2.6372915861463566
        ],
        [
          2.6658677094778587,
          2.7581599867891304
        ],
        [
          2.4845651085136975,
          2.09862578230567
        ]
      ]
    },
    {
      "id": 2,
      "shape_type": "diamond",
      "class_true": "fragile",
      "radius": 0.1993,
      "center": [
        3.2968,
        2.039
      ],
      "vertices": [
        [
          3.0936513323791224,
          2.0207437175759146
        ],
        [
          3.2694725827022513,
          2.3437590236138974
        ],
        [
          3.500016999689955,
          2.057225828685631
        ],
        [
          3.324195749366826,
          1.7342105226476483
        ]
      ]
    },
    {
      "id": 3,
      "shape_type": "circle",
      "class_true": "safe",
      "radius": 0.3978,
      "center": [
        1.8368,
        1.1635
      ],
      "vertices": [
        [
          2.2347302995257645,
          1.1634618211346068
        ],
        [
          2.2342510119628987,
          1.143937810347381
        ],
        [
          2.2328143039200192,
          1.124460834612243
        ],
        [
          2.2304236365526435,
          1.1050778156697205
        ],
        [
          2.227084769187857,
          1.0858354489101976
        ],
        [
          2.222805745449591,
          1.0667800908806306
        ],
        [
          2.2175968738808303,
          1.0479576476075647
        ],
        [
          2.211470703109426,
          1.0294134640054964
        ],
        [
          2.204441991617357,
          1.0111922146370014
        ],
        [
          2.196527672186249,
          0.9933377960878015
        ],
        [
          2.187746811104825,
          0.975893221216044
        ],
        [
          2.1781205622365416,
          0.9589005155305593
        ],
        [
          2.167672116058083,
          0.9424006159477291
        ],
        [
          2.1564266437914688,
          0.9264332721708687
        ],
        [
          2.144411236764377,
          0.9110369509297108
        ],
        [
          2.13165484114476,
          0.896248743310684
        ],
        [
          2.1181881882069944,
          0.8821042754012363
        ],
        [
          2.1040437202975464,
          0.8686376224634706
        ],
        [
          2.0892555126785197,
          0.8558812268438537
        ],
        [
          2.0738591914373616,
          0.8438658198167615
        ],
        [
          2.0578918476605015,
          0.8326203475501475
        ],
        [
          2.041391948077671,
          0.8221719013716889
        ],
        [
          2.0243992423921866,
          0.8125456525034058
        ],
        [
          2.006954667520429,
          0.8037647914219813
        ],
        [
          1.989100248971229,
          0.7958504719908734
        ],
        [
          1.970878999602734,
          0.7888217604988041
        ],
        [
          1.9523348160006657,
          0.7826955897274002
        ],
        [
          1.9335123727275998,
          0.7774867181586391
        ],
        [
          1.9144570146980329,
          0.7732076944203734
        ],
        [
          1.89521464793851,
          0.7698688270555867
        ],
        [
          1.8758316289959873,
          0.767478159688211
        ],
        [
          1.8563546532608495,
          0.766041451645332
        ],
        [
          1.8368306424736236,
          0.7655621640824658
        ],
        [
          1.8173066316863977,
          0.766041451645332
        ],
        [
          1.7978296559512599,
          0.767478159688211
        ],
        [
          1.7784466370087373,
          0.7698688270555867
        ],
        [
          1.7592042702492143,
          0.7732076944203734
        ],
        [
          1.7401489122196474,
          0.7774867181586391
        ],
        [
          1.7213264689465817,
          0.7826955897274002
        ],
        [
          1.7027822853445131,
          0.7888217604988041
        ],
        [
          1.6845610359760181,
          0.7958504719908734
        ],
        [
          1.6667066174268184,
          0.8037647914219813
        ],
        [
          1.6492620425550608,
          0.8125456525034058
        ],
        [
          1.6322693368695762,
          0.8221719013716889
        ],
        [
          1.615769437286746,
          0.8326203475501474
        ],
        [
          1.5998020935098853,
          0.8438658198167615
        ],
        [
          1.5844057722687277,
          0.8558812268438537
        ],
        [
          1.5696175646497008,
          0.8686376224634706
        ],
        [
          1.555473096740253,
          0.8821042754012363
        ],
        [
          1.5420064438024874,
          0.8962487433106838
        ],
        [
          1.5292500481828704,
          0.9110369509297108
        ],
        [
          1.5172346411557782,
          0.9264332721708686
        ],
        [
          1.505989168889164,
          0.9424006159477291
        ],
        [
          1.4955407227107058,
          0.9589005155305593
        ],
        [
          1.4859144738424226,
          0.9758932212160439
        ],
        [
          1.4771336127609982,
          0.9933377960878015
        ],
        [
          1.4692192933298902,
          1.0111922146370014
        ],
        [
          1.462190581837821,
          1.0294134640054964
        ],
        [
          1.456064411066417,
          1.0479576476075647
        ],
        [
          1.4508555394976559,
          1.0667800908806306
        ],
        [
          1.4465765157593902,
          1.0858354489101976
        ],
        [
          1.4432376483946034,
          1.1050778156697205
        ],
        [
          1.4408469810272277,
          1.1244608346122429
        ],
        [
          1.4394102729843488,
          1.1439378103473812
        ],
        [
          1.4389309854214827,
          1.1634618211346068
        ],
        [
          1.4394102729843488,
          1.1829858319218325
        ],
        [
          1.4408469810272277,
          1.2024628076569706
        ],
        [
          1.4432376483946034,
          1.2218458265994931
        ],
        [
          1.4465765157593902,
          1.241088193359016
        ],
        [
          1.4508555394976559,
          1.260143551388583
        ],
        [
          1.456064411066417,
          1.2789659946616487
        ],
        [
          1.462190581837821,
          1.2975101782637173
        ],
        [
          1.4692192933298902,
          1.3157314276322123
        ],
        [
          1.4771336127609982,
          1.333585846181412
        ],
        [
          1.4859144738424226,
          1.3510304210531696
        ],
        [
          1.4955407227107056,
