{
  "family": "collision_required",
  "workspace": [
    0,
    6,
    0,
    6
  ],
  "start": [
    5.090087017314093,
    2.9838622882335613,
    0.0
  ],
  "goal": [
    0.9538962571664387,
    1.7557789587351598,
    0.0
  ],
  "obstacles": [
    {
      "id": 0,
      "shape_type": "diamond",
      "class_true": "fragile",
      "radius": 0.1993,
      "center": [
        2.7658,
        3.2326
      ],
      "vertices": [
        [
          2.6092035144070147,
          3.3633075690723873
        ],
        [
          2.96189419721212,
          3.4675250448740425
        ],
        [
          2.9224446814886074,
          3.1018807700533086
        ],
        [
          2.569753998683502,
          2.9976632942516535
        ]
      ]
    },
    {
      "id": 1,
      "shape_type": "rectangle",
      "class_true": "movable",
      "radius": 0.3151,
      "center": [
        3.1074,
        2.0822
      ],
      "vertices": [
        [
          2.9418096653124386,
          1.7060191362731967
        ],
        [
          3.518333080133641,
          2.074090803429064
        ],
        [
          3.2729519686963964,
          2.458439746643199
        ],
        [
          2.6964285538751938,
          2.0903680794873316
        ]
      ]
    },
    {
      "id": 2,
      "shape_type": "diamond",
      "class_true": "fragile",
      "radius": 0.1993,
      "center": [
        3.2782,
        1.507
      ],
      "vertices": [
        [
          3.0770509002289224,
          1.5412736928113615
        ],
        [
          3.329499099640954,
          1.8087094918615696
        ],
        [
          3.4792674528365186,
          1.4728204620003837
        ],
        [
          3.226819253424487,
          1.2053846629501757
        ]
      ]
    },
    {
      "id": 3,
      "shape_type": "circle",
      "class_true": "movable",
      "radius": 0.3558,
      "center": [
        3.9768,
        1.2193
      ],
      "vertices": [
        [
          4.332715190834443,
          1.219295345635477
        ],
        [
          4.332286533607759,
          1.2018337860912214
        ],
        [
          4.33100159460051,
          1.1844142929733599
        ],
        [
          4.328863469343314,
          1.1670788313665807
        ],
        [
          4.325877308767192,
          1.1498691639163021
        ],
        [
          4.322050306794528,
          1.1328267502188
        ],
        [
          4.317391683008283,
          1.1159926469414112
        ],
        [
          4.311912660441201,
          1.0994074089134243
        ],
        [
          4.305626438538555,
          1.0831109914259438
        ],
        [
          4.2985481613595145,
          1.0671426539760946
        ],
        [
          4.290694881093789,
          1.0515408656874548
        ],
        [
          4.282085516981405,
          1.0363432126345666
        ],
        [
          4.272740809734599,
          1.0215863072947922
        ],
        [
          4.262683271571629,
          1.0073057003456467
        ],
        [
          4.251937131982867,
          0.9935357950201045
        ],
        [
          4.240528279359831,
          0.9803097642261959
        ],
        [
          4.228484198627788,
          0.9676594706305669
        ],
        [
          4.215833905032159,
          0.9556153898985242
        ],
        [
          4.20260787423825,
          0.9442065372754884
        ],
        [
          4.188837968912709,
          0.9334603976867256
        ],
        [
          4.174557361963563,
          0.9234028595237559
        ],
        [
          4.159800456623788,
          0.9140581522769502
        ],
        [
          4.1446028035709,
          0.9054487881645656
        ],
        [
          4.1290010152822605,
          0.8975955078988402
        ],
        [
          4.113032677832411,
          0.8905172307198004
        ],
        [
          4.096736260344931,
          0.8842310088171541
        ],
        [
          4.080151022316944,
          0.8787519862500728
        ],
        [
          4.063316919039555,
          0.8740933624638265
        ],
        [
          4.046274505342053,
          0.8702663604911633
        ],
        [
          4.029064837891775,
          0.8672801999150412
        ],
        [
          4.011729376284995,
          0.865142074657845
        ],
        [
          3.994309883167134,
          0.8638571356505966
        ],
        [
          3.976848323622878,
          0.8634284784239122
        ],
        [
          3.9593867640786224,
          0.8638571356505966
        ],
        [
          3.941967270960761,
          0.8651420746578449
        ],
        [
          3.9246318093539823,
          0.8672801999150412
        ],
        [
          3.9074221419037034,
          0.8702663604911633
        ],
        [
          3.8903797282062014,
          0.8740933624638265
        ],
        [
          3.8735456249288127,
          0.8787519862500728
        ],
        [
          3.8569603869008255,
          0.8842310088171541
        ],
        [
          3.840663969413345,
          0.8905172307198004
        ],
        [
          3.824695631963496,
          0.8975955078988402
        ],
        [
          3.809093843674856,
          0.9054487881645656
        ],
        [
          3.793896190621968,
          0.9140581522769502
        ],
        [
          3.7791392852821937,
          0.9234028595237558
        ],
        [
          3.7648586783330478,
          0.9334603976867255
        ],
        [
          3.7510887730075058,
          0.9442065372754884
        ],
        [
          3.737862742213597,
          0.9556153898985242
        ],
        [
          3.725212448617968,
          0.9676594706305669
        ],
        [
          3.7131683678859257,
          0.9803097642261958
        ],
        [
          3.7017595152628897,
          0.9935357950201045
        ],
        [
          3.691013375674127,
          1.0073057003456467
        ],
        [
          3.6809558375111573,
          1.0215863072947922
        ],
        [
          3.6716111302643517,
          1.0363432126345666
        ],
        [
          3.663001766151967,
          1.0515408656874548
        ],
        [
          3.6551484858862415,
          1.0671426539760946
        ],
        [
          3.6480702087072014,
          1.0831109914259436
        ],
        [
          3.6417839868045556,
          1.0994074089134243
        ],
        [
          3.6363049642374743,
          1.1159926469414112
        ],
        [
          3.6316463404512276,
          1.1328267502187999
        ],
        [
          3.6278193384785644,
          1.149869163916302
        ],
        [
          3.6248331779024423,
          1.1670788313665807
        ],
        [
          3.622695052645246,
          1.1844142929733599
        ],
        [
          3.621410113637998,
          1.2018337860912214
        ],
        [
          3.6209814564113136,
          1.219295345635477
        ],
        [
          3.621410113637998,
          1.2367569051797325
        ],
        [
          3.622695052645246,
          1.254176398297594
        ],
        [
          3.6248331779024423,
          1.2715118599043729
        ],
        [
          3.6278193384785644,
          1.288721527354652
        ],
        [
          3.6316463404512276,
          1.3057639410521538
        ],
        [
          3.636304964237474,
          1.3225980443295424
        ],
        [
          3.641783986804555,
          1.3391832823575296
        ],
        [
          3.6480702087072014,
          1.35547969984501
        ],
        [
          3.6551484858862415,
          1.3714480372948592
        ],
        [
          3.663001766151967,
          1.387049825583499
        ],
        [
          3.6716111302643513,
          1.402247478636387
        ],
