{
  "family": "collision_required",
  "workspace": [
    0,
    6,
    0,
    6
  ],
  "start": [
    4.099232651979434,
    1.0098354865536519,
    0.0
  ],
  "goal": [
    1.9690622044472166,
    5.325356633003106,
    0.0
  ],
  "obstacles": [
    {
      "id": 0,
      "shape_type": "diamond",
      "class_true": "fragile",
      "radius": 0.1993,
      "center": [
        3.8412,
        3.566
      ],
      "vertices": [
        [
          3.7212945933786212,
          3.7310076197909408
        ],
        [
          4.088763566902043,
          3.7457911747640575
        ],
        [
          3.961075704752835,
          3.4009030626758547
        ],
        [
          3.5936067312294133,
          3.386119507702738
        ]
      ]
    },
    {
      "id": 1,
      "shape_type": "rectangle",
      "class_true": "movable",
      "radius": 0.3151,
      "center": [
        2.7651,
        3.0348
      ],
      "vertices": [
        [
          3.16730954017755,
          2.949936066204252
        ],
        [
          2.6887971137620865,
          3.438691483326135
        ],
        [
          2.3629601690141646,
          3.1196831990491596
        ],
        [
          2.8414725954296283,
          2.6309277819272765
        ]
      ]
    },
    {
      "id": 2,
      "shape_type": "diamond",
      "class_true": "fragile",
      "radius": 0.1993,
      "center": [
        2.2271,
        2.7692
      ],
      "vertices": [
        [
          2.0307475312221084,
          2.713938534390759
        ],
        [
          2.144162341462021,
          3.063780042531581
        ],
        [
          2.423471883499736,
          2.8245350222559606
        ],
        [
          2.3100570732598236,
          2.4746935141151387
        ]
      ]
    },
    {
      "id": 3,
      "shape_type": "circle",
      "class_true": "movable",
      "radius": 0.2852,
      "center": [
        1.5684,
        0.7673
      ],
      "vertices": [
        [
          1.8536478691415326,
          0.767342231247885
        ],
        [
          1.853304220857228,
          0.7533435521049281
        ],
        [
          1.8522741038831312,
          0.7393785970061659
        ],
        [
          1.8505599998612605,
          0.7254810087516173
        ],
        [
          1.8481660382183422,
          0.7116842678486721
        ],
        [
          1.8450979862176606,
          0.6980216118546174
        ],
        [
          1.8413632350652147,
          0.6845259553044503
        ],
        [
          1.8369707821036565,
          0.67122981041688
        ],
        [
          1.8319312091369038,
          0.6581652087695453
        ],
        [
          1.8262566569376477,
          0.6453636241321388
        ],
        [
          1.8199607959991688,
          0.6328558966433382
        ],
        [
          1.8130587936019196,
          0.6206721585142116
        ],
        [
          1.8055672772742195,
          0.6088417614370817
        ],
        [
          1.7975042947350812,
          0.5973932058747273
        ],
        [
          1.7888892704156751,
          0.5863540724002736
        ],
        [
          1.779742958664174,
          0.5757509552531741
        ],
        [
          1.7700873937467092,
          0.5656093982713597
        ],
        [
          1.7599458367648948,
          0.5559538333538949
        ],
        [
          1.7493427196177953,
          0.5468075216023938
        ],
        [
          1.7383035861433416,
          0.5381924972829877
        ],
        [
          1.7268550305809873,
          0.5301295147438494
        ],
        [
          1.7150246335038573,
          0.5226379984161492
        ],
        [
          1.7028408953747307,
          0.5157359960189002
        ],
        [
          1.6903331678859301,
          0.5094401350804211
        ],
        [
          1.6775315832485236,
          0.5037655828811651
        ],
        [
          1.664466981601189,
          0.49872600991441235
        ],
        [
          1.6511708367136186,
          0.49433355695285414
        ],
        [
          1.6376751801634515,
          0.49059880580040827
        ],
        [
          1.6240125241693968,
          0.4875307537997266
        ],
        [
          1.6102157832664517,
          0.4851367921568084
        ],
        [
          1.596318195011903,
          0.4834226881349377
        ],
        [
          1.5823532399131408,
          0.482392571160841
        ],
        [
          1.5683545607701839,
          0.48204892287653645
        ],
        [
          1.554355881627227,
          0.482392571160841
        ],
        [
          1.5403909265284648,
          0.4834226881349377
        ],
        [
          1.526493338273916,
          0.4851367921568084
        ],
        [
          1.512696597370971,
          0.4875307537997266
        ],
        [
          1.4990339413769163,
          0.49059880580040827
        ],
        [
          1.485538284826749,
          0.4943335569528541
        ],
        [
          1.472242139939179,
          0.49872600991441235
        ],
        [
          1.4591775382918442,
          0.5037655828811651
        ],
        [
          1.4463759536544376,
          0.5094401350804211
        ],
        [
          1.433868226165637,
          0.5157359960189001
        ],
        [
          1.4216844880365105,
          0.5226379984161492
        ],
        [
          1.4098540909593806,
          0.5301295147438493
        ],
        [
          1.3984055353970262,
          0.5381924972829877
        ],
        [
          1.3873664019225724,
          0.5468075216023938
        ],
        [
          1.376763284775473,
          0.5559538333538949
        ],
        [
          1.3666217277936585,
          0.5656093982713596
        ],
        [
          1.3569661628761938,
          0.575750955253174
        ],
        [
          1.3478198511246926,
          0.5863540724002736
        ],
        [
          1.3392048268052865,
          0.5973932058747273
        ],
        [
          1.3311418442661482,
          0.6088417614370817
        ],
        [
          1.3236503279384482,
          0.6206721585142116
        ],
        [
          1.316748325541199,
          0.6328558966433382
        ],
        [
          1.31045246460272,
          0.6453636241321388
        ],
        [
          1.304777912403464,
          0.6581652087695453
        ],
        [
          1.2997383394367112,
          0.6712298104168799
        ],
        [
          1.295345886475153,
          0.6845259553044503
        ],
        [
          1.291611135322707,
          0.6980216118546174
        ],
        [
          1.2885430833220255,
          0.711684267848672
        ],
        [
          1.2861491216791072,
          0.7254810087516173
        ],
        [
          1.2844350176572366,
          0.7393785970061659
        ],
        [
          1.2834049006831398,
          0.7533435521049281
        ],
        [
          1.2830612523988352,
          0.767342231247885
        ],
        [
          1.2834049006831398,
          0.781340910390842
        ],
        [
          1.2844350176572366,
          0.7953058654896041
        ],
        [
          1.2861491216791072,
          0.8092034537441528
        ],
        [
          1.2885430833220255,
          0.8230001946470981
        ],
        [
          1.291611135322707,
          0.8366628506411526
        ],
        [
          1.295345886475153,
          0.8501585071913197
        ],
        [
          1.2997383394367112,
          0.86345465207889
        ],
        [
          1.304777912403464,
          0.8765192537262246
        ],
        [
          1.31045246460272,
          0.8893208383636312
        ],
        [
          1.316748325541199,
          0.9018285658524319
        ],
        [
          1.323650327938448,
