{
  "family": "collision_required",
  "workspace": [
    0,
    6,
    0,
    6
  ],
  "start": [
    4.3529859433165425,
    1.4116547431055089,
    0.0
  ],
  "goal": [
    2.2062540362322087,
    4.965796414691061,
    0.0
  ],
  "obstacles": [
    {
      "id": 0,
      "shape_type": "diamond",
      "class_true": "fragile",
      "radius": 0.1993,
      "center": [
        4.05,
        3.654
      ],
      "vertices": [
        [
          3.9352635865503025,
          3.822717730291174
        ],
        [
          4.303013875891049,
          3.8261418637285938
        ],
        [
          4.164732195471457,
          3.485363083784282
        ],
        [
          3.79698190613071,
          3.4819389503468625
        ]
      ]
    },
    {
      "id": 1,
      "shape_type": "rectangle",
      "class_true": "movable",
      "radius": 0.3151,
      "center": [
        3.0228,
        3.0336
      ],
      "vertices": [
        [
          3.240875542780893,
          2.685191320176629
        ],
        [
          3.26058972974749,
          3.3689071608825802
        ],
        [
          2.8047791692768556,
          3.382049952193645
        ],
        [
          2.7850649823102587,
          2.6983341114876938
        ]
      ]
    },
    {
      "id": 2,
      "shape_type": "trapezoid",
      "class_true": "safe",
      "radius": 0.2552,
      "center": [
        2.1414,
        2.5031
      ],
      "vertices": [
        [
          2.4772941084492976,
          2.374045081885736
        ],
        [
          2.1291880025150824,
          2.862739402510927
        ],
        [
          1.849136041225141,
          2.4975053693518348
        ],
        [
          2.0405943994889593,
          2.22872349300798
        ]
      ]
    },
    {
      "id": 3,
      "shape_type": "circle",
      "class_true": "movable",
      "radius": 0.2506,
      "center": [
        1.5365,
        3.9368
      ],
      "vertices": [
        [
          1.7871615288455749,
          3.9367536153207636
        ],
        [
          1.7868595672120569,
          3.924453062068599
        ],
        [
          1.7859544097635263,
          3.9121821419266203
        ],
        [
          1.7844482371035595,
          3.8999704166162545
        ],
        [
          1.7823446777340193,
          3.8878473052533957
        ],
        [
          1.779648799313677,
          3.875842013475176
        ],
        [
          1.776367096449778,
          3.863983463081029
        ],
        [
          1.772507475051965,
          3.8523002223575395
        ],
        [
          1.768079233286248,
          3.8408204372549424
        ],
        [
          1.7630930391749091,
          3.8295717635810593
        ],
        [
          1.7575609048963012,
          3.818581300376039
        ],
        [
          1.7514961578464594,
          3.807875524628393
        ],
        [
          1.744913408532236,
          3.7974802274896122
        ],
        [
          1.7378285153733093,
          3.7874204521410246
        ],
        [
          1.7302585464978626,
          3.7777204334625774
        ],
        [
          1.7222217386239682,
          3.768403539648888
        ],
        [
          1.7137374531257352,
          3.7594922159132174
        ],
        [
          1.7048261293900644,
          3.7510079304149846
        ],
        [
          1.6955092355763752,
          3.74297112254109
        ],
        [
          1.685809216897928,
          3.7354011536656433
        ],
        [
          1.6757494415493404,
          3.7283162605067166
        ],
        [
          1.6653541444105597,
          3.721733511192493
        ],
        [
          1.6546483686629134,
          3.7156687641426513
        ],
        [
          1.643657905457893,
          3.7101366298640435
        ],
        [
          1.6324092317840104,
          3.7051504357527043
        ],
        [
          1.620929446681413,
          3.7007221939869877
        ],
        [
          1.6092462059579238,
          3.6968625725891746
        ],
        [
          1.5973876555637765,
          3.6935808697252757
        ],
        [
          1.5853823637855569,
          3.6908849913049333
        ],
        [
          1.573259252422698,
          3.688781431935393
        ],
        [
          1.5610475271123325,
          3.687275259275426
        ],
        [
          1.5487766069703537,
          3.686370101826896
        ],
        [
          1.536476053718189,
          3.6860681401933775
        ],
        [
          1.5241755004660242,
          3.686370101826896
        ],
        [
          1.5119045803240454,
          3.687275259275426
        ],
        [
          1.4996928550136799,
          3.688781431935393
        ],
        [
          1.487569743650821,
          3.6908849913049333
        ],
        [
          1.4755644518726014,
          3.6935808697252757
        ],
        [
          1.4637059014784541,
          3.6968625725891746
        ],
        [
          1.4520226607549649,
          3.7007221939869877
        ],
        [
          1.4405428756523675,
          3.7051504357527043
        ],
        [
          1.429294201978485,
          3.7101366298640435
        ],
        [
          1.4183037387734645,
          3.7156687641426513
        ],
        [
          1.4075979630258182,
          3.721733511192493
        ],
        [
          1.3972026658870376,
          3.7283162605067166
        ],
        [
          1.38714289053845,
          3.7354011536656433
        ],
        [
          1.3774428718600027,
          3.74297112254109
        ],
        [
          1.3681259780463133,
          3.7510079304149846
        ],
        [
          1.3592146543106427,
          3.7594922159132174
        ],
        [
          1.3507303688124097,
          3.768403539648888
        ],
        [
          1.3426935609385153,
          3.7777204334625774
        ],
        [
          1.3351235920630686,
          3.7874204521410246
        ],
        [
          1.328038698904142,
          3.7974802274896122
        ],
        [
          1.3214559495899185,
          3.807875524628393
        ],
        [
          1.3153912025400767,
          3.818581300376039
        ],
        [
          1.3098590682614688,
          3.8295717635810593
        ],
        [
          1.3048728741501299,
          3.8408204372549424
        ],
        [
          1.300444632384413,
          3.8523002223575395
        ],
        [
          1.2965850109866,
          3.863983463081029
        ],
        [
          1.293303308122701,
          3.875842013475176
        ],
        [
          1.2906074297023586,
          3.8878473052533957
        ],
        [
          1.2885038703328184,
          3.8999704166162545
        ],
        [
          1.2869976976728517,
          3.91218214192662
        ],
        [
          1.286092540224321,
          3.924453062068599
        ],
        [
          1.285790578590803,
          3.9367536153207636
        ],
        [
          1.286092540224321,
          3.9490541685729283
        ],
        [
          1.2869976976728517,
          3.961325088714907
        ],
        [
          1.2885038703328184,
          3.9735368140252727
        ],
        [
          1.2906074297023586,
          3.9856599253881315
        ],
        [
          1.293303308122701,
          3.997665217166351
        ],
        [
          1.2965850109866,
          4.009523767560498
        ],
        [
          1.300444632384413,
          4.021207008283987
        ],
        [
          1.3048728741501299,
          4.032686793386585
        ],
        [
          1.3098590682614688,
          4.043935467060468
        ],
        [
          1.3153912025400767,
          4.0549259302654885
        ],
        [
          1.3214559495899185,
          4.065631706013134
        ],
        [
