{
  "algorithm": "d_star_lite",
  "scene_file": "/Users/ishita/Documents/GitHub/BEACON-semantics/data/complex/scenes/collision_required/000.json",
  "scene_family": "collision_required",
  "workspace": [
    0,
    6,
    0,
    6
  ],
  "planning_mode": "collision_free",
  "grid_step": 0.15,
  "robot_radius": 0.12,
  "start": [
    4.437058883921554,
    0.9980255907475062,
    0.0
  ],
  "goal": [
    0.8879395393022936,
    4.535281491822891,
    0.0
  ],
  "success": true,
  "summary": {
    "success": true,
    "grid_start": [
      30,
      7
    ],
    "grid_goal": [
      6,
      30
    ],
    "num_waypoints": 32,
    "path_length": 5.6678
  },
  "path": [
    [
      4.437058883921554,
      0.9980255907475062,
      0.0
    ],
    [
      4.35,
      1.2,
      0.0
    ],
    [
      4.2,
      1.2,
      0.0
    ],
    [
      4.05,
      1.2,
      0.0
    ],
    [
      3.9,
      1.35,
      0.0
    ],
    [
      3.75,
      1.5,
      0.0
    ],
    [
      3.6,
      1.65,
      0.0
    ],
    [
      3.45,
      1.8,
      0.0
    ],
    [
      3.3,
      1.95,
      0.0
    ],
    [
      3.15,
      2.1,
      0.0
    ],
    [
      3.0,
      2.25,
      0.0
    ],
    [
      2.85,
      2.4,
      0.0
    ],
    [
      2.7,
      2.55,
      0.0
    ],
    [
      2.55,
      2.55,
      0.0
    ],
    [
      2.4,
      2.7,
      0.0
    ],
    [
      2.25,
      2.85,
      0.0
    ],
    [
      2.1,
      3.0,
      0.0
    ],
    [
      1.95,
      3.15,
      0.0
    ],
    [
      1.95,
      3.3,
      0.0
    ],
    [
      1.95,
      3.45,
      0.0
    ],
    [
      1.95,
      3.6,
      0.0
    ],
    [
      1.95,
      3.75,
      0.0
    ],
    [
      1.95,
      3.9,
      0.0
    ],
    [
      1.95,
      4.05,
      0.0
    ],
    [
      1.95,
      4.2,
      0.0
    ],
    [
      1.8,
      4.35,
      0.0
    ],
    [
      1.65,
      4.5,
      0.0
    ],
    [
      1.5,
      4.5,
      0.0
    ],
    [
      1.35,
      4.5,
      0.0
    ],
    [
      1.2,
      4.5,
      0.0
    ],
    [
      1.05,
      4.5,
      0.0
    ],
    [
      0.8879395393022936,
      4.535281491822891,
      0.0
    ]
  ]
}