{
  "algorithm": "d_star_lite",
  "scene_file": "/Users/ishita/Documents/GitHub/BEACON-semantics/data/complex/scenes/collision_required/001.json",
  "scene_family": "collision_required",
  "workspace": [
    0,
    6,
    0,
    6
  ],
  "planning_mode": "collision_free",
  "grid_step": 0.15,
  "robot_radius": 0.12,
  "start": [
    0.7560439162199263,
    1.204024001184618,
    0.0
  ],
  "goal": [
    2.6682470687694786,
    5.448209565720362,
    0.0
  ],
  "success": true,
  "summary": {
    "success": true,
    "grid_start": [
      5,
      8
    ],
    "grid_goal": [
      18,
      36
    ],
    "num_waypoints": 29,
    "path_length": 5.0513
  },
  "path": [
    [
      0.7560439162199263,
      1.204024001184618,
      0.0
    ],
    [
      0.9,
      1.35,
      0.0
    ],
    [
      1.05,
      1.5,
      0.0
    ],
    [
      1.2,
      1.65,
      0.0
    ],
    [
      1.35,
      1.8,
      0.0
    ],
    [
      1.5,
      1.95,
      0.0
    ],
    [
      1.65,
      2.1,
      0.0
    ],
    [
      1.8,
      2.25,
      0.0
    ],
    [
      1.95,
      2.4,
      0.0
    ],
    [
      2.1,
      2.55,
      0.0
    ],
    [
      2.1,
      2.7,
      0.0
    ],
    [
      2.1,
      2.85,
      0.0
    ],
    [
      2.1,
      3.0,
      0.0
    ],
    [
      2.25,
      3.15,
      0.0
    ],
    [
      2.4,
      3.3,
      0.0
    ],
    [
      2.4,
      3.45,
      0.0
    ],
    [
      2.4,
      3.6,
      0.0
    ],
    [
      2.4,
      3.75,
      0.0
    ],
    [
      2.4,
      3.9,
      0.0
    ],
    [
      2.4,
      4.05,
      0.0
    ],
    [
      2.4,
      4.2,
      0.0
    ],
    [
      2.55,
      4.35,
      0.0
    ],
    [
      2.7,
      4.5,
      0.0
    ],
    [
      2.7,
      4.65,
      0.0
    ],
    [
      2.7,
      4.8,
      0.0
    ],
    [
      2.7,
      4.95,
      0.0
    ],
    [
      2.7,
      5.1,
      0.0
    ],
    [
      2.7,
      5.25,
      0.0
    ],
    [
      2.6682470687694786,
      5.448209565720362,
      0.0
    ]
  ]
}