{
  "family": "collision_shortcut",
  "workspace": [
    0,
    6,
    0,
    6
  ],
  "start": [
    0.8098634478988904,
    1.498570109003225,
    0.0
  ],
  "goal": [
    4.8314228655140266,
    4.720081833171831,
    0.0
  ],
  "obstacles": [
    {
      "id": 0,
      "shape": "trapezoid",
      "shape_type": "trapezoid",
      "class_true": "movable",
      "center": [
        2.2194,
        2.6127
      ],
      "position": [
        2.2194,
        2.6127
      ],
      "size": {
        "area": 0.0857,
        "width": 0.3129,
        "height": 0.3696
      },
      "material": {
        "name": "movable",
        "density": 0.8,
        "mass": 0.0686,
        "friction": 0.55,
        "fragility": 0.2,
        "pushable": true
      },
      "movable": true,
      "vertices": [
        [
          2.0853219245812995,
          2.4368588810851186
        ],
        [
          2.3982074221310787,
          2.482673336848424
        ],
        [
          2.288734211681057,
          2.8064423782518158
        ],
        [
          2.097373417863316,
          2.7784222536635896
        ]
      ]
    },
    {
      "id": 1,
      "shape": "pentagon",
      "shape_type": "pentagon",
      "class_true": "movable",
      "center": [
        2.8206,
        3.1093
      ],
      "position": [
        2.8206,
        3.1093
      ],
      "size": {
        "area": 0.1685,
        "width": 0.5039,
        "height": 0.4946
      },
      "material": {
        "name": "movable",
        "density": 0.8,
        "mass": 0.1348,
        "friction": 0.55,
        "fragility": 0.2,
        "pushable": true
      },
      "movable": true,
      "vertices": [
        [
          3.080665086132792,
          3.1664265016029987
        ],
        [
          2.8466885201787098,
          3.374266555765187
        ],
        [
          2.576718147155321,
          3.21596772690212
        ],
        [
          2.6438438466254612,
          2.910293616123253
        ],
        [
          2.955300183440008,
          2.8796754550440804
        ]
      ]
    },
    {
      "id": 2,
      "shape": "pentagon",
      "shape_type": "pentagon",
      "class_true": "movable",
      "center": [
        3.4239,
        3.5926
      ],
      "position": [
        3.4239,
        3.5926
      ],
      "size": {
        "area": 0.0994,
        "width": 0.3832,
        "height": 0.385
      },
      "material": {
        "name": "movable",
        "density": 0.8,
        "mass": 0.0795,
        "friction": 0.55,
        "fragility": 0.2,
        "pushable": true
      },
      "movable": true,
      "vertices": [
        [
          3.388927310401703,
          3.794037338855172
        ],
        [
          3.221453749426773,
          3.6215757020532853
        ],
        [
          3.333722336468393,
          3.409005303931422
        ],
        [
          3.5705817001039697,
          3.4500912096919
        ],
        [
          3.604700250342807,
          3.6880540940323137
        ]
      ]
    },
    {
      "id": 3,
      "shape": "parallelogram",
      "shape_type": "parallelogram",
      "class_true": "safe",
      "center": [
        2.0368,
        0.6281
      ],
      "position": [
        2.0368,
        0.6281
      ],
      "size": {
        "area": 0.073,
        "width": 0.4425,
        "height": 0.305
      },
      "material": {
        "name": "safe",
        "density": 1.0,
        "mass": 0.073,
        "friction": 0.9,
        "fragility": 0.05,
        "pushable": false
      },
      "movable": false,
      "vertices": [
        [
          2.2580166112718176,
          0.5518593207521997
        ],
        [
          2.073024323778784,
          0.780661433238462
        ],
        [
          1.8155407431743198,
          0.704427256736979
        ],
        [
          2.0005330306673534,
          0.47562514425071667
        ]
      ]
    },
    {
      "id": 4,
      "shape": "triangle",
      "shape_type": "triangle",
      "class_true": "movable",
      "center": [
        0.3189,
        3.8809
      ],
      "position": [
        0.3189,
        3.8809
      ],
      "size": {
        "area": 0.0356,
        "width": 0.249,
        "height": 0.2952
      },
      "material": {
        "name": "movable",
        "density": 0.8,
        "mass": 0.0285,
        "friction": 0.55,
        "fragility": 0.2,
        "pushable": true
      },
      "movable": true,
      "vertices": [
        [
          0.40780779630481745,
          3.7381141557360498
        ],
        [
          0.390007253962961,
          4.033298090986962
        ],
        [
          0.15878928771740347,
          3.871226220013951
        ]
      ]
    },
    {
      "id": 5,
      "shape": "parallelogram",
      "shape_type": "parallelogram",
      "class_true": "safe",
      "center": [
        1.8867,
        4.3306
      ],
      "position": [
        1.8867,
        4.3306
      ],
      "size": {
        "area": 0.079,
        "width": 0.5862,
        "height": 0.2512
      },
      "material": {
        "name": "safe",
        "density": 1.0,
        "mass": 0.079,
        "friction": 0.9,
        "fragility": 0.05,
        "pushable": false
      },
      "movable": false,
      "vertices": [
        [
          1.5935707997907977,
          4.205052053639906
        ],
        [
          1.9181190930769727,
          4.209313638130914
        ],
        [
          2.17974172670658,
          4.456236774981079
        ],
        [
          1.855193433420405,
          4.451975190490071
        ]
      ]
    },
    {
      "id": 6,
      "shape": "hexagon",
      "shape_type": "hexagon",
      "class_true": "movable",
      "center": [
        5.2228,
        1.6201
      ],
      "position": [
        5.2228,
        1.6201
      ],
      "size": {
        "area": 0.0424,
        "width": 0.2457,
        "height": 0.2481
      },
      "material": {
        "name": "movable",
        "density": 0.8,
        "mass": 0.0339,
        "friction": 0.55,
        "fragility": 0.2,
        "pushable": true
      },
      "movable": true,
      "vertices": [
        [
          5.191919391674115,
          1.7441206107757457
        ],
        [
          5.099965732574043,
          1.6553372456051034
        ],
        [
          5.130877552695254,
          1.5313113582681859
        ],
        [
          5.253743031916536,
          1.496068836101911
        ],
        [
          5.345696691016608,
          1.5848522012725532
        ],
        [
          5.314784870895397,
          1.7088780886094708
        ]
      ]
    },
    {
      "id": 7,
      "shape": "trapezoid",
      "shape_type": "trapezoid",
      "class_true": "movable",
      "center": [
        2.5138,
        1.468
      ],
      "position": [
        2.5138,
        1.468
      ],
      "size": {
        "area": 0.0956,
        "width": 0.2678,
        "height": 0.4218
      },
      "material": {
        "name": "movable",
        "density": 0.8,
        "mass": 0.0765,
        "friction": 0.55,
        "fragility": 0.2,
        "pushable": true
      },
      "movable": true,
      "vertices": [
        [
          2.6415501680613027,
          1.2593705061615543
        ],
        [
          2.6337725276485724,
          1.6811993175564732
        ],
        [
          2.373786753537666,
          1.6205156177272364
        ],
        [
          2.3795041011911646,
          1.3104290314330842
        ]
      ]
    },
    {
      "id": 8,
      "shape": "trapezoid",
      "shape_type": "trapezoid",
      "class_true": "safe",
      "center": [
        5.2024,
        3.4204
      ],
      "position": [
        5.2024,
        3.4204
      ],
      "size": {
        "area": 0.0731,
        "width": 0.3965,
        "height": 0.3752
      },
      "material": {
        "name": "safe",
        "density": 1.0,
        "mass": 0.0731,
        "friction": 0.9,