{
  "family": "collision_shortcut",
  "workspace": [
    0,
    6,
    0,
    6
  ],
  "start": [
    5.340019305578633,
    2.3756176357018854,
    0.0
  ],
  "goal": [
    0.939327242145649,
    1.2461236968956926,
    0.0
  ],
  "obstacles": [
    {
      "id": 0,
      "shape": "trapezoid",
      "shape_type": "trapezoid",
      "class_true": "movable",
      "center": [
        3.8074,
        1.9859
      ],
      "position": [
        3.8074,
        1.9859
      ],
      "size": {
        "area": 0.1023,
        "width": 0.4498,
        "height": 0.4979
      },
      "material": {
        "name": "movable",
        "density": 0.8,
        "mass": 0.0818,
        "friction": 0.55,
        "fragility": 0.2,
        "pushable": true
      },
      "movable": true,
      "vertices": [
        [
          4.058322969563202,
          1.8197036637177801
        ],
        [
          3.7239354004456016,
          2.275054852237616
        ],
        [
          3.608505559978059,
          2.049275205027716
        ],
        [
          3.808344403521493,
          1.7771453074957604
        ]
      ]
    },
    {
      "id": 1,
      "shape": "hexagon",
      "shape_type": "hexagon",
      "class_true": "movable",
      "center": [
        3.1397,
        1.8109
      ],
      "position": [
        3.1397,
        1.8109
      ],
      "size": {
        "area": 0.1091,
        "width": 0.384,
        "height": 0.4042
      },
      "material": {
        "name": "movable",
        "density": 0.8,
        "mass": 0.0873,
        "friction": 0.55,
        "fragility": 0.2,
        "pushable": true
      },
      "movable": true,
      "vertices": [
        [
          2.9815733521118215,
          1.941269566249268
        ],
        [
          2.947694553004321,
          1.7391515677019196
        ],
        [
          3.105794474754641,
          1.6087526677514408
        ],
        [
          3.2977731956124607,
          1.68047176634831
        ],
        [
          3.3316519947199614,
          1.8825897648956582
        ],
        [
          3.1735520729696414,
          2.0129886648461373
        ]
      ]
    },
    {
      "id": 2,
      "shape": "rectangle",
      "shape_type": "rectangle",
      "class_true": "movable",
      "center": [
        2.4796,
        1.6414
      ],
      "position": [
        2.4796,
        1.6414
      ],
      "size": {
        "area": 0.1335,
        "width": 0.2212,
        "height": 0.6113
      },
      "material": {
        "name": "movable",
        "density": 0.8,
        "mass": 0.1068,
        "friction": 0.55,
        "fragility": 0.2,
        "pushable": true
      },
      "movable": true,
      "vertices": [
        [
          2.5876603858197527,
          1.335816583774254
        ],
        [
          2.590150585292736,
          1.946184421542245
        ],
        [
          2.371478542874634,
          1.9470765671814665
        ],
        [
          2.3689883434016505,
          1.3367087294134754
        ]
      ]
    },
    {
      "id": 3,
      "shape": "parallelogram",
      "shape_type": "parallelogram",
      "class_true": "safe",
      "center": [
        2.0832,
        0.4307
      ],
      "position": [
        2.0832,
        0.4307
      ],
      "size": {
        "area": 0.1143,
        "width": 0.5678,
        "height": 0.4202
      },
      "material": {
        "name": "safe",
        "density": 1.0,
        "mass": 0.1143,
        "friction": 0.9,
        "fragility": 0.05,
        "pushable": false
      },
      "movable": false,
      "vertices": [
        [
          2.367081514642746,
          0.48532307706538225
        ],
        [
          2.1292344404193577,
          0.640860624415198
        ],
        [
          1.7992861348464302,
          0.376159183701694
        ],
        [
          2.037133209069818,
          0.22062163635187826
        ]
      ]
    },
    {
      "id": 4,
      "shape": "pentagon",
      "shape_type": "pentagon",
      "class_true": "safe",
      "center": [
        3.902,
        3.4081
      ],
      "position": [
        3.902,
        3.4081
      ],
      "size": {
        "area": 0.0474,
        "width": 0.2618,
        "height": 0.2675
      },
      "material": {
        "name": "safe",
        "density": 1.0,
        "mass": 0.0474,
        "friction": 0.9,
        "fragility": 0.05,
        "pushable": false
      },
      "movable": false,
      "vertices": [
        [
          4.023155921598465,
          3.4805220192465813
        ],
        [
          3.870525018151812,
          3.54568572768025
        ],
        [
          3.7613851055881957,
          3.420661805691792
        ],
        [
          3.8465638335413432,
          3.2782290640624403
        ],
        [
          4.008347095098484,
          3.3152247106131276
        ]
      ]
    },
    {
      "id": 5,
      "shape": "rectangle",
      "shape_type": "rectangle",
      "class_true": "safe",
      "center": [
        1.6443,
        4.5742
      ],
      "position": [
        1.6443,
        4.5742
      ],
      "size": {
        "area": 0.0803,
        "width": 0.3743,
        "height": 0.3383
      },
      "material": {
        "name": "safe",
        "density": 1.0,
        "mass": 0.0803,
        "friction": 0.9,
        "fragility": 0.05,
        "pushable": false
      },
      "movable": false,
      "vertices": [
        [
          1.7549882925991096,
          4.405071858957361
        ],
        [
          1.8314049111119353,
          4.6507328318766925
        ],
        [
          1.5335500178575698,
          4.7433851709092805
        ],
        [
          1.4571333993447442,
          4.497724197989949
        ]
      ]
    },
    {
      "id": 6,
      "shape": "trapezoid",
      "shape_type": "trapezoid",
      "class_true": "movable",
      "center": [
        4.7833,
        2.2816
      ],
      "position": [
        4.7833,
        2.2816
      ],
      "size": {
        "area": 0.0657,
        "width": 0.2192,
        "height": 0.3726
      },
      "material": {
        "name": "movable",
        "density": 0.8,
        "mass": 0.0526,
        "friction": 0.55,
        "fragility": 0.2,
        "pushable": true
      },
      "movable": true,
      "vertices": [
        [
          4.883333588927473,
          2.095023424182063
        ],
        [
          4.884364510096316,
          2.467631111360468
        ],
        [
          4.665751315571743,
          2.396596353297319
        ],
        [
          4.665116812560729,
          2.1672667919429527
        ]
      ]
    },
    {
      "id": 7,
      "shape": "parallelogram",
      "shape_type": "parallelogram",
      "class_true": "movable",
      "center": [
        3.6646,
        4.9326
      ],
      "position": [
        3.6646,
        4.9326
      ],
      "size": {
        "area": 0.0696,
        "width": 0.5031,
        "height": 0.2382
      },
      "material": {
        "name": "movable",
        "density": 0.8,
        "mass": 0.0557,
        "friction": 0.55,
        "fragility": 0.2,
        "pushable": true
      },
      "movable": true,
      "vertices": [
        [
          3.916197062482815,
          4.895464659139574
        ],
        [
          3.794535934258576,
          5.051680335877671
        ],
        [
          3.413096225527665,
          4.969696613894992
        ],
        [
          3.5347573537519037,
          4.813480937156894
        ]
      ]
    },
    {
      "id": 8,
      "shape": "trapezoid",
      "shape_type": "trapezoid",
      "class_true": "fragile",
      "center": [
        0.8964,
        3.1357
      ],
      "position": [
        0.8964,
        3.1357
      ],
      "size": {
        "area": 0.0249,
        "width": 0.2163,
        "height": 0.203
      },
      "material": {
        "name": "fragile",
        "density": 0.35,
        "mass": 0.0087,
        "friction": 0.75,