{
  "family": "collision_shortcut",
  "workspace": [
    0,
    6,
    0,
    6
  ],
  "start": [
    5.12812866013101,
    4.131628763701807,
    0.0
  ],
  "goal": [
    0.7860800227347076,
    5.123010186954547,
    0.0
  ],
  "obstacles": [
    {
      "id": 0,
      "shape": "triangle",
      "shape_type": "triangle",
      "class_true": "movable",
      "center": [
        3.6188,
        4.4083
      ],
      "position": [
        3.6188,
        4.4083
      ],
      "size": {
        "area": 0.1007,
        "width": 0.4668,
        "height": 0.4566
      },
      "material": {
        "name": "movable",
        "density": 0.8,
        "mass": 0.0806,
        "friction": 0.55,
        "fragility": 0.2,
        "pushable": true
      },
      "movable": true,
      "vertices": [
        [
          3.406289795007128,
          4.23299373404353
        ],
        [
          3.87311493091699,
          4.302221030661899
        ],
        [
          3.5771209111225493,
          4.689617141327817
        ]
      ]
    },
    {
      "id": 1,
      "shape": "triangle",
      "shape_type": "triangle",
      "class_true": "movable",
      "center": [
        3.0058,
        4.6401
      ],
      "position": [
        3.0058,
        4.6401
      ],
      "size": {
        "area": 0.0755,
        "width": 0.3556,
        "height": 0.4833
      },
      "material": {
        "name": "movable",
        "density": 0.8,
        "mass": 0.0604,
        "friction": 0.55,
        "fragility": 0.2,
        "pushable": true
      },
      "movable": true,
      "vertices": [
        [
          3.16651070928286,
          4.423937138486436
        ],
        [
          3.0400965242232747,
          4.907190337389627
        ],
        [
          2.81090506611265,
          4.589075212718321
        ]
      ]
    },
    {
      "id": 2,
      "shape": "hexagon",
      "shape_type": "hexagon",
      "class_true": "movable",
      "center": [
        2.3058,
        4.776
      ],
      "position": [
        2.3058,
        4.776
      ],
      "size": {
        "area": 0.2033,
        "width": 0.54,
        "height": 0.5409
      },
      "material": {
        "name": "movable",
        "density": 0.8,
        "mass": 0.1626,
        "friction": 0.55,
        "fragility": 0.2,
        "pushable": true
      },
      "movable": true,
      "vertices": [
        [
          2.2342387644184822,
          5.046479134635082
        ],
        [
          2.0357992165260637,
          4.8492816221777595
        ],
        [
          2.1073574979309946,
          4.578829176358765
        ],
        [
          2.3773553272283436,
          4.505574242997093
        ],
        [
          2.5757948751207627,
          4.702771755454416
        ],
        [
          2.5042365937158317,
          4.9732242012734105
        ]
      ]
    },
    {
      "id": 3,
      "shape": "parallelogram",
      "shape_type": "parallelogram",
      "class_true": "fragile",
      "center": [
        0.8913,
        3.2422
      ],
      "position": [
        0.8913,
        3.2422
      ],
      "size": {
        "area": 0.151,
        "width": 0.4869,
        "height": 0.5991
      },
      "material": {
        "name": "fragile",
        "density": 0.35,
        "mass": 0.0528,
        "friction": 0.75,
        "fragility": 0.95,
        "pushable": false
      },
      "movable": false,
      "vertices": [
        [
          0.7872052708266286,
          2.9426132432264493
        ],
        [
          1.1347583388614615,
          3.2176511806428394
        ],
        [
          0.9953904630897297,
          3.5417038329020523
        ],
        [
          0.6478373950548968,
          3.2666658954856627
        ]
      ]
    },
    {
      "id": 4,
      "shape": "trapezoid",
      "shape_type": "trapezoid",
      "class_true": "fragile",
      "center": [
        0.4353,
        4.4003
      ],
      "position": [
        0.4353,
        4.4003
      ],
      "size": {
        "area": 0.0446,
        "width": 0.3015,
        "height": 0.3059
      },
      "material": {
        "name": "fragile",
        "density": 0.35,
        "mass": 0.0156,
        "friction": 0.75,
        "fragility": 0.95,
        "pushable": false
      },
      "movable": false,
      "vertices": [
        [
          0.6074531211348049,
          4.32898625552681
        ],
        [
          0.377761233178913,
          4.5775718993018115
        ],
        [
          0.3059638784070922,
          4.397036987015443
        ],
        [
          0.42181710606793404,
          4.271654025354155
        ]
      ]
    },
    {
      "id": 5,
      "shape": "parallelogram",
      "shape_type": "parallelogram",
      "class_true": "safe",
      "center": [
        4.6491,
        1.1283
      ],
      "position": [
        4.6491,
        1.1283
      ],
      "size": {
        "area": 0.0847,
        "width": 0.2646,
        "height": 0.5296
      },
      "material": {
        "name": "safe",
        "density": 1.0,
        "mass": 0.0847,
        "friction": 0.9,
        "fragility": 0.05,
        "pushable": false
      },
      "movable": false,
      "vertices": [
        [
          4.516813500855882,
          0.863505648391531
        ],
        [
          4.768157765654466,
          1.0463921765029314
        ],
        [
          4.7814220234148985,
          1.3931253435300963
        ],
        [
          4.530077758616315,
          1.210238815418696
        ]
      ]
    },
    {
      "id": 6,
      "shape": "hexagon",
      "shape_type": "hexagon",
      "class_true": "movable",
      "center": [
        1.4661,
        0.9251
      ],
      "position": [
        1.4661,
        0.9251
      ],
      "size": {
        "area": 0.1124,
        "width": 0.4145,
        "height": 0.3762
      },
      "material": {
        "name": "movable",
        "density": 0.8,
        "mass": 0.0899,
        "friction": 0.55,
        "fragility": 0.2,
        "pushable": true
      },
      "movable": true,
      "vertices": [
        [
          1.673360166101522,
          0.9422931929616556
        ],
        [
          1.5548411351287028,
          1.1131728324133057
        ],
        [
          1.3475955108876385,
          1.0959721604847545
        ],
        [
          1.2588689176193935,
          0.9078918491045533
        ],
        [
          1.3773879485922127,
          0.7370122096529033
        ],
        [
          1.584633572833277,
          0.7542128815814543
        ]
      ]
    },
    {
      "id": 7,
      "shape": "parallelogram",
      "shape_type": "parallelogram",
      "class_true": "safe",
      "center": [
        4.2521,
        4.8144
      ],
      "position": [
        4.2521,
        4.8144
      ],
      "size": {
        "area": 0.0642,
        "width": 0.2463,
        "height": 0.4008
      },
      "material": {
        "name": "safe",
        "density": 1.0,
        "mass": 0.0642,
        "friction": 0.9,
        "fragility": 0.05,
        "pushable": false
      },
      "movable": false,
      "vertices": [
        [
          4.128944495783256,
          4.613982234338656
        ],
        [
          4.327050175110628,
          4.675693148431648
        ],
        [
          4.375268650540195,
          5.0147866591986405
        ],
        [
          4.177162971212823,
          4.9530757451056475
        ]
      ]
    },
    {
      "id": 8,
      "shape": "triangle",
      "shape_type": "triangle",
      "class_true": "movable",
      "center": [
        2.6955,
        3.8976
      ],
      "position": [
        2.6955,
        3.8976
      ],
      "size": {
        "area": 0.0368,
        "width": 0.287,
        "height": 0.2741
      },
      "material": {
        "name": "movable",
        "density": 0.8,
        "mass": 0.0294,
        "friction": 0.55,
        "fragility": 0.2,
        "pushable": true
      },