{
  "algorithm": "semantic_dstar_lite",
  "scene_file": "/Users/ishita/Documents/GitHub/BEACON-semantics/data/complex/scenes/cluttered_044.json",
  "scene_family": "cluttered",
  "workspace": [
    0,
    6,
    0,
    6
  ],
  "start": [
    5.036288696513319,
    5.358723039288537,
    0.0
  ],
  "goal": [
    2.8523485031216915,
    1.2048500284026107,
    0.0
  ],
  "success": true,
  "summary": {
    "success": true,
    "algorithm": "semantic_dstar_lite",
    "grid_start": [
      34,
      36
    ],
    "grid_goal": [
      19,
      8
    ],
    "num_waypoints": 32,
    "path_length": 5.3668,
    "lambda_occ": 5.0,
    "lambda_sem": 2.5,
    "step": 0.15,
    "robot_radius": 0.12
  },
  "planner_config": {
    "step": 0.15,
    "robot_radius": 0.12,
    "lambda_occ": 5.0,
    "lambda_sem": 2.5,
    "step_duration": 1.0,
    "dynamic_decay": 2.5
  },
  "path": [
    [
      5.036288696513319,
      5.358723039288537,
      0.0
    ],
    [
      5.1,
      5.25,
      0.0
    ],
    [
      5.1,
      5.1,
      0.0
    ],
    [
      5.1,
      4.95,
      0.0
    ],
    [
      5.1,
      4.8,
      0.0
    ],
    [
      5.1,
      4.65,
      0.0
    ],
    [
      5.1,
      4.5,
      0.0
    ],
    [
      5.1,
      4.35,
      0.0
    ],
    [
      5.1,
      4.2,
      0.0
    ],
    [
      5.1,
      4.05,
      0.0
    ],
    [
      4.95,
      3.9,
      0.0
    ],
    [
      4.95,
      3.75,
      0.0
    ],
    [
      4.95,
      3.6,
      0.0
    ],
    [
      4.95,
      3.45,
      0.0
    ],
    [
      4.95,
      3.3,
      0.0
    ],
    [
      4.95,
      3.15,
      0.0
    ],
    [
      4.8,
      3.0,
      0.0
    ],
    [
      4.65,
      2.85,
      0.0
    ],
    [
      4.5,
      2.7,
      0.0
    ],
    [
      4.35,
      2.55,
      0.0
    ],
    [
      4.2,
      2.4,
      0.0
    ],
    [
      4.05,
      2.25,
      0.0
    ],
    [
      3.9,
      2.1,
      0.0
    ],
    [
      3.75,
      1.95,
      0.0
    ],
    [
      3.6,
      1.95,
      0.0
    ],
    [
      3.45,
      1.95,
      0.0
    ],
    [
      3.3,
      1.95,
      0.0
    ],
    [
      3.15,
      1.8,
      0.0
    ],
    [
      3.0,
      1.65,
      0.0
    ],
    [
      2.85,
      1.5,
      0.0
    ],
    [
      2.85,
      1.35,
      0.0
    ],
    [
      2.8523485031216915,
      1.2048500284026107,
      0.0
    ]
  ]
}