{
  "algorithm": "semantic_dstar_lite",
  "scene_file": "/Users/ishita/Documents/GitHub/BEACON-semantics/data/complex/scenes/cluttered_078.json",
  "scene_family": "cluttered",
  "workspace": [
    0,
    6,
    0,
    6
  ],
  "start": [
    5.285938819545055,
    3.4459593523479195,
    0.0
  ],
  "goal": [
    0.5225135292790768,
    5.205045503009763,
    0.0
  ],
  "success": true,
  "summary": {
    "success": true,
    "algorithm": "semantic_dstar_lite",
    "grid_start": [
      35,
      23
    ],
    "grid_goal": [
      3,
      35
    ],
    "num_waypoints": 34,
    "path_length": 5.6024,
    "lambda_occ": 5.0,
    "lambda_sem": 2.5,
    "step": 0.15,
    "robot_radius": 0.12
  },
  "planner_config": {
    "step": 0.15,
    "robot_radius": 0.12,
    "lambda_occ": 5.0,
    "lambda_sem": 2.5,
    "step_duration": 1.0,
    "dynamic_decay": 2.5
  },
  "path": [
    [
      5.285938819545055,
      3.4459593523479195,
      0.0
    ],
    [
      5.1,
      3.6,
      0.0
    ],
    [
      5.1,
      3.75,
      0.0
    ],
    [
      4.95,
      3.9,
      0.0
    ],
    [
      4.8,
      4.05,
      0.0
    ],
    [
      4.65,
      4.2,
      0.0
    ],
    [
      4.5,
      4.2,
      0.0
    ],
    [
      4.35,
      4.35,
      0.0
    ],
    [
      4.2,
      4.5,
      0.0
    ],
    [
      4.05,
      4.5,
      0.0
    ],
    [
      3.9,
      4.5,
      0.0
    ],
    [
      3.75,
      4.5,
      0.0
    ],
    [
      3.6,
      4.5,
      0.0
    ],
    [
      3.45,
      4.5,
      0.0
    ],
    [
      3.3,
      4.65,
      0.0
    ],
    [
      3.15,
      4.8,
      0.0
    ],
    [
      3.0,
      4.8,
      0.0
    ],
    [
      2.85,
      4.8,
      0.0
    ],
    [
      2.7,
      4.95,
      0.0
    ],
    [
      2.55,
      4.95,
      0.0
    ],
    [
      2.4,
      4.95,
      0.0
    ],
    [
      2.25,
      4.95,
      0.0
    ],
    [
      2.1,
      4.95,
      0.0
    ],
    [
      1.95,
      4.95,
      0.0
    ],
    [
      1.8,
      4.95,
      0.0
    ],
    [
      1.65,
      4.95,
      0.0
    ],
    [
      1.5,
      5.1,
      0.0
    ],
    [
      1.35,
      5.25,
      0.0
    ],
    [
      1.2,
      5.25,
      0.0
    ],
    [
      1.05,
      5.25,
      0.0
    ],
    [
      0.9,
      5.25,
      0.0
    ],
    [
      0.75,
      5.25,
      0.0
    ],
    [
      0.6,
      5.25,
      0.0
    ],
    [
      0.5225135292790768,
      5.205045503009763,
      0.0
    ]
  ]
}