{
  "algorithm": "semantic_dstar_lite",
  "scene_file": "/Users/ishita/Documents/GitHub/BEACON-semantics/data/complex/scenes/cluttered_049.json",
  "scene_family": "cluttered",
  "workspace": [
    0,
    6,
    0,
    6
  ],
  "start": [
    1.60312554142023,
    5.325671556174176,
    0.0
  ],
  "goal": [
    0.4986687005085099,
    1.4802418386576808,
    0.0
  ],
  "success": true,
  "summary": {
    "success": true,
    "algorithm": "semantic_dstar_lite",
    "grid_start": [
      11,
      36
    ],
    "grid_goal": [
      3,
      10
    ],
    "num_waypoints": 27,
    "path_length": 5.0438,
    "lambda_occ": 5.0,
    "lambda_sem": 2.5,
    "step": 0.15,
    "robot_radius": 0.12
  },
  "planner_config": {
    "step": 0.15,
    "robot_radius": 0.12,
    "lambda_occ": 5.0,
    "lambda_sem": 2.5,
    "step_duration": 1.0,
    "dynamic_decay": 2.5
  },
  "path": [
    [
      1.60312554142023,
      5.325671556174176,
      0.0
    ],
    [
      1.8,
      5.25,
      0.0
    ],
    [
      1.95,
      5.1,
      0.0
    ],
    [
      2.1,
      4.95,
      0.0
    ],
    [
      2.25,
      4.8,
      0.0
    ],
    [
      2.4,
      4.65,
      0.0
    ],
    [
      2.4,
      4.5,
      0.0
    ],
    [
      2.25,
      4.35,
      0.0
    ],
    [
      2.1,
      4.2,
      0.0
    ],
    [
      2.1,
      4.05,
      0.0
    ],
    [
      2.1,
      3.9,
      0.0
    ],
    [
      1.95,
      3.75,
      0.0
    ],
    [
      1.8,
      3.6,
      0.0
    ],
    [
      1.65,
      3.45,
      0.0
    ],
    [
      1.5,
      3.3,
      0.0
    ],
    [
      1.35,
      3.15,
      0.0
    ],
    [
      1.2,
      3.0,
      0.0
    ],
    [
      1.05,
      2.85,
      0.0
    ],
    [
      1.05,
      2.7,
      0.0
    ],
    [
      1.05,
      2.55,
      0.0
    ],
    [
      0.9,
      2.4,
      0.0
    ],
    [
      0.9,
      2.25,
      0.0
    ],
    [
      0.75,
      2.1,
      0.0
    ],
    [
      0.6,
      1.95,
      0.0
    ],
    [
      0.45,
      1.8,
      0.0
    ],
    [
      0.45,
      1.65,
      0.0
    ],
    [
      0.4986687005085099,
      1.4802418386576808,
      0.0
    ]
  ]
}