{
  "algorithm": "semantic_dstar_lite",
  "scene_file": "/Users/ishita/Documents/GitHub/BEACON-semantics/data/complex/scenes/cluttered_054.json",
  "scene_family": "cluttered",
  "workspace": [
    0,
    6,
    0,
    6
  ],
  "start": [
    3.9951083989666225,
    0.9002763401307299,
    0.0
  ],
  "goal": [
    0.6683285859220405,
    3.0283978950683728,
    0.0
  ],
  "success": true,
  "summary": {
    "success": true,
    "algorithm": "semantic_dstar_lite",
    "grid_start": [
      27,
      6
    ],
    "grid_goal": [
      4,
      20
    ],
    "num_waypoints": 24,
    "path_length": 4.2692,
    "lambda_occ": 5.0,
    "lambda_sem": 2.5,
    "step": 0.15,
    "robot_radius": 0.12
  },
  "planner_config": {
    "step": 0.15,
    "robot_radius": 0.12,
    "lambda_occ": 5.0,
    "lambda_sem": 2.5,
    "step_duration": 1.0,
    "dynamic_decay": 2.5
  },
  "path": [
    [
      3.9951083989666225,
      0.9002763401307299,
      0.0
    ],
    [
      3.9,
      1.05,
      0.0
    ],
    [
      3.75,
      1.2,
      0.0
    ],
    [
      3.6,
      1.35,
      0.0
    ],
    [
      3.45,
      1.5,
      0.0
    ],
    [
      3.3,
      1.65,
      0.0
    ],
    [
      3.15,
      1.8,
      0.0
    ],
    [
      3.0,
      1.95,
      0.0
    ],
    [
      2.85,
      1.95,
      0.0
    ],
    [
      2.7,
      2.1,
      0.0
    ],
    [
      2.55,
      2.25,
      0.0
    ],
    [
      2.4,
      2.4,
      0.0
    ],
    [
      2.25,
      2.4,
      0.0
    ],
    [
      2.1,
      2.4,
      0.0
    ],
    [
      1.95,
      2.4,
      0.0
    ],
    [
      1.8,
      2.4,
      0.0
    ],
    [
      1.65,
      2.4,
      0.0
    ],
    [
      1.5,
      2.4,
      0.0
    ],
    [
      1.35,
      2.4,
      0.0
    ],
    [
      1.2,
      2.4,
      0.0
    ],
    [
      1.05,
      2.55,
      0.0
    ],
    [
      0.9,
      2.7,
      0.0
    ],
    [
      0.75,
      2.85,
      0.0
    ],
    [
      0.6683285859220405,
      3.0283978950683728,
      0.0
    ]
  ]
}