{
  "algorithm": "semantic_dstar_lite",
  "scene_file": "/Users/ishita/Documents/GitHub/BEACON-semantics/data/complex/scenes/cluttered_007.json",
  "scene_family": "cluttered",
  "workspace": [
    0,
    6,
    0,
    6
  ],
  "start": [
    5.299843506027014,
    4.78774035299374,
    0.0
  ],
  "goal": [
    2.5238165655366362,
    2.3719486753226127,
    0.0
  ],
  "success": true,
  "summary": {
    "success": true,
    "algorithm": "semantic_dstar_lite",
    "grid_start": [
      35,
      32
    ],
    "grid_goal": [
      17,
      16
    ],
    "num_waypoints": 29,
    "path_length": 5.0193,
    "lambda_occ": 5.0,
    "lambda_sem": 2.5,
    "step": 0.15,
    "robot_radius": 0.12
  },
  "planner_config": {
    "step": 0.15,
    "robot_radius": 0.12,
    "lambda_occ": 5.0,
    "lambda_sem": 2.5,
    "step_duration": 1.0,
    "dynamic_decay": 2.5
  },
  "path": [
    [
      5.299843506027014,
      4.78774035299374,
      0.0
    ],
    [
      5.1,
      4.95,
      0.0
    ],
    [
      4.95,
      4.95,
      0.0
    ],
    [
      4.8,
      4.95,
      0.0
    ],
    [
      4.65,
      4.95,
      0.0
    ],
    [
      4.5,
      5.1,
      0.0
    ],
    [
      4.35,
      5.25,
      0.0
    ],
    [
      4.2,
      5.1,
      0.0
    ],
    [
      4.05,
      5.1,
      0.0
    ],
    [
      3.9,
      4.95,
      0.0
    ],
    [
      3.75,
      4.8,
      0.0
    ],
    [
      3.6,
      4.65,
      0.0
    ],
    [
      3.45,
      4.5,
      0.0
    ],
    [
      3.45,
      4.35,
      0.0
    ],
    [
      3.45,
      4.2,
      0.0
    ],
    [
      3.45,
      4.05,
      0.0
    ],
    [
      3.45,
      3.9,
      0.0
    ],
    [
      3.45,
      3.75,
      0.0
    ],
    [
      3.45,
      3.6,
      0.0
    ],
    [
      3.45,
      3.45,
      0.0
    ],
    [
      3.45,
      3.3,
      0.0
    ],
    [
      3.45,
      3.15,
      0.0
    ],
    [
      3.45,
      3.0,
      0.0
    ],
    [
      3.3,
      2.85,
      0.0
    ],
    [
      3.15,
      2.7,
      0.0
    ],
    [
      3.0,
      2.55,
      0.0
    ],
    [
      2.85,
      2.4,
      0.0
    ],
    [
      2.7,
      2.4,
      0.0
    ],
    [
      2.5238165655366362,
      2.3719486753226127,
      0.0
    ]
  ]
}