{
  "algorithm": "semantic_dstar_lite",
  "scene_file": "/Users/ishita/Documents/GitHub/BEACON-semantics/data/complex/scenes/cluttered_090.json",
  "scene_family": "cluttered",
  "workspace": [
    0,
    6,
    0,
    6
  ],
  "start": [
    0.5627815181463315,
    0.45192508181643487,
    0.0
  ],
  "goal": [
    5.019821954371347,
    3.552785499945137,
    0.0
  ],
  "success": true,
  "summary": {
    "success": true,
    "algorithm": "semantic_dstar_lite",
    "grid_start": [
      4,
      3
    ],
    "grid_goal": [
      33,
      24
    ],
    "num_waypoints": 40,
    "path_length": 6.9177,
    "lambda_occ": 5.0,
    "lambda_sem": 2.5,
    "step": 0.15,
    "robot_radius": 0.12
  },
  "planner_config": {
    "step": 0.15,
    "robot_radius": 0.12,
    "lambda_occ": 5.0,
    "lambda_sem": 2.5,
    "step_duration": 1.0,
    "dynamic_decay": 2.5
  },
  "path": [
    [
      0.5627815181463315,
      0.45192508181643487,
      0.0
    ],
    [
      0.75,
      0.45,
      0.0
    ],
    [
      0.9,
      0.45,
      0.0
    ],
    [
      1.05,
      0.45,
      0.0
    ],
    [
      1.2,
      0.3,
      0.0
    ],
    [
      1.35,
      0.15,
      0.0
    ],
    [
      1.5,
      0.0,
      0.0
    ],
    [
      1.65,
      0.0,
      0.0
    ],
    [
      1.8,
      0.15,
      0.0
    ],
    [
      1.95,
      0.15,
      0.0
    ],
    [
      2.1,
      0.3,
      0.0
    ],
    [
      2.25,
      0.45,
      0.0
    ],
    [
      2.4,
      0.45,
      0.0
    ],
    [
      2.55,
      0.6,
      0.0
    ],
    [
      2.7,
      0.6,
      0.0
    ],
    [
      2.85,
      0.75,
      0.0
    ],
    [
      3.0,
      0.9,
      0.0
    ],
    [
      3.15,
      1.05,
      0.0
    ],
    [
      3.3,
      1.2,
      0.0
    ],
    [
      3.45,
      1.35,
      0.0
    ],
    [
      3.6,
      1.5,
      0.0
    ],
    [
      3.75,
      1.65,
      0.0
    ],
    [
      3.9,
      1.8,
      0.0
    ],
    [
      4.05,
      1.8,
      0.0
    ],
    [
      4.2,
      1.8,
      0.0
    ],
    [
      4.35,
      1.8,
      0.0
    ],
    [
      4.5,
      1.8,
      0.0
    ],
    [
      4.65,
      1.8,
      0.0
    ],
    [
      4.8,
      1.95,
      0.0
    ],
    [
      4.95,
      2.1,
      0.0
    ],
    [
      4.95,
      2.25,
      0.0
    ],
    [
      4.95,
      2.4,
      0.0
    ],
    [
      4.95,
      2.55,
      0.0
    ],
    [
      4.95,
      2.7,
      0.0
    ],
    [
      4.95,
      2.85,
      0.0
    ],
    [
      4.95,
      3.0,
      0.0
    ],
    [
      4.95,
      3.15,
      0.0
    ],
    [
      4.95,
      3.3,
      0.0
    ],
    [
      4.95,
      3.45,
      0.0
    ],
    [
      5.019821954371347,
      3.552785499945137,
      0.0
    ]
  ]
}