{
  "algorithm": "semantic_dstar_lite",
  "scene_file": "/Users/ishita/Documents/GitHub/BEACON-semantics/data/complex/scenes/cluttered_042.json",
  "scene_family": "cluttered",
  "workspace": [
    0,
    6,
    0,
    6
  ],
  "start": [
    1.045985131730828,
    3.6244072682458683,
    0.0
  ],
  "goal": [
    5.304123219231581,
    0.9079501047465051,
    0.0
  ],
  "success": true,
  "summary": {
    "success": true,
    "algorithm": "semantic_dstar_lite",
    "grid_start": [
      7,
      24
    ],
    "grid_goal": [
      35,
      6
    ],
    "num_waypoints": 34,
    "path_length": 6.1385,
    "lambda_occ": 5.0,
    "lambda_sem": 2.5,
    "step": 0.15,
    "robot_radius": 0.12
  },
  "planner_config": {
    "step": 0.15,
    "robot_radius": 0.12,
    "lambda_occ": 5.0,
    "lambda_sem": 2.5,
    "step_duration": 1.0,
    "dynamic_decay": 2.5
  },
  "path": [
    [
      1.045985131730828,
      3.6244072682458683,
      0.0
    ],
    [
      1.2,
      3.6,
      0.0
    ],
    [
      1.35,
      3.6,
      0.0
    ],
    [
      1.5,
      3.6,
      0.0
    ],
    [
      1.65,
      3.75,
      0.0
    ],
    [
      1.8,
      3.9,
      0.0
    ],
    [
      1.95,
      4.05,
      0.0
    ],
    [
      2.1,
      4.05,
      0.0
    ],
    [
      2.25,
      3.9,
      0.0
    ],
    [
      2.4,
      3.75,
      0.0
    ],
    [
      2.55,
      3.6,
      0.0
    ],
    [
      2.7,
      3.45,
      0.0
    ],
    [
      2.85,
      3.3,
      0.0
    ],
    [
      3.0,
      3.3,
      0.0
    ],
    [
      3.15,
      3.3,
      0.0
    ],
    [
      3.3,
      3.3,
      0.0
    ],
    [
      3.45,
      3.15,
      0.0
    ],
    [
      3.6,
      3.0,
      0.0
    ],
    [
      3.75,
      2.85,
      0.0
    ],
    [
      3.9,
      2.85,
      0.0
    ],
    [
      4.05,
      2.7,
      0.0
    ],
    [
      4.2,
      2.7,
      0.0
    ],
    [
      4.35,
      2.55,
      0.0
    ],
    [
      4.5,
      2.4,
      0.0
    ],
    [
      4.65,
      2.25,
      0.0
    ],
    [
      4.8,
      2.1,
      0.0
    ],
    [
      4.95,
      1.95,
      0.0
    ],
    [
      4.95,
      1.8,
      0.0
    ],
    [
      5.1,
      1.65,
      0.0
    ],
    [
      5.25,
      1.5,
      0.0
    ],
    [
      5.25,
      1.35,
      0.0
    ],
    [
      5.25,
      1.2,
      0.0
    ],
    [
      5.25,
      1.05,
      0.0
    ],
    [
      5.304123219231581,
      0.9079501047465051,
      0.0
    ]
  ]
}