{
  "algorithm": "semantic_dstar_lite",
  "scene_file": "/Users/ishita/Documents/GitHub/BEACON-semantics/data/complex/scenes/cluttered_013.json",
  "scene_family": "cluttered",
  "workspace": [
    0,
    6,
    0,
    6
  ],
  "start": [
    5.188421049135471,
    2.537329914343851,
    0.0
  ],
  "goal": [
    0.7847053855887288,
    4.820825149882934,
    0.0
  ],
  "success": true,
  "summary": {
    "success": true,
    "algorithm": "semantic_dstar_lite",
    "grid_start": [
      35,
      17
    ],
    "grid_goal": [
      5,
      32
    ],
    "num_waypoints": 32,
    "path_length": 5.7086,
    "lambda_occ": 5.0,
    "lambda_sem": 2.5,
    "step": 0.15,
    "robot_radius": 0.12
  },
  "planner_config": {
    "step": 0.15,
    "robot_radius": 0.12,
    "lambda_occ": 5.0,
    "lambda_sem": 2.5,
    "step_duration": 1.0,
    "dynamic_decay": 2.5
  },
  "path": [
    [
      5.188421049135471,
      2.537329914343851,
      0.0
    ],
    [
      5.1,
      2.7,
      0.0
    ],
    [
      4.95,
      2.7,
      0.0
    ],
    [
      4.8,
      2.7,
      0.0
    ],
    [
      4.65,
      2.7,
      0.0
    ],
    [
      4.5,
      2.7,
      0.0
    ],
    [
      4.35,
      2.7,
      0.0
    ],
    [
      4.2,
      2.7,
      0.0
    ],
    [
      4.05,
      2.85,
      0.0
    ],
    [
      3.9,
      3.0,
      0.0
    ],
    [
      3.75,
      3.15,
      0.0
    ],
    [
      3.6,
      3.15,
      0.0
    ],
    [
      3.45,
      3.0,
      0.0
    ],
    [
      3.3,
      2.85,
      0.0
    ],
    [
      3.15,
      2.85,
      0.0
    ],
    [
      3.0,
      2.85,
      0.0
    ],
    [
      2.85,
      3.0,
      0.0
    ],
    [
      2.7,
      3.15,
      0.0
    ],
    [
      2.55,
      3.3,
      0.0
    ],
    [
      2.4,
      3.45,
      0.0
    ],
    [
      2.25,
      3.6,
      0.0
    ],
    [
      2.1,
      3.6,
      0.0
    ],
    [
      1.95,
      3.6,
      0.0
    ],
    [
      1.8,
      3.75,
      0.0
    ],
    [
      1.65,
      3.9,
      0.0
    ],
    [
      1.5,
      4.05,
      0.0
    ],
    [
      1.5,
      4.2,
      0.0
    ],
    [
      1.35,
      4.35,
      0.0
    ],
    [
      1.2,
      4.5,
      0.0
    ],
    [
      1.05,
      4.65,
      0.0
    ],
    [
      0.9,
      4.8,
      0.0
    ],
    [
      0.7847053855887288,
      4.820825149882934,
      0.0
    ]
  ]
}