{
  "algorithm": "semantic_dstar_lite",
  "scene_file": "/Users/ishita/Documents/GitHub/BEACON-semantics/data/complex/scenes/cluttered_018.json",
  "scene_family": "cluttered",
  "workspace": [
    0,
    6,
    0,
    6
  ],
  "start": [
    2.727887098926961,
    0.6403642224993407,
    0.0
  ],
  "goal": [
    5.208450734152341,
    5.077628934834839,
    0.0
  ],
  "success": true,
  "summary": {
    "success": true,
    "algorithm": "semantic_dstar_lite",
    "grid_start": [
      18,
      4
    ],
    "grid_goal": [
      35,
      34
    ],
    "num_waypoints": 31,
    "path_length": 5.6167,
    "lambda_occ": 5.0,
    "lambda_sem": 2.5,
    "step": 0.15,
    "robot_radius": 0.12
  },
  "planner_config": {
    "step": 0.15,
    "robot_radius": 0.12,
    "lambda_occ": 5.0,
    "lambda_sem": 2.5,
    "step_duration": 1.0,
    "dynamic_decay": 2.5
  },
  "path": [
    [
      2.727887098926961,
      0.6403642224993407,
      0.0
    ],
    [
      2.85,
      0.75,
      0.0
    ],
    [
      3.0,
      0.9,
      0.0
    ],
    [
      3.15,
      1.05,
      0.0
    ],
    [
      3.3,
      1.2,
      0.0
    ],
    [
      3.45,
      1.35,
      0.0
    ],
    [
      3.6,
      1.5,
      0.0
    ],
    [
      3.75,
      1.65,
      0.0
    ],
    [
      3.75,
      1.8,
      0.0
    ],
    [
      3.75,
      1.95,
      0.0
    ],
    [
      3.6,
      2.1,
      0.0
    ],
    [
      3.6,
      2.25,
      0.0
    ],
    [
      3.75,
      2.4,
      0.0
    ],
    [
      3.9,
      2.55,
      0.0
    ],
    [
      4.05,
      2.7,
      0.0
    ],
    [
      4.2,
      2.85,
      0.0
    ],
    [
      4.35,
      3.0,
      0.0
    ],
    [
      4.35,
      3.15,
      0.0
    ],
    [
      4.5,
      3.3,
      0.0
    ],
    [
      4.65,
      3.45,
      0.0
    ],
    [
      4.65,
      3.6,
      0.0
    ],
    [
      4.65,
      3.75,
      0.0
    ],
    [
      4.8,
      3.9,
      0.0
    ],
    [
      4.8,
      4.05,
      0.0
    ],
    [
      4.8,
      4.2,
      0.0
    ],
    [
      4.95,
      4.35,
      0.0
    ],
    [
      5.1,
      4.5,
      0.0
    ],
    [
      5.25,
      4.65,
      0.0
    ],
    [
      5.25,
      4.8,
      0.0
    ],
    [
      5.25,
      4.95,
      0.0
    ],
    [
      5.208450734152341,
      5.077628934834839,
      0.0
    ]
  ]
}