{
  "algorithm": "semantic_dstar_lite",
  "scene_file": "/Users/ishita/Documents/GitHub/BEACON-semantics/data/complex/scenes/cluttered_031.json",
  "scene_family": "cluttered",
  "workspace": [
    0,
    6,
    0,
    6
  ],
  "start": [
    5.076327131856135,
    5.351152458921205,
    0.0
  ],
  "goal": [
    4.818594290324538,
    0.8184920717867947,
    0.0
  ],
  "success": true,
  "summary": {
    "success": true,
    "algorithm": "semantic_dstar_lite",
    "grid_start": [
      34,
      36
    ],
    "grid_goal": [
      32,
      5
    ],
    "num_waypoints": 32,
    "path_length": 5.2789,
    "lambda_occ": 5.0,
    "lambda_sem": 2.5,
    "step": 0.15,
    "robot_radius": 0.12
  },
  "planner_config": {
    "step": 0.15,
    "robot_radius": 0.12,
    "lambda_occ": 5.0,
    "lambda_sem": 2.5,
    "step_duration": 1.0,
    "dynamic_decay": 2.5
  },
  "path": [
    [
      5.076327131856135,
      5.351152458921205,
      0.0
    ],
    [
      4.95,
      5.25,
      0.0
    ],
    [
      4.8,
      5.1,
      0.0
    ],
    [
      4.65,
      4.95,
      0.0
    ],
    [
      4.5,
      4.8,
      0.0
    ],
    [
      4.35,
      4.65,
      0.0
    ],
    [
      4.35,
      4.5,
      0.0
    ],
    [
      4.35,
      4.35,
      0.0
    ],
    [
      4.35,
      4.2,
      0.0
    ],
    [
      4.35,
      4.05,
      0.0
    ],
    [
      4.5,
      3.9,
      0.0
    ],
    [
      4.5,
      3.75,
      0.0
    ],
    [
      4.65,
      3.6,
      0.0
    ],
    [
      4.8,
      3.45,
      0.0
    ],
    [
      4.8,
      3.3,
      0.0
    ],
    [
      4.8,
      3.15,
      0.0
    ],
    [
      4.8,
      3.0,
      0.0
    ],
    [
      4.95,
      2.85,
      0.0
    ],
    [
      4.95,
      2.7,
      0.0
    ],
    [
      5.1,
      2.55,
      0.0
    ],
    [
      5.1,
      2.4,
      0.0
    ],
    [
      5.1,
      2.25,
      0.0
    ],
    [
      5.1,
      2.1,
      0.0
    ],
    [
      5.1,
      1.95,
      0.0
    ],
    [
      4.95,
      1.8,
      0.0
    ],
    [
      4.95,
      1.65,
      0.0
    ],
    [
      4.8,
      1.5,
      0.0
    ],
    [
      4.8,
      1.35,
      0.0
    ],
    [
      4.8,
      1.2,
      0.0
    ],
    [
      4.8,
      1.05,
      0.0
    ],
    [
      4.8,
      0.9,
      0.0
    ],
    [
      4.818594290324538,
      0.8184920717867947,
      0.0
    ]
  ]
}