{
  "algorithm": "semantic_dstar_lite",
  "scene_file": "/Users/ishita/Documents/GitHub/BEACON-semantics/data/complex/scenes/cluttered_084.json",
  "scene_family": "cluttered",
  "workspace": [
    0,
    6,
    0,
    6
  ],
  "start": [
    1.1364101385092118,
    5.492848959062132,
    0.0
  ],
  "goal": [
    1.6043021124985888,
    1.9939063465597435,
    0.0
  ],
  "success": true,
  "summary": {
    "success": true,
    "algorithm": "semantic_dstar_lite",
    "grid_start": [
      8,
      37
    ],
    "grid_goal": [
      11,
      13
    ],
    "num_waypoints": 25,
    "path_length": 3.7727,
    "lambda_occ": 5.0,
    "lambda_sem": 2.5,
    "step": 0.15,
    "robot_radius": 0.12
  },
  "planner_config": {
    "step": 0.15,
    "robot_radius": 0.12,
    "lambda_occ": 5.0,
    "lambda_sem": 2.5,
    "step_duration": 1.0,
    "dynamic_decay": 2.5
  },
  "path": [
    [
      1.1364101385092118,
      5.492848959062132,
      0.0
    ],
    [
      1.35,
      5.4,
      0.0
    ],
    [
      1.5,
      5.25,
      0.0
    ],
    [
      1.65,
      5.1,
      0.0
    ],
    [
      1.65,
      4.95,
      0.0
    ],
    [
      1.65,
      4.8,
      0.0
    ],
    [
      1.65,
      4.65,
      0.0
    ],
    [
      1.65,
      4.5,
      0.0
    ],
    [
      1.65,
      4.35,
      0.0
    ],
    [
      1.65,
      4.2,
      0.0
    ],
    [
      1.65,
      4.05,
      0.0
    ],
    [
      1.65,
      3.9,
      0.0
    ],
    [
      1.65,
      3.75,
      0.0
    ],
    [
      1.65,
      3.6,
      0.0
    ],
    [
      1.65,
      3.45,
      0.0
    ],
    [
      1.65,
      3.3,
      0.0
    ],
    [
      1.65,
      3.15,
      0.0
    ],
    [
      1.65,
      3.0,
      0.0
    ],
    [
      1.65,
      2.85,
      0.0
    ],
    [
      1.65,
      2.7,
      0.0
    ],
    [
      1.65,
      2.55,
      0.0
    ],
    [
      1.65,
      2.4,
      0.0
    ],
    [
      1.65,
      2.25,
      0.0
    ],
    [
      1.65,
      2.1,
      0.0
    ],
    [
      1.6043021124985888,
      1.9939063465597435,
      0.0
    ]
  ]
}