{
  "algorithm": "semantic_dstar_lite",
  "scene_file": "/Users/ishita/Documents/GitHub/BEACON-semantics/data/complex/scenes/cluttered_048.json",
  "scene_family": "cluttered",
  "workspace": [
    0,
    6,
    0,
    6
  ],
  "start": [
    1.4048408198078763,
    1.0537433611812652,
    0.0
  ],
  "goal": [
    4.884411687238656,
    3.4454686930455485,
    0.0
  ],
  "success": true,
  "summary": {
    "success": true,
    "algorithm": "semantic_dstar_lite",
    "grid_start": [
      9,
      7
    ],
    "grid_goal": [
      33,
      23
    ],
    "num_waypoints": 26,
    "path_length": 4.5789,
    "lambda_occ": 5.0,
    "lambda_sem": 2.5,
    "step": 0.15,
    "robot_radius": 0.12
  },
  "planner_config": {
    "step": 0.15,
    "robot_radius": 0.12,
    "lambda_occ": 5.0,
    "lambda_sem": 2.5,
    "step_duration": 1.0,
    "dynamic_decay": 2.5
  },
  "path": [
    [
      1.4048408198078763,
      1.0537433611812652,
      0.0
    ],
    [
      1.5,
      1.2,
      0.0
    ],
    [
      1.65,
      1.35,
      0.0
    ],
    [
      1.8,
      1.5,
      0.0
    ],
    [
      1.95,
      1.5,
      0.0
    ],
    [
      2.1,
      1.5,
      0.0
    ],
    [
      2.25,
      1.5,
      0.0
    ],
    [
      2.4,
      1.65,
      0.0
    ],
    [
      2.55,
      1.65,
      0.0
    ],
    [
      2.7,
      1.8,
      0.0
    ],
    [
      2.85,
      1.95,
      0.0
    ],
    [
      3.0,
      2.1,
      0.0
    ],
    [
      3.15,
      2.25,
      0.0
    ],
    [
      3.3,
      2.4,
      0.0
    ],
    [
      3.45,
      2.55,
      0.0
    ],
    [
      3.45,
      2.7,
      0.0
    ],
    [
      3.6,
      2.85,
      0.0
    ],
    [
      3.75,
      3.0,
      0.0
    ],
    [
      3.9,
      3.0,
      0.0
    ],
    [
      4.05,
      3.0,
      0.0
    ],
    [
      4.2,
      3.15,
      0.0
    ],
    [
      4.35,
      3.3,
      0.0
    ],
    [
      4.5,
      3.45,
      0.0
    ],
    [
      4.65,
      3.45,
      0.0
    ],
    [
      4.8,
      3.45,
      0.0
    ],
    [
      4.884411687238656,
      3.4454686930455485,
      0.0
    ]
  ]
}