{
  "algorithm": "semantic_dstar_lite",
  "scene_file": "/Users/ishita/Documents/GitHub/BEACON-semantics/data/complex/scenes/cluttered_073.json",
  "scene_family": "cluttered",
  "workspace": [
    0,
    6,
    0,
    6
  ],
  "start": [
    5.4631394995283244,
    2.7321533237712945,
    0.0
  ],
  "goal": [
    0.9917825200859209,
    2.195966458954592,
    0.0
  ],
  "success": true,
  "summary": {
    "success": true,
    "algorithm": "semantic_dstar_lite",
    "grid_start": [
      36,
      18
    ],
    "grid_goal": [
      7,
      15
    ],
    "num_waypoints": 30,
    "path_length": 5.0425,
    "lambda_occ": 5.0,
    "lambda_sem": 2.5,
    "step": 0.15,
    "robot_radius": 0.12
  },
  "planner_config": {
    "step": 0.15,
    "robot_radius": 0.12,
    "lambda_occ": 5.0,
    "lambda_sem": 2.5,
    "step_duration": 1.0,
    "dynamic_decay": 2.5
  },
  "path": [
    [
      5.4631394995283244,
      2.7321533237712945,
      0.0
    ],
    [
      5.25,
      2.55,
      0.0
    ],
    [
      5.1,
      2.55,
      0.0
    ],
    [
      4.95,
      2.55,
      0.0
    ],
    [
      4.8,
      2.55,
      0.0
    ],
    [
      4.65,
      2.55,
      0.0
    ],
    [
      4.5,
      2.55,
      0.0
    ],
    [
      4.35,
      2.55,
      0.0
    ],
    [
      4.2,
      2.55,
      0.0
    ],
    [
      4.05,
      2.55,
      0.0
    ],
    [
      3.9,
      2.55,
      0.0
    ],
    [
      3.75,
      2.55,
      0.0
    ],
    [
      3.6,
      2.55,
      0.0
    ],
    [
      3.45,
      2.7,
      0.0
    ],
    [
      3.3,
      2.7,
      0.0
    ],
    [
      3.15,
      2.7,
      0.0
    ],
    [
      3.0,
      2.7,
      0.0
    ],
    [
      2.85,
      2.7,
      0.0
    ],
    [
      2.7,
      2.85,
      0.0
    ],
    [
      2.55,
      3.0,
      0.0
    ],
    [
      2.4,
      3.0,
      0.0
    ],
    [
      2.25,
      2.85,
      0.0
    ],
    [
      2.1,
      2.7,
      0.0
    ],
    [
      1.95,
      2.55,
      0.0
    ],
    [
      1.8,
      2.4,
      0.0
    ],
    [
      1.65,
      2.25,
      0.0
    ],
    [
      1.5,
      2.25,
      0.0
    ],
    [
      1.35,
      2.25,
      0.0
    ],
    [
      1.2,
      2.25,
      0.0
    ],
    [
      0.9917825200859209,
      2.195966458954592,
      0.0
    ]
  ]
}