{
  "algorithm": "semantic_dstar_lite",
  "scene_file": "/Users/ishita/Documents/GitHub/BEACON-semantics/data/complex/scenes/cluttered_010.json",
  "scene_family": "cluttered",
  "workspace": [
    0,
    6,
    0,
    6
  ],
  "start": [
    2.123969685015301,
    4.9635341171061285,
    0.0
  ],
  "goal": [
    5.086817414896593,
    2.9782668819709137,
    0.0
  ],
  "success": true,
  "summary": {
    "success": true,
    "algorithm": "semantic_dstar_lite",
    "grid_start": [
      14,
      33
    ],
    "grid_goal": [
      34,
      20
    ],
    "num_waypoints": 25,
    "path_length": 4.1421,
    "lambda_occ": 5.0,
    "lambda_sem": 2.5,
    "step": 0.15,
    "robot_radius": 0.12
  },
  "planner_config": {
    "step": 0.15,
    "robot_radius": 0.12,
    "lambda_occ": 5.0,
    "lambda_sem": 2.5,
    "step_duration": 1.0,
    "dynamic_decay": 2.5
  },
  "path": [
    [
      2.123969685015301,
      4.9635341171061285,
      0.0
    ],
    [
      2.25,
      4.8,
      0.0
    ],
    [
      2.4,
      4.65,
      0.0
    ],
    [
      2.55,
      4.65,
      0.0
    ],
    [
      2.7,
      4.65,
      0.0
    ],
    [
      2.85,
      4.5,
      0.0
    ],
    [
      2.85,
      4.35,
      0.0
    ],
    [
      2.85,
      4.2,
      0.0
    ],
    [
      2.85,
      4.05,
      0.0
    ],
    [
      2.85,
      3.9,
      0.0
    ],
    [
      3.0,
      3.75,
      0.0
    ],
    [
      3.15,
      3.6,
      0.0
    ],
    [
      3.3,
      3.6,
      0.0
    ],
    [
      3.45,
      3.6,
      0.0
    ],
    [
      3.6,
      3.6,
      0.0
    ],
    [
      3.75,
      3.6,
      0.0
    ],
    [
      3.9,
      3.45,
      0.0
    ],
    [
      4.05,
      3.45,
      0.0
    ],
    [
      4.2,
      3.45,
      0.0
    ],
    [
      4.35,
      3.3,
      0.0
    ],
    [
      4.5,
      3.15,
      0.0
    ],
    [
      4.65,
      3.15,
      0.0
    ],
    [
      4.8,
      3.0,
      0.0
    ],
    [
      4.95,
      3.0,
      0.0
    ],
    [
      5.086817414896593,
      2.9782668819709137,
      0.0
    ]
  ]
}