{
  "algorithm": "semantic_dstar_lite",
  "scene_file": "/Users/ishita/Documents/GitHub/BEACON-semantics/data/complex/scenes/cluttered_061.json",
  "scene_family": "cluttered",
  "workspace": [
    0,
    6,
    0,
    6
  ],
  "start": [
    0.6307718337113206,
    2.6343136436105046,
    0.0
  ],
  "goal": [
    4.923493455954737,
    5.484100920659091,
    0.0
  ],
  "success": true,
  "summary": {
    "success": true,
    "algorithm": "semantic_dstar_lite",
    "grid_start": [
      4,
      18
    ],
    "grid_goal": [
      33,
      37
    ],
    "num_waypoints": 42,
    "path_length": 6.9638,
    "lambda_occ": 5.0,
    "lambda_sem": 2.5,
    "step": 0.15,
    "robot_radius": 0.12
  },
  "planner_config": {
    "step": 0.15,
    "robot_radius": 0.12,
    "lambda_occ": 5.0,
    "lambda_sem": 2.5,
    "step_duration": 1.0,
    "dynamic_decay": 2.5
  },
  "path": [
    [
      0.6307718337113206,
      2.6343136436105046,
      0.0
    ],
    [
      0.6,
      2.85,
      0.0
    ],
    [
      0.6,
      3.0,
      0.0
    ],
    [
      0.6,
      3.15,
      0.0
    ],
    [
      0.6,
      3.3,
      0.0
    ],
    [
      0.45,
      3.45,
      0.0
    ],
    [
      0.3,
      3.6,
      0.0
    ],
    [
      0.3,
      3.75,
      0.0
    ],
    [
      0.3,
      3.9,
      0.0
    ],
    [
      0.45,
      4.05,
      0.0
    ],
    [
      0.6,
      4.2,
      0.0
    ],
    [
      0.75,
      4.2,
      0.0
    ],
    [
      0.9,
      4.35,
      0.0
    ],
    [
      1.05,
      4.5,
      0.0
    ],
    [
      1.2,
      4.65,
      0.0
    ],
    [
      1.35,
      4.65,
      0.0
    ],
    [
      1.5,
      4.65,
      0.0
    ],
    [
      1.65,
      4.65,
      0.0
    ],
    [
      1.8,
      4.65,
      0.0
    ],
    [
      1.95,
      4.65,
      0.0
    ],
    [
      2.1,
      4.65,
      0.0
    ],
    [
      2.25,
      4.65,
      0.0
    ],
    [
      2.4,
      4.65,
      0.0
    ],
    [
      2.55,
      4.65,
      0.0
    ],
    [
      2.7,
      4.65,
      0.0
    ],
    [
      2.85,
      4.65,
      0.0
    ],
    [
      3.0,
      4.65,
      0.0
    ],
    [
      3.15,
      4.65,
      0.0
    ],
    [
      3.3,
      4.5,
      0.0
    ],
    [
      3.45,
      4.5,
      0.0
    ],
    [
      3.6,
      4.5,
      0.0
    ],
    [
      3.75,
      4.5,
      0.0
    ],
    [
      3.9,
      4.65,
      0.0
    ],
    [
      4.05,
      4.65,
      0.0
    ],
    [
      4.2,
      4.65,
      0.0
    ],
    [
      4.35,
      4.65,
      0.0
    ],
    [
      4.5,
      4.8,
      0.0
    ],
    [
      4.65,
      4.95,
      0.0
    ],
    [
      4.8,
      5.1,
      0.0
    ],
    [
      4.95,
      5.25,
      0.0
    ],
    [
      4.95,
      5.4,
      0.0
    ],
    [
      4.923493455954737,
      5.484100920659091,
      0.0
    ]
  ]
}