{
  "algorithm": "semantic_dstar_lite",
  "scene_file": "/Users/ishita/Documents/GitHub/BEACON-semantics/data/complex/scenes/cluttered_025.json",
  "scene_family": "cluttered",
  "workspace": [
    0,
    6,
    0,
    6
  ],
  "start": [
    0.6192293748610221,
    2.2084082188585152,
    0.0
  ],
  "goal": [
    4.096071386502016,
    4.926840691388844,
    0.0
  ],
  "success": true,
  "summary": {
    "success": true,
    "algorithm": "semantic_dstar_lite",
    "grid_start": [
      4,
      15
    ],
    "grid_goal": [
      27,
      33
    ],
    "num_waypoints": 31,
    "path_length": 5.4666,
    "lambda_occ": 5.0,
    "lambda_sem": 2.5,
    "step": 0.15,
    "robot_radius": 0.12
  },
  "planner_config": {
    "step": 0.15,
    "robot_radius": 0.12,
    "lambda_occ": 5.0,
    "lambda_sem": 2.5,
    "step_duration": 1.0,
    "dynamic_decay": 2.5
  },
  "path": [
    [
      0.6192293748610221,
      2.2084082188585152,
      0.0
    ],
    [
      0.75,
      2.25,
      0.0
    ],
    [
      0.9,
      2.1,
      0.0
    ],
    [
      1.05,
      1.95,
      0.0
    ],
    [
      1.2,
      1.95,
      0.0
    ],
    [
      1.35,
      1.95,
      0.0
    ],
    [
      1.5,
      1.95,
      0.0
    ],
    [
      1.65,
      2.1,
      0.0
    ],
    [
      1.8,
      2.25,
      0.0
    ],
    [
      1.95,
      2.25,
      0.0
    ],
    [
      2.1,
      2.4,
      0.0
    ],
    [
      2.1,
      2.55,
      0.0
    ],
    [
      2.1,
      2.7,
      0.0
    ],
    [
      2.1,
      2.85,
      0.0
    ],
    [
      2.1,
      3.0,
      0.0
    ],
    [
      2.1,
      3.15,
      0.0
    ],
    [
      2.25,
      3.3,
      0.0
    ],
    [
      2.25,
      3.45,
      0.0
    ],
    [
      2.4,
      3.6,
      0.0
    ],
    [
      2.55,
      3.75,
      0.0
    ],
    [
      2.7,
      3.9,
      0.0
    ],
    [
      2.85,
      4.05,
      0.0
    ],
    [
      3.0,
      4.2,
      0.0
    ],
    [
      3.0,
      4.35,
      0.0
    ],
    [
      3.15,
      4.5,
      0.0
    ],
    [
      3.3,
      4.65,
      0.0
    ],
    [
      3.45,
      4.8,
      0.0
    ],
    [
      3.6,
      4.95,
      0.0
    ],
    [
      3.75,
      4.95,
      0.0
    ],
    [
      3.9,
      4.95,
      0.0
    ],
    [
      4.096071386502016,
      4.926840691388844,
      0.0
    ]
  ]
}