{
  "algorithm": "semantic_dstar_lite",
  "scene_file": "/Users/ishita/Documents/GitHub/BEACON-semantics/data/complex/scenes/cluttered_064.json",
  "scene_family": "cluttered",
  "workspace": [
    0,
    6,
    0,
    6
  ],
  "start": [
    5.444682627653557,
    4.605305978876821,
    0.0
  ],
  "goal": [
    2.4508201505897476,
    1.9775521334746888,
    0.0
  ],
  "success": true,
  "summary": {
    "success": true,
    "algorithm": "semantic_dstar_lite",
    "grid_start": [
      36,
      31
    ],
    "grid_goal": [
      16,
      13
    ],
    "num_waypoints": 27,
    "path_length": 4.6374,
    "lambda_occ": 5.0,
    "lambda_sem": 2.5,
    "step": 0.15,
    "robot_radius": 0.12
  },
  "planner_config": {
    "step": 0.15,
    "robot_radius": 0.12,
    "lambda_occ": 5.0,
    "lambda_sem": 2.5,
    "step_duration": 1.0,
    "dynamic_decay": 2.5
  },
  "path": [
    [
      5.444682627653557,
      4.605305978876821,
      0.0
    ],
    [
      5.25,
      4.5,
      0.0
    ],
    [
      5.1,
      4.35,
      0.0
    ],
    [
      4.95,
      4.2,
      0.0
    ],
    [
      4.8,
      4.2,
      0.0
    ],
    [
      4.65,
      4.2,
      0.0
    ],
    [
      4.5,
      4.2,
      0.0
    ],
    [
      4.35,
      4.2,
      0.0
    ],
    [
      4.2,
      4.2,
      0.0
    ],
    [
      4.05,
      4.2,
      0.0
    ],
    [
      3.9,
      4.2,
      0.0
    ],
    [
      3.75,
      4.2,
      0.0
    ],
    [
      3.6,
      4.05,
      0.0
    ],
    [
      3.45,
      3.9,
      0.0
    ],
    [
      3.3,
      3.75,
      0.0
    ],
    [
      3.15,
      3.6,
      0.0
    ],
    [
      3.0,
      3.45,
      0.0
    ],
    [
      2.85,
      3.3,
      0.0
    ],
    [
      2.85,
      3.15,
      0.0
    ],
    [
      2.85,
      3.0,
      0.0
    ],
    [
      2.85,
      2.85,
      0.0
    ],
    [
      2.7,
      2.7,
      0.0
    ],
    [
      2.55,
      2.55,
      0.0
    ],
    [
      2.4,
      2.4,
      0.0
    ],
    [
      2.4,
      2.25,
      0.0
    ],
    [
      2.4,
      2.1,
      0.0
    ],
    [
      2.4508201505897476,
      1.9775521334746888,
      0.0
    ]
  ]
}