{
  "algorithm": "semantic_dstar_lite",
  "scene_file": "/Users/ishita/Documents/GitHub/BEACON-semantics/data/complex/scenes/cluttered_069.json",
  "scene_family": "cluttered",
  "workspace": [
    0,
    6,
    0,
    6
  ],
  "start": [
    3.8746061439090336,
    4.159039679346368,
    0.0
  ],
  "goal": [
    2.054839142095888,
    1.026401151955182,
    0.0
  ],
  "success": true,
  "summary": {
    "success": true,
    "algorithm": "semantic_dstar_lite",
    "grid_start": [
      26,
      28
    ],
    "grid_goal": [
      14,
      7
    ],
    "num_waypoints": 23,
    "path_length": 3.9663,
    "lambda_occ": 5.0,
    "lambda_sem": 2.5,
    "step": 0.15,
    "robot_radius": 0.12
  },
  "planner_config": {
    "step": 0.15,
    "robot_radius": 0.12,
    "lambda_occ": 5.0,
    "lambda_sem": 2.5,
    "step_duration": 1.0,
    "dynamic_decay": 2.5
  },
  "path": [
    [
      3.8746061439090336,
      4.159039679346368,
      0.0
    ],
    [
      3.75,
      4.05,
      0.0
    ],
    [
      3.6,
      3.9,
      0.0
    ],
    [
      3.45,
      3.9,
      0.0
    ],
    [
      3.3,
      3.75,
      0.0
    ],
    [
      3.15,
      3.6,
      0.0
    ],
    [
      3.0,
      3.45,
      0.0
    ],
    [
      2.85,
      3.3,
      0.0
    ],
    [
      2.7,
      3.15,
      0.0
    ],
    [
      2.7,
      3.0,
      0.0
    ],
    [
      2.7,
      2.85,
      0.0
    ],
    [
      2.7,
      2.7,
      0.0
    ],
    [
      2.7,
      2.55,
      0.0
    ],
    [
      2.55,
      2.4,
      0.0
    ],
    [
      2.55,
      2.25,
      0.0
    ],
    [
      2.55,
      2.1,
      0.0
    ],
    [
      2.55,
      1.95,
      0.0
    ],
    [
      2.4,
      1.8,
      0.0
    ],
    [
      2.25,
      1.65,
      0.0
    ],
    [
      2.1,
      1.5,
      0.0
    ],
    [
      2.1,
      1.35,
      0.0
    ],
    [
      2.1,
      1.2,
      0.0
    ],
    [
      2.054839142095888,
      1.026401151955182,
      0.0
    ]
  ]
}