{
  "algorithm": "semantic_dstar_lite",
  "scene_file": "/Users/ishita/Documents/GitHub/BEACON-semantics/data/complex/scenes/cluttered_087.json",
  "scene_family": "cluttered",
  "workspace": [
    0,
    6,
    0,
    6
  ],
  "start": [
    4.916340935539876,
    0.9897570066843262,
    0.0
  ],
  "goal": [
    1.8780952112755462,
    3.6578797618842036,
    0.0
  ],
  "success": true,
  "summary": {
    "success": true,
    "algorithm": "semantic_dstar_lite",
    "grid_start": [
      33,
      7
    ],
    "grid_goal": [
      13,
      24
    ],
    "num_waypoints": 23,
    "path_length": 4.3301,
    "lambda_occ": 5.0,
    "lambda_sem": 2.5,
    "step": 0.15,
    "robot_radius": 0.12
  },
  "planner_config": {
    "step": 0.15,
    "robot_radius": 0.12,
    "lambda_occ": 5.0,
    "lambda_sem": 2.5,
    "step_duration": 1.0,
    "dynamic_decay": 2.5
  },
  "path": [
    [
      4.916340935539876,
      0.9897570066843262,
      0.0
    ],
    [
      4.8,
      1.2,
      0.0
    ],
    [
      4.65,
      1.2,
      0.0
    ],
    [
      4.5,
      1.2,
      0.0
    ],
    [
      4.35,
      1.2,
      0.0
    ],
    [
      4.2,
      1.2,
      0.0
    ],
    [
      4.05,
      1.35,
      0.0
    ],
    [
      3.9,
      1.35,
      0.0
    ],
    [
      3.75,
      1.5,
      0.0
    ],
    [
      3.6,
      1.65,
      0.0
    ],
    [
      3.45,
      1.8,
      0.0
    ],
    [
      3.3,
      1.95,
      0.0
    ],
    [
      3.15,
      2.1,
      0.0
    ],
    [
      3.0,
      2.25,
      0.0
    ],
    [
      2.85,
      2.4,
      0.0
    ],
    [
      2.7,
      2.55,
      0.0
    ],
    [
      2.55,
      2.7,
      0.0
    ],
    [
      2.4,
      2.85,
      0.0
    ],
    [
      2.25,
      3.0,
      0.0
    ],
    [
      2.1,
      3.15,
      0.0
    ],
    [
      1.95,
      3.3,
      0.0
    ],
    [
      1.95,
      3.45,
      0.0
    ],
    [
      1.8780952112755462,
      3.6578797618842036,
      0.0
    ]
  ]
}