{
  "algorithm": "semantic_dstar_lite",
  "scene_file": "/Users/ishita/Documents/GitHub/BEACON-semantics/data/complex/scenes/cluttered_056.json",
  "scene_family": "cluttered",
  "workspace": [
    0,
    6,
    0,
    6
  ],
  "start": [
    2.537523579487137,
    0.5792824680817501,
    0.0
  ],
  "goal": [
    4.075008422219281,
    4.086297589264582,
    0.0
  ],
  "success": true,
  "summary": {
    "success": true,
    "algorithm": "semantic_dstar_lite",
    "grid_start": [
      17,
      4
    ],
    "grid_goal": [
      27,
      27
    ],
    "num_waypoints": 24,
    "path_length": 4.1328,
    "lambda_occ": 5.0,
    "lambda_sem": 2.5,
    "step": 0.15,
    "robot_radius": 0.12
  },
  "planner_config": {
    "step": 0.15,
    "robot_radius": 0.12,
    "lambda_occ": 5.0,
    "lambda_sem": 2.5,
    "step_duration": 1.0,
    "dynamic_decay": 2.5
  },
  "path": [
    [
      2.537523579487137,
      0.5792824680817501,
      0.0
    ],
    [
      2.7,
      0.75,
      0.0
    ],
    [
      2.85,
      0.9,
      0.0
    ],
    [
      2.85,
      1.05,
      0.0
    ],
    [
      2.85,
      1.2,
      0.0
    ],
    [
      3.0,
      1.35,
      0.0
    ],
    [
      3.15,
      1.5,
      0.0
    ],
    [
      3.3,
      1.65,
      0.0
    ],
    [
      3.45,
      1.8,
      0.0
    ],
    [
      3.45,
      1.95,
      0.0
    ],
    [
      3.45,
      2.1,
      0.0
    ],
    [
      3.45,
      2.25,
      0.0
    ],
    [
      3.45,
      2.4,
      0.0
    ],
    [
      3.6,
      2.55,
      0.0
    ],
    [
      3.6,
      2.7,
      0.0
    ],
    [
      3.6,
      2.85,
      0.0
    ],
    [
      3.6,
      3.0,
      0.0
    ],
    [
      3.6,
      3.15,
      0.0
    ],
    [
      3.75,
      3.3,
      0.0
    ],
    [
      3.9,
      3.45,
      0.0
    ],
    [
      4.05,
      3.6,
      0.0
    ],
    [
      4.05,
      3.75,
      0.0
    ],
    [
      4.05,
      3.9,
      0.0
    ],
    [
      4.075008422219281,
      4.086297589264582,
      0.0
    ]
  ]
}