{
  "algorithm": "semantic_dstar_lite",
  "scene_file": "/Users/ishita/Documents/GitHub/BEACON-semantics/data/complex/scenes/cluttered_091.json",
  "scene_family": "cluttered",
  "workspace": [
    0,
    6,
    0,
    6
  ],
  "start": [
    4.690637899793439,
    1.4977500684793446,
    0.0
  ],
  "goal": [
    3.075508616408293,
    5.534811878587074,
    0.0
  ],
  "success": true,
  "summary": {
    "success": true,
    "algorithm": "semantic_dstar_lite",
    "grid_start": [
      31,
      10
    ],
    "grid_goal": [
      21,
      37
    ],
    "num_waypoints": 28,
    "path_length": 4.8072,
    "lambda_occ": 5.0,
    "lambda_sem": 2.5,
    "step": 0.15,
    "robot_radius": 0.12
  },
  "planner_config": {
    "step": 0.15,
    "robot_radius": 0.12,
    "lambda_occ": 5.0,
    "lambda_sem": 2.5,
    "step_duration": 1.0,
    "dynamic_decay": 2.5
  },
  "path": [
    [
      4.690637899793439,
      1.4977500684793446,
      0.0
    ],
    [
      4.65,
      1.65,
      0.0
    ],
    [
      4.65,
      1.8,
      0.0
    ],
    [
      4.65,
      1.95,
      0.0
    ],
    [
      4.65,
      2.1,
      0.0
    ],
    [
      4.8,
      2.25,
      0.0
    ],
    [
      4.65,
      2.4,
      0.0
    ],
    [
      4.5,
      2.55,
      0.0
    ],
    [
      4.35,
      2.7,
      0.0
    ],
    [
      4.2,
      2.85,
      0.0
    ],
    [
      4.05,
      3.0,
      0.0
    ],
    [
      4.05,
      3.15,
      0.0
    ],
    [
      3.9,
      3.3,
      0.0
    ],
    [
      3.75,
      3.45,
      0.0
    ],
    [
      3.6,
      3.6,
      0.0
    ],
    [
      3.45,
      3.75,
      0.0
    ],
    [
      3.3,
      3.9,
      0.0
    ],
    [
      3.15,
      4.05,
      0.0
    ],
    [
      3.15,
      4.2,
      0.0
    ],
    [
      3.15,
      4.35,
      0.0
    ],
    [
      3.15,
      4.5,
      0.0
    ],
    [
      3.15,
      4.65,
      0.0
    ],
    [
      3.15,
      4.8,
      0.0
    ],
    [
      3.15,
      4.95,
      0.0
    ],
    [
      3.15,
      5.1,
      0.0
    ],
    [
      3.15,
      5.25,
      0.0
    ],
    [
      3.15,
      5.4,
      0.0
    ],
    [
      3.075508616408293,
      5.534811878587074,
      0.0
    ]
  ]
}