{
  "algorithm": "semantic_dstar_lite",
  "scene_file": "/Users/ishita/Documents/GitHub/BEACON-semantics/data/complex/scenes/cluttered_008.json",
  "scene_family": "cluttered",
  "workspace": [
    0,
    6,
    0,
    6
  ],
  "start": [
    4.594396824206142,
    3.8169628486907334,
    0.0
  ],
  "goal": [
    0.5910822365210684,
    4.322229711312427,
    0.0
  ],
  "success": true,
  "summary": {
    "success": true,
    "algorithm": "semantic_dstar_lite",
    "grid_start": [
      31,
      25
    ],
    "grid_goal": [
      4,
      29
    ],
    "num_waypoints": 34,
    "path_length": 5.4241,
    "lambda_occ": 5.0,
    "lambda_sem": 2.5,
    "step": 0.15,
    "robot_radius": 0.12
  },
  "planner_config": {
    "step": 0.15,
    "robot_radius": 0.12,
    "lambda_occ": 5.0,
    "lambda_sem": 2.5,
    "step_duration": 1.0,
    "dynamic_decay": 2.5
  },
  "path": [
    [
      4.594396824206142,
      3.8169628486907334,
      0.0
    ],
    [
      4.5,
      3.75,
      0.0
    ],
    [
      4.35,
      3.75,
      0.0
    ],
    [
      4.2,
      3.75,
      0.0
    ],
    [
      4.05,
      3.75,
      0.0
    ],
    [
      3.9,
      3.75,
      0.0
    ],
    [
      3.75,
      3.75,
      0.0
    ],
    [
      3.6,
      3.75,
      0.0
    ],
    [
      3.45,
      3.75,
      0.0
    ],
    [
      3.3,
      3.75,
      0.0
    ],
    [
      3.15,
      3.6,
      0.0
    ],
    [
      3.0,
      3.6,
      0.0
    ],
    [
      2.85,
      3.6,
      0.0
    ],
    [
      2.7,
      3.6,
      0.0
    ],
    [
      2.55,
      3.6,
      0.0
    ],
    [
      2.4,
      3.6,
      0.0
    ],
    [
      2.25,
      3.45,
      0.0
    ],
    [
      2.1,
      3.3,
      0.0
    ],
    [
      1.95,
      3.15,
      0.0
    ],
    [
      1.8,
      3.15,
      0.0
    ],
    [
      1.65,
      3.15,
      0.0
    ],
    [
      1.5,
      3.15,
      0.0
    ],
    [
      1.35,
      3.15,
      0.0
    ],
    [
      1.2,
      3.3,
      0.0
    ],
    [
      1.2,
      3.45,
      0.0
    ],
    [
      1.2,
      3.6,
      0.0
    ],
    [
      1.2,
      3.75,
      0.0
    ],
    [
      1.35,
      3.9,
      0.0
    ],
    [
      1.35,
      4.05,
      0.0
    ],
    [
      1.2,
      4.2,
      0.0
    ],
    [
      1.05,
      4.35,
      0.0
    ],
    [
      0.9,
      4.35,
      0.0
    ],
    [
      0.75,
      4.35,
      0.0
    ],
    [
      0.5910822365210684,
      4.322229711312427,
      0.0
    ]
  ]
}