{
  "algorithm": "semantic_dstar_lite",
  "scene_file": "/Users/ishita/Documents/GitHub/BEACON-semantics/data/complex/scenes/cluttered_021.json",
  "scene_family": "cluttered",
  "workspace": [
    0,
    6,
    0,
    6
  ],
  "start": [
    4.520079912567783,
    0.65043938477116,
    0.0
  ],
  "goal": [
    4.495734718381787,
    4.749708385831322,
    0.0
  ],
  "success": true,
  "summary": {
    "success": true,
    "algorithm": "semantic_dstar_lite",
    "grid_start": [
      30,
      4
    ],
    "grid_goal": [
      30,
      32
    ],
    "num_waypoints": 29,
    "path_length": 4.7227,
    "lambda_occ": 5.0,
    "lambda_sem": 2.5,
    "step": 0.15,
    "robot_radius": 0.12
  },
  "planner_config": {
    "step": 0.15,
    "robot_radius": 0.12,
    "lambda_occ": 5.0,
    "lambda_sem": 2.5,
    "step_duration": 1.0,
    "dynamic_decay": 2.5
  },
  "path": [
    [
      4.520079912567783,
      0.65043938477116,
      0.0
    ],
    [
      4.5,
      0.75,
      0.0
    ],
    [
      4.65,
      0.9,
      0.0
    ],
    [
      4.8,
      1.05,
      0.0
    ],
    [
      4.95,
      1.2,
      0.0
    ],
    [
      4.95,
      1.35,
      0.0
    ],
    [
      4.8,
      1.5,
      0.0
    ],
    [
      4.8,
      1.65,
      0.0
    ],
    [
      4.8,
      1.8,
      0.0
    ],
    [
      4.8,
      1.95,
      0.0
    ],
    [
      4.8,
      2.1,
      0.0
    ],
    [
      4.8,
      2.25,
      0.0
    ],
    [
      4.8,
      2.4,
      0.0
    ],
    [
      4.8,
      2.55,
      0.0
    ],
    [
      4.8,
      2.7,
      0.0
    ],
    [
      4.8,
      2.85,
      0.0
    ],
    [
      4.65,
      3.0,
      0.0
    ],
    [
      4.5,
      3.15,
      0.0
    ],
    [
      4.5,
      3.3,
      0.0
    ],
    [
      4.5,
      3.45,
      0.0
    ],
    [
      4.35,
      3.6,
      0.0
    ],
    [
      4.2,
      3.75,
      0.0
    ],
    [
      4.2,
      3.9,
      0.0
    ],
    [
      4.35,
      4.05,
      0.0
    ],
    [
      4.35,
      4.2,
      0.0
    ],
    [
      4.5,
      4.35,
      0.0
    ],
    [
      4.5,
      4.5,
      0.0
    ],
    [
      4.5,
      4.65,
      0.0
    ],
    [
      4.495734718381787,
      4.749708385831322,
      0.0
    ]
  ]
}