{
  "algorithm": "semantic_dstar_lite",
  "scene_file": "/Users/ishita/Documents/GitHub/BEACON-semantics/data/complex/scenes/cluttered_036.json",
  "scene_family": "cluttered",
  "workspace": [
    0,
    6,
    0,
    6
  ],
  "start": [
    4.468552942588673,
    5.306884100184353,
    0.0
  ],
  "goal": [
    4.745929347750318,
    1.1631524974927596,
    0.0
  ],
  "success": true,
  "summary": {
    "success": true,
    "algorithm": "semantic_dstar_lite",
    "grid_start": [
      30,
      35
    ],
    "grid_goal": [
      32,
      8
    ],
    "num_waypoints": 28,
    "path_length": 5.1717,
    "lambda_occ": 5.0,
    "lambda_sem": 2.5,
    "step": 0.15,
    "robot_radius": 0.12
  },
  "planner_config": {
    "step": 0.15,
    "robot_radius": 0.12,
    "lambda_occ": 5.0,
    "lambda_sem": 2.5,
    "step_duration": 1.0,
    "dynamic_decay": 2.5
  },
  "path": [
    [
      4.468552942588673,
      5.306884100184353,
      0.0
    ],
    [
      4.65,
      5.1,
      0.0
    ],
    [
      4.8,
      4.95,
      0.0
    ],
    [
      4.8,
      4.8,
      0.0
    ],
    [
      4.8,
      4.65,
      0.0
    ],
    [
      4.8,
      4.5,
      0.0
    ],
    [
      4.8,
      4.35,
      0.0
    ],
    [
      4.8,
      4.2,
      0.0
    ],
    [
      4.8,
      4.05,
      0.0
    ],
    [
      4.95,
      3.9,
      0.0
    ],
    [
      4.95,
      3.75,
      0.0
    ],
    [
      4.95,
      3.6,
      0.0
    ],
    [
      5.1,
      3.45,
      0.0
    ],
    [
      5.25,
      3.3,
      0.0
    ],
    [
      5.4,
      3.15,
      0.0
    ],
    [
      5.55,
      3.0,
      0.0
    ],
    [
      5.7,
      2.85,
      0.0
    ],
    [
      5.85,
      2.7,
      0.0
    ],
    [
      5.85,
      2.55,
      0.0
    ],
    [
      5.85,
      2.4,
      0.0
    ],
    [
      5.85,
      2.25,
      0.0
    ],
    [
      5.7,
      2.1,
      0.0
    ],
    [
      5.55,
      1.95,
      0.0
    ],
    [
      5.4,
      1.8,
      0.0
    ],
    [
      5.25,
      1.65,
      0.0
    ],
    [
      5.1,
      1.5,
      0.0
    ],
    [
      4.95,
      1.35,
      0.0
    ],
    [
      4.745929347750318,
      1.1631524974927596,
      0.0
    ]
  ]
}