{
  "algorithm": "semantic_dstar_lite",
  "scene_file": "/Users/ishita/Documents/GitHub/BEACON-semantics/data/complex/scenes/cluttered_068.json",
  "scene_family": "cluttered",
  "workspace": [
    0,
    6,
    0,
    6
  ],
  "start": [
    4.1421624111171615,
    0.7893934204101917,
    0.0
  ],
  "goal": [
    5.150794752706031,
    4.582109447818294,
    0.0
  ],
  "success": true,
  "summary": {
    "success": true,
    "algorithm": "semantic_dstar_lite",
    "grid_start": [
      28,
      5
    ],
    "grid_goal": [
      34,
      31
    ],
    "num_waypoints": 27,
    "path_length": 4.5009,
    "lambda_occ": 5.0,
    "lambda_sem": 2.5,
    "step": 0.15,
    "robot_radius": 0.12
  },
  "planner_config": {
    "step": 0.15,
    "robot_radius": 0.12,
    "lambda_occ": 5.0,
    "lambda_sem": 2.5,
    "step_duration": 1.0,
    "dynamic_decay": 2.5
  },
  "path": [
    [
      4.1421624111171615,
      0.7893934204101917,
      0.0
    ],
    [
      4.2,
      0.9,
      0.0
    ],
    [
      4.2,
      1.05,
      0.0
    ],
    [
      4.2,
      1.2,
      0.0
    ],
    [
      4.05,
      1.35,
      0.0
    ],
    [
      4.05,
      1.5,
      0.0
    ],
    [
      4.05,
      1.65,
      0.0
    ],
    [
      4.05,
      1.8,
      0.0
    ],
    [
      3.9,
      1.95,
      0.0
    ],
    [
      3.9,
      2.1,
      0.0
    ],
    [
      3.9,
      2.25,
      0.0
    ],
    [
      4.05,
      2.4,
      0.0
    ],
    [
      4.05,
      2.55,
      0.0
    ],
    [
      4.05,
      2.7,
      0.0
    ],
    [
      4.05,
      2.85,
      0.0
    ],
    [
      4.2,
      3.0,
      0.0
    ],
    [
      4.2,
      3.15,
      0.0
    ],
    [
      4.2,
      3.3,
      0.0
    ],
    [
      4.2,
      3.45,
      0.0
    ],
    [
      4.2,
      3.6,
      0.0
    ],
    [
      4.2,
      3.75,
      0.0
    ],
    [
      4.35,
      3.9,
      0.0
    ],
    [
      4.5,
      4.05,
      0.0
    ],
    [
      4.65,
      4.2,
      0.0
    ],
    [
      4.8,
      4.35,
      0.0
    ],
    [
      4.95,
      4.5,
      0.0
    ],
    [
      5.150794752706031,
      4.582109447818294,
      0.0
    ]
  ]
}