{
  "algorithm": "semantic_dstar_lite",
  "scene_file": "/Users/ishita/Documents/GitHub/BEACON-semantics/data/complex/scenes/cluttered_083.json",
  "scene_family": "cluttered",
  "workspace": [
    0,
    6,
    0,
    6
  ],
  "start": [
    1.1937151863678355,
    2.165200002495936,
    0.0
  ],
  "goal": [
    4.625224061022498,
    0.4821944214681808,
    0.0
  ],
  "success": true,
  "summary": {
    "success": true,
    "algorithm": "semantic_dstar_lite",
    "grid_start": [
      8,
      14
    ],
    "grid_goal": [
      31,
      3
    ],
    "num_waypoints": 26,
    "path_length": 4.5908,
    "lambda_occ": 5.0,
    "lambda_sem": 2.5,
    "step": 0.15,
    "robot_radius": 0.12
  },
  "planner_config": {
    "step": 0.15,
    "robot_radius": 0.12,
    "lambda_occ": 5.0,
    "lambda_sem": 2.5,
    "step_duration": 1.0,
    "dynamic_decay": 2.5
  },
  "path": [
    [
      1.1937151863678355,
      2.165200002495936,
      0.0
    ],
    [
      1.35,
      1.95,
      0.0
    ],
    [
      1.5,
      1.95,
      0.0
    ],
    [
      1.65,
      1.95,
      0.0
    ],
    [
      1.8,
      1.95,
      0.0
    ],
    [
      1.95,
      1.95,
      0.0
    ],
    [
      2.1,
      1.8,
      0.0
    ],
    [
      2.25,
      1.65,
      0.0
    ],
    [
      2.4,
      1.5,
      0.0
    ],
    [
      2.55,
      1.35,
      0.0
    ],
    [
      2.7,
      1.2,
      0.0
    ],
    [
      2.85,
      1.05,
      0.0
    ],
    [
      2.85,
      0.9,
      0.0
    ],
    [
      2.85,
      0.75,
      0.0
    ],
    [
      3.0,
      0.6,
      0.0
    ],
    [
      3.15,
      0.45,
      0.0
    ],
    [
      3.3,
      0.45,
      0.0
    ],
    [
      3.45,
      0.45,
      0.0
    ],
    [
      3.6,
      0.3,
      0.0
    ],
    [
      3.75,
      0.3,
      0.0
    ],
    [
      3.9,
      0.15,
      0.0
    ],
    [
      4.05,
      0.15,
      0.0
    ],
    [
      4.2,
      0.3,
      0.0
    ],
    [
      4.35,
      0.45,
      0.0
    ],
    [
      4.5,
      0.45,
      0.0
    ],
    [
      4.625224061022498,
      0.4821944214681808,
      0.0
    ]
  ]
}