{
  "algorithm": "semantic_dstar_lite",
  "scene_file": "/Users/ishita/Documents/GitHub/BEACON-semantics/data/complex/scenes/cluttered_016.json",
  "scene_family": "cluttered",
  "workspace": [
    0,
    6,
    0,
    6
  ],
  "start": [
    1.4001552895441167,
    1.1990554202576897,
    0.0
  ],
  "goal": [
    4.517711193085673,
    3.076653504362937,
    0.0
  ],
  "success": true,
  "summary": {
    "success": true,
    "algorithm": "semantic_dstar_lite",
    "grid_start": [
      9,
      8
    ],
    "grid_goal": [
      30,
      21
    ],
    "num_waypoints": 28,
    "path_length": 4.5313,
    "lambda_occ": 5.0,
    "lambda_sem": 2.5,
    "step": 0.15,
    "robot_radius": 0.12
  },
  "planner_config": {
    "step": 0.15,
    "robot_radius": 0.12,
    "lambda_occ": 5.0,
    "lambda_sem": 2.5,
    "step_duration": 1.0,
    "dynamic_decay": 2.5
  },
  "path": [
    [
      1.4001552895441167,
      1.1990554202576897,
      0.0
    ],
    [
      1.5,
      1.2,
      0.0
    ],
    [
      1.65,
      1.2,
      0.0
    ],
    [
      1.8,
      1.2,
      0.0
    ],
    [
      1.95,
      1.2,
      0.0
    ],
    [
      2.1,
      1.2,
      0.0
    ],
    [
      2.25,
      1.2,
      0.0
    ],
    [
      2.4,
      1.2,
      0.0
    ],
    [
      2.55,
      1.2,
      0.0
    ],
    [
      2.7,
      1.2,
      0.0
    ],
    [
      2.85,
      1.2,
      0.0
    ],
    [
      3.0,
      1.05,
      0.0
    ],
    [
      3.15,
      1.05,
      0.0
    ],
    [
      3.3,
      1.05,
      0.0
    ],
    [
      3.45,
      1.2,
      0.0
    ],
    [
      3.6,
      1.35,
      0.0
    ],
    [
      3.75,
      1.5,
      0.0
    ],
    [
      3.75,
      1.65,
      0.0
    ],
    [
      3.75,
      1.8,
      0.0
    ],
    [
      3.75,
      1.95,
      0.0
    ],
    [
      3.75,
      2.1,
      0.0
    ],
    [
      3.75,
      2.25,
      0.0
    ],
    [
      3.75,
      2.4,
      0.0
    ],
    [
      3.9,
      2.55,
      0.0
    ],
    [
      4.05,
      2.7,
      0.0
    ],
    [
      4.2,
      2.85,
      0.0
    ],
    [
      4.35,
      3.0,
      0.0
    ],
    [
      4.517711193085673,
      3.076653504362937,
      0.0
    ]
  ]
}