{
  "algorithm": "semantic_dstar_lite",
  "scene_file": "/Users/ishita/Documents/GitHub/BEACON-semantics/data/complex/scenes/cluttered_072.json",
  "scene_family": "cluttered",
  "workspace": [
    0,
    6,
    0,
    6
  ],
  "start": [
    0.5562910357364831,
    5.267182503032845,
    0.0
  ],
  "goal": [
    4.1801175959535275,
    2.849915760910665,
    0.0
  ],
  "success": true,
  "summary": {
    "success": true,
    "algorithm": "semantic_dstar_lite",
    "grid_start": [
      4,
      35
    ],
    "grid_goal": [
      28,
      19
    ],
    "num_waypoints": 25,
    "path_length": 4.618,
    "lambda_occ": 5.0,
    "lambda_sem": 2.5,
    "step": 0.15,
    "robot_radius": 0.12
  },
  "planner_config": {
    "step": 0.15,
    "robot_radius": 0.12,
    "lambda_occ": 5.0,
    "lambda_sem": 2.5,
    "step_duration": 1.0,
    "dynamic_decay": 2.5
  },
  "path": [
    [
      0.5562910357364831,
      5.267182503032845,
      0.0
    ],
    [
      0.75,
      5.1,
      0.0
    ],
    [
      0.9,
      4.95,
      0.0
    ],
    [
      1.05,
      4.8,
      0.0
    ],
    [
      1.2,
      4.65,
      0.0
    ],
    [
      1.35,
      4.5,
      0.0
    ],
    [
      1.5,
      4.35,
      0.0
    ],
    [
      1.65,
      4.2,
      0.0
    ],
    [
      1.8,
      4.05,
      0.0
    ],
    [
      1.95,
      3.9,
      0.0
    ],
    [
      2.1,
      3.9,
      0.0
    ],
    [
      2.25,
      3.75,
      0.0
    ],
    [
      2.4,
      3.6,
      0.0
    ],
    [
      2.55,
      3.45,
      0.0
    ],
    [
      2.7,
      3.3,
      0.0
    ],
    [
      2.85,
      3.15,
      0.0
    ],
    [
      3.0,
      3.15,
      0.0
    ],
    [
      3.15,
      3.0,
      0.0
    ],
    [
      3.3,
      2.85,
      0.0
    ],
    [
      3.45,
      2.85,
      0.0
    ],
    [
      3.6,
      2.85,
      0.0
    ],
    [
      3.75,
      2.85,
      0.0
    ],
    [
      3.9,
      2.85,
      0.0
    ],
    [
      4.05,
      2.85,
      0.0
    ],
    [
      4.1801175959535275,
      2.849915760910665,
      0.0
    ]
  ]
}