{
  "algorithm": "semantic_dstar_lite",
  "scene_file": "/Users/ishita/Documents/GitHub/BEACON-semantics/data/complex/scenes/cluttered_082.json",
  "scene_family": "cluttered",
  "workspace": [
    0,
    6,
    0,
    6
  ],
  "start": [
    2.0837561578312953,
    1.3230267175089419,
    0.0
  ],
  "goal": [
    5.290266450855758,
    4.141748311385424,
    0.0
  ],
  "success": true,
  "summary": {
    "success": true,
    "algorithm": "semantic_dstar_lite",
    "grid_start": [
      14,
      9
    ],
    "grid_goal": [
      35,
      28
    ],
    "num_waypoints": 26,
    "path_length": 4.6629,
    "lambda_occ": 5.0,
    "lambda_sem": 2.5,
    "step": 0.15,
    "robot_radius": 0.12
  },
  "planner_config": {
    "step": 0.15,
    "robot_radius": 0.12,
    "lambda_occ": 5.0,
    "lambda_sem": 2.5,
    "step_duration": 1.0,
    "dynamic_decay": 2.5
  },
  "path": [
    [
      2.0837561578312953,
      1.3230267175089419,
      0.0
    ],
    [
      2.25,
      1.5,
      0.0
    ],
    [
      2.4,
      1.65,
      0.0
    ],
    [
      2.55,
      1.8,
      0.0
    ],
    [
      2.7,
      1.8,
      0.0
    ],
    [
      2.85,
      1.8,
      0.0
    ],
    [
      3.0,
      1.8,
      0.0
    ],
    [
      3.15,
      1.95,
      0.0
    ],
    [
      3.3,
      2.1,
      0.0
    ],
    [
      3.45,
      2.25,
      0.0
    ],
    [
      3.45,
      2.4,
      0.0
    ],
    [
      3.45,
      2.55,
      0.0
    ],
    [
      3.6,
      2.7,
      0.0
    ],
    [
      3.75,
      2.85,
      0.0
    ],
    [
      3.9,
      3.0,
      0.0
    ],
    [
      4.05,
      3.0,
      0.0
    ],
    [
      4.2,
      3.0,
      0.0
    ],
    [
      4.35,
      3.0,
      0.0
    ],
    [
      4.5,
      3.15,
      0.0
    ],
    [
      4.65,
      3.3,
      0.0
    ],
    [
      4.8,
      3.45,
      0.0
    ],
    [
      4.95,
      3.6,
      0.0
    ],
    [
      5.1,
      3.75,
      0.0
    ],
    [
      5.25,
      3.9,
      0.0
    ],
    [
      5.25,
      4.05,
      0.0
    ],
    [
      5.290266450855758,
      4.141748311385424,
      0.0
    ]
  ]
}