{
  "algorithm": "semantic_dstar_lite",
  "scene_file": "/Users/ishita/Documents/GitHub/BEACON-semantics/data/complex/scenes/cluttered_079.json",
  "scene_family": "cluttered",
  "workspace": [
    0,
    6,
    0,
    6
  ],
  "start": [
    3.6032020522246766,
    1.5191930888025724,
    0.0
  ],
  "goal": [
    1.1781664461200967,
    4.269743096121468,
    0.0
  ],
  "success": true,
  "summary": {
    "success": true,
    "algorithm": "semantic_dstar_lite",
    "grid_start": [
      24,
      10
    ],
    "grid_goal": [
      8,
      28
    ],
    "num_waypoints": 20,
    "path_length": 3.8067,
    "lambda_occ": 5.0,
    "lambda_sem": 2.5,
    "step": 0.15,
    "robot_radius": 0.12
  },
  "planner_config": {
    "step": 0.15,
    "robot_radius": 0.12,
    "lambda_occ": 5.0,
    "lambda_sem": 2.5,
    "step_duration": 1.0,
    "dynamic_decay": 2.5
  },
  "path": [
    [
      3.6032020522246766,
      1.5191930888025724,
      0.0
    ],
    [
      3.45,
      1.65,
      0.0
    ],
    [
      3.3,
      1.8,
      0.0
    ],
    [
      3.15,
      1.95,
      0.0
    ],
    [
      3.0,
      2.1,
      0.0
    ],
    [
      2.85,
      2.25,
      0.0
    ],
    [
      2.7,
      2.4,
      0.0
    ],
    [
      2.55,
      2.55,
      0.0
    ],
    [
      2.4,
      2.7,
      0.0
    ],
    [
      2.25,
      2.85,
      0.0
    ],
    [
      2.25,
      3.0,
      0.0
    ],
    [
      2.25,
      3.15,
      0.0
    ],
    [
      2.25,
      3.3,
      0.0
    ],
    [
      2.1,
      3.45,
      0.0
    ],
    [
      1.95,
      3.6,
      0.0
    ],
    [
      1.8,
      3.75,
      0.0
    ],
    [
      1.65,
      3.9,
      0.0
    ],
    [
      1.5,
      4.05,
      0.0
    ],
    [
      1.35,
      4.2,
      0.0
    ],
    [
      1.1781664461200967,
      4.269743096121468,
      0.0
    ]
  ]
}