{
  "algorithm": "semantic_dstar_lite",
  "scene_file": "/Users/ishita/Documents/GitHub/BEACON-semantics/data/complex/scenes/cluttered_055.json",
  "scene_family": "cluttered",
  "workspace": [
    0,
    6,
    0,
    6
  ],
  "start": [
    3.089090265991529,
    4.104760962254161,
    0.0
  ],
  "goal": [
    4.2683214139568095,
    0.7686598501813293,
    0.0
  ],
  "success": true,
  "summary": {
    "success": true,
    "algorithm": "semantic_dstar_lite",
    "grid_start": [
      21,
      27
    ],
    "grid_goal": [
      28,
      5
    ],
    "num_waypoints": 24,
    "path_length": 4.0087,
    "lambda_occ": 5.0,
    "lambda_sem": 2.5,
    "step": 0.15,
    "robot_radius": 0.12
  },
  "planner_config": {
    "step": 0.15,
    "robot_radius": 0.12,
    "lambda_occ": 5.0,
    "lambda_sem": 2.5,
    "step_duration": 1.0,
    "dynamic_decay": 2.5
  },
  "path": [
    [
      3.089090265991529,
      4.104760962254161,
      0.0
    ],
    [
      3.15,
      3.9,
      0.0
    ],
    [
      3.15,
      3.75,
      0.0
    ],
    [
      3.15,
      3.6,
      0.0
    ],
    [
      3.15,
      3.45,
      0.0
    ],
    [
      3.15,
      3.3,
      0.0
    ],
    [
      3.15,
      3.15,
      0.0
    ],
    [
      3.15,
      3.0,
      0.0
    ],
    [
      3.15,
      2.85,
      0.0
    ],
    [
      3.15,
      2.7,
      0.0
    ],
    [
      3.15,
      2.55,
      0.0
    ],
    [
      3.0,
      2.4,
      0.0
    ],
    [
      3.15,
      2.25,
      0.0
    ],
    [
      3.3,
      2.1,
      0.0
    ],
    [
      3.45,
      1.95,
      0.0
    ],
    [
      3.6,
      1.8,
      0.0
    ],
    [
      3.75,
      1.8,
      0.0
    ],
    [
      3.9,
      1.65,
      0.0
    ],
    [
      4.05,
      1.5,
      0.0
    ],
    [
      4.05,
      1.35,
      0.0
    ],
    [
      4.05,
      1.2,
      0.0
    ],
    [
      4.2,
      1.05,
      0.0
    ],
    [
      4.2,
      0.9,
      0.0
    ],
    [
      4.2683214139568095,
      0.7686598501813293,
      0.0
    ]
  ]
}