{
  "algorithm": "semantic_dstar_lite",
  "scene_file": "/Users/ishita/Documents/GitHub/BEACON-semantics/data/complex/scenes/cluttered_011.json",
  "scene_family": "cluttered",
  "workspace": [
    0,
    6,
    0,
    6
  ],
  "start": [
    1.8612777858026865,
    4.8168932950591845,
    0.0
  ],
  "goal": [
    2.516837200193912,
    1.0222939151589794,
    0.0
  ],
  "success": true,
  "summary": {
    "success": true,
    "algorithm": "semantic_dstar_lite",
    "grid_start": [
      12,
      32
    ],
    "grid_goal": [
      17,
      7
    ],
    "num_waypoints": 28,
    "path_length": 4.8654,
    "lambda_occ": 5.0,
    "lambda_sem": 2.5,
    "step": 0.15,
    "robot_radius": 0.12
  },
  "planner_config": {
    "step": 0.15,
    "robot_radius": 0.12,
    "lambda_occ": 5.0,
    "lambda_sem": 2.5,
    "step_duration": 1.0,
    "dynamic_decay": 2.5
  },
  "path": [
    [
      1.8612777858026865,
      4.8168932950591845,
      0.0
    ],
    [
      1.95,
      4.65,
      0.0
    ],
    [
      2.1,
      4.5,
      0.0
    ],
    [
      2.25,
      4.5,
      0.0
    ],
    [
      2.4,
      4.5,
      0.0
    ],
    [
      2.55,
      4.35,
      0.0
    ],
    [
      2.55,
      4.2,
      0.0
    ],
    [
      2.55,
      4.05,
      0.0
    ],
    [
      2.55,
      3.9,
      0.0
    ],
    [
      2.55,
      3.75,
      0.0
    ],
    [
      2.4,
      3.6,
      0.0
    ],
    [
      2.25,
      3.45,
      0.0
    ],
    [
      2.1,
      3.3,
      0.0
    ],
    [
      2.1,
      3.15,
      0.0
    ],
    [
      2.25,
      3.0,
      0.0
    ],
    [
      2.25,
      2.85,
      0.0
    ],
    [
      2.4,
      2.7,
      0.0
    ],
    [
      2.55,
      2.55,
      0.0
    ],
    [
      2.55,
      2.4,
      0.0
    ],
    [
      2.7,
      2.25,
      0.0
    ],
    [
      2.85,
      2.1,
      0.0
    ],
    [
      2.85,
      1.95,
      0.0
    ],
    [
      2.85,
      1.8,
      0.0
    ],
    [
      2.7,
      1.65,
      0.0
    ],
    [
      2.7,
      1.5,
      0.0
    ],
    [
      2.55,
      1.35,
      0.0
    ],
    [
      2.55,
      1.2,
      0.0
    ],
    [
      2.516837200193912,
      1.0222939151589794,
      0.0
    ]
  ]
}