{
  "algorithm": "semantic_dstar_lite",
  "scene_file": "/Users/ishita/Documents/GitHub/BEACON-semantics/data/complex/scenes/cluttered_015.json",
  "scene_family": "cluttered",
  "workspace": [
    0,
    6,
    0,
    6
  ],
  "start": [
    1.5492796967017797,
    0.8932129936984643,
    0.0
  ],
  "goal": [
    3.1297530811197762,
    4.904373438339202,
    0.0
  ],
  "success": true,
  "summary": {
    "success": true,
    "algorithm": "semantic_dstar_lite",
    "grid_start": [
      10,
      6
    ],
    "grid_goal": [
      21,
      33
    ],
    "num_waypoints": 30,
    "path_length": 5.0883,
    "lambda_occ": 5.0,
    "lambda_sem": 2.5,
    "step": 0.15,
    "robot_radius": 0.12
  },
  "planner_config": {
    "step": 0.15,
    "robot_radius": 0.12,
    "lambda_occ": 5.0,
    "lambda_sem": 2.5,
    "step_duration": 1.0,
    "dynamic_decay": 2.5
  },
  "path": [
    [
      1.5492796967017797,
      0.8932129936984643,
      0.0
    ],
    [
      1.65,
      1.05,
      0.0
    ],
    [
      1.65,
      1.2,
      0.0
    ],
    [
      1.65,
      1.35,
      0.0
    ],
    [
      1.65,
      1.5,
      0.0
    ],
    [
      1.65,
      1.65,
      0.0
    ],
    [
      1.65,
      1.8,
      0.0
    ],
    [
      1.8,
      1.95,
      0.0
    ],
    [
      1.65,
      2.1,
      0.0
    ],
    [
      1.65,
      2.25,
      0.0
    ],
    [
      1.65,
      2.4,
      0.0
    ],
    [
      1.65,
      2.55,
      0.0
    ],
    [
      1.65,
      2.7,
      0.0
    ],
    [
      1.5,
      2.85,
      0.0
    ],
    [
      1.5,
      3.0,
      0.0
    ],
    [
      1.65,
      3.15,
      0.0
    ],
    [
      1.8,
      3.3,
      0.0
    ],
    [
      1.95,
      3.45,
      0.0
    ],
    [
      2.1,
      3.6,
      0.0
    ],
    [
      2.25,
      3.75,
      0.0
    ],
    [
      2.4,
      3.75,
      0.0
    ],
    [
      2.55,
      3.75,
      0.0
    ],
    [
      2.7,
      3.9,
      0.0
    ],
    [
      2.85,
      4.05,
      0.0
    ],
    [
      2.85,
      4.2,
      0.0
    ],
    [
      3.0,
      4.35,
      0.0
    ],
    [
      3.0,
      4.5,
      0.0
    ],
    [
      3.15,
      4.65,
      0.0
    ],
    [
      3.15,
      4.8,
      0.0
    ],
    [
      3.1297530811197762,
      4.904373438339202,
      0.0
    ]
  ]
}