{
  "algorithm": "semantic_dstar_lite",
  "scene_file": "/Users/ishita/Documents/GitHub/BEACON-semantics/data/complex/scenes/cluttered_003.json",
  "scene_family": "cluttered",
  "workspace": [
    0,
    6,
    0,
    6
  ],
  "start": [
    5.397995967064289,
    2.980140099585121,
    0.0
  ],
  "goal": [
    0.9306425556711304,
    4.33970208893265,
    0.0
  ],
  "success": true,
  "summary": {
    "success": true,
    "algorithm": "semantic_dstar_lite",
    "grid_start": [
      36,
      20
    ],
    "grid_goal": [
      6,
      29
    ],
    "num_waypoints": 35,
    "path_length": 6.6313,
    "lambda_occ": 5.0,
    "lambda_sem": 2.5,
    "step": 0.15,
    "robot_radius": 0.12
  },
  "planner_config": {
    "step": 0.15,
    "robot_radius": 0.12,
    "lambda_occ": 5.0,
    "lambda_sem": 2.5,
    "step_duration": 1.0,
    "dynamic_decay": 2.5
  },
  "path": [
    [
      5.397995967064289,
      2.980140099585121,
      0.0
    ],
    [
      5.25,
      2.85,
      0.0
    ],
    [
      5.1,
      2.7,
      0.0
    ],
    [
      4.95,
      2.55,
      0.0
    ],
    [
      4.8,
      2.4,
      0.0
    ],
    [
      4.65,
      2.25,
      0.0
    ],
    [
      4.5,
      2.1,
      0.0
    ],
    [
      4.35,
      1.95,
      0.0
    ],
    [
      4.2,
      1.8,
      0.0
    ],
    [
      4.05,
      1.65,
      0.0
    ],
    [
      3.9,
      1.5,
      0.0
    ],
    [
      3.75,
      1.5,
      0.0
    ],
    [
      3.6,
      1.65,
      0.0
    ],
    [
      3.45,
      1.8,
      0.0
    ],
    [
      3.3,
      1.95,
      0.0
    ],
    [
      3.15,
      2.1,
      0.0
    ],
    [
      3.0,
      2.1,
      0.0
    ],
    [
      2.85,
      2.1,
      0.0
    ],
    [
      2.7,
      2.1,
      0.0
    ],
    [
      2.55,
      2.25,
      0.0
    ],
    [
      2.4,
      2.4,
      0.0
    ],
    [
      2.25,
      2.55,
      0.0
    ],
    [
      2.1,
      2.7,
      0.0
    ],
    [
      1.95,
      2.85,
      0.0
    ],
    [
      1.8,
      3.0,
      0.0
    ],
    [
      1.65,
      3.0,
      0.0
    ],
    [
      1.5,
      3.15,
      0.0
    ],
    [
      1.35,
      3.3,
      0.0
    ],
    [
      1.2,
      3.45,
      0.0
    ],
    [
      1.2,
      3.6,
      0.0
    ],
    [
      1.05,
      3.75,
      0.0
    ],
    [
      0.9,
      3.9,
      0.0
    ],
    [
      0.9,
      4.05,
      0.0
    ],
    [
      0.9,
      4.2,
      0.0
    ],
    [
      0.9306425556711304,
      4.33970208893265,
      0.0
    ]
  ]
}