{
  "algorithm": "semantic_dstar_lite",
  "scene_file": "/Users/ishita/Documents/GitHub/BEACON-semantics/data/complex/scenes/cluttered_098.json",
  "scene_family": "cluttered",
  "workspace": [
    0,
    6,
    0,
    6
  ],
  "start": [
    4.305734413863399,
    4.625999897161524,
    0.0
  ],
  "goal": [
    0.7560059312062487,
    3.7483530276870285,
    0.0
  ],
  "success": true,
  "summary": {
    "success": true,
    "algorithm": "semantic_dstar_lite",
    "grid_start": [
      29,
      31
    ],
    "grid_goal": [
      5,
      25
    ],
    "num_waypoints": 25,
    "path_length": 3.9191,
    "lambda_occ": 5.0,
    "lambda_sem": 2.5,
    "step": 0.15,
    "robot_radius": 0.12
  },
  "planner_config": {
    "step": 0.15,
    "robot_radius": 0.12,
    "lambda_occ": 5.0,
    "lambda_sem": 2.5,
    "step_duration": 1.0,
    "dynamic_decay": 2.5
  },
  "path": [
    [
      4.305734413863399,
      4.625999897161524,
      0.0
    ],
    [
      4.2,
      4.5,
      0.0
    ],
    [
      4.05,
      4.35,
      0.0
    ],
    [
      3.9,
      4.35,
      0.0
    ],
    [
      3.75,
      4.35,
      0.0
    ],
    [
      3.6,
      4.2,
      0.0
    ],
    [
      3.45,
      4.05,
      0.0
    ],
    [
      3.3,
      3.9,
      0.0
    ],
    [
      3.15,
      3.9,
      0.0
    ],
    [
      3.0,
      3.9,
      0.0
    ],
    [
      2.85,
      3.9,
      0.0
    ],
    [
      2.7,
      3.9,
      0.0
    ],
    [
      2.55,
      3.9,
      0.0
    ],
    [
      2.4,
      3.9,
      0.0
    ],
    [
      2.25,
      3.9,
      0.0
    ],
    [
      2.1,
      3.75,
      0.0
    ],
    [
      1.95,
      3.75,
      0.0
    ],
    [
      1.8,
      3.75,
      0.0
    ],
    [
      1.65,
      3.75,
      0.0
    ],
    [
      1.5,
      3.75,
      0.0
    ],
    [
      1.35,
      3.75,
      0.0
    ],
    [
      1.2,
      3.75,
      0.0
    ],
    [
      1.05,
      3.75,
      0.0
    ],
    [
      0.9,
      3.75,
      0.0
    ],
    [
      0.7560059312062487,
      3.7483530276870285,
      0.0
    ]
  ]
}