{
  "algorithm": "semantic_dstar_lite",
  "scene_file": "/Users/ishita/Documents/GitHub/BEACON-semantics/data/complex/scenes/cluttered_050.json",
  "scene_family": "cluttered",
  "workspace": [
    0,
    6,
    0,
    6
  ],
  "start": [
    1.5117483957066264,
    1.2288346150573999,
    0.0
  ],
  "goal": [
    5.130900599951461,
    3.3602053248034482,
    0.0
  ],
  "success": true,
  "summary": {
    "success": true,
    "algorithm": "semantic_dstar_lite",
    "grid_start": [
      10,
      8
    ],
    "grid_goal": [
      34,
      22
    ],
    "num_waypoints": 28,
    "path_length": 5.192,
    "lambda_occ": 5.0,
    "lambda_sem": 2.5,
    "step": 0.15,
    "robot_radius": 0.12
  },
  "planner_config": {
    "step": 0.15,
    "robot_radius": 0.12,
    "lambda_occ": 5.0,
    "lambda_sem": 2.5,
    "step_duration": 1.0,
    "dynamic_decay": 2.5
  },
  "path": [
    [
      1.5117483957066264,
      1.2288346150573999,
      0.0
    ],
    [
      1.65,
      1.35,
      0.0
    ],
    [
      1.65,
      1.5,
      0.0
    ],
    [
      1.8,
      1.65,
      0.0
    ],
    [
      1.8,
      1.8,
      0.0
    ],
    [
      1.95,
      1.95,
      0.0
    ],
    [
      2.1,
      2.1,
      0.0
    ],
    [
      2.25,
      2.25,
      0.0
    ],
    [
      2.4,
      2.4,
      0.0
    ],
    [
      2.55,
      2.55,
      0.0
    ],
    [
      2.7,
      2.7,
      0.0
    ],
    [
      2.85,
      2.85,
      0.0
    ],
    [
      3.0,
      3.0,
      0.0
    ],
    [
      3.0,
      3.15,
      0.0
    ],
    [
      3.15,
      3.3,
      0.0
    ],
    [
      3.3,
      3.45,
      0.0
    ],
    [
      3.45,
      3.45,
      0.0
    ],
    [
      3.6,
      3.45,
      0.0
    ],
    [
      3.75,
      3.6,
      0.0
    ],
    [
      3.9,
      3.75,
      0.0
    ],
    [
      4.05,
      3.9,
      0.0
    ],
    [
      4.2,
      3.9,
      0.0
    ],
    [
      4.35,
      3.9,
      0.0
    ],
    [
      4.5,
      3.9,
      0.0
    ],
    [
      4.65,
      3.75,
      0.0
    ],
    [
      4.8,
      3.6,
      0.0
    ],
    [
      4.95,
      3.45,
      0.0
    ],
    [
      5.130900599951461,
      3.3602053248034482,
      0.0
    ]
  ]
}