{
  "algorithm": "semantic_dstar_lite",
  "scene_file": "/Users/ishita/Documents/GitHub/BEACON-semantics/data/complex/scenes/cluttered_095.json",
  "scene_family": "cluttered",
  "workspace": [
    0,
    6,
    0,
    6
  ],
  "start": [
    5.048246275438166,
    2.298334672703417,
    0.0
  ],
  "goal": [
    1.0569311418514051,
    0.9334817111432758,
    0.0
  ],
  "success": true,
  "summary": {
    "success": true,
    "algorithm": "semantic_dstar_lite",
    "grid_start": [
      34,
      15
    ],
    "grid_goal": [
      7,
      6
    ],
    "num_waypoints": 33,
    "path_length": 5.2535,
    "lambda_occ": 5.0,
    "lambda_sem": 2.5,
    "step": 0.15,
    "robot_radius": 0.12
  },
  "planner_config": {
    "step": 0.15,
    "robot_radius": 0.12,
    "lambda_occ": 5.0,
    "lambda_sem": 2.5,
    "step_duration": 1.0,
    "dynamic_decay": 2.5
  },
  "path": [
    [
      5.048246275438166,
      2.298334672703417,
      0.0
    ],
    [
      4.95,
      2.25,
      0.0
    ],
    [
      4.8,
      2.25,
      0.0
    ],
    [
      4.65,
      2.25,
      0.0
    ],
    [
      4.5,
      2.25,
      0.0
    ],
    [
      4.35,
      2.25,
      0.0
    ],
    [
      4.2,
      2.25,
      0.0
    ],
    [
      4.05,
      2.25,
      0.0
    ],
    [
      3.9,
      2.25,
      0.0
    ],
    [
      3.75,
      2.25,
      0.0
    ],
    [
      3.6,
      2.25,
      0.0
    ],
    [
      3.45,
      2.25,
      0.0
    ],
    [
      3.3,
      2.25,
      0.0
    ],
    [
      3.15,
      2.25,
      0.0
    ],
    [
      3.0,
      2.1,
      0.0
    ],
    [
      2.85,
      1.95,
      0.0
    ],
    [
      2.7,
      1.8,
      0.0
    ],
    [
      2.7,
      1.65,
      0.0
    ],
    [
      2.7,
      1.5,
      0.0
    ],
    [
      2.7,
      1.35,
      0.0
    ],
    [
      2.7,
      1.2,
      0.0
    ],
    [
      2.7,
      1.05,
      0.0
    ],
    [
      2.55,
      0.9,
      0.0
    ],
    [
      2.4,
      0.75,
      0.0
    ],
    [
      2.25,
      0.6,
      0.0
    ],
    [
      2.1,
      0.6,
      0.0
    ],
    [
      1.95,
      0.6,
      0.0
    ],
    [
      1.8,
      0.6,
      0.0
    ],
    [
      1.65,
      0.75,
      0.0
    ],
    [
      1.5,
      0.9,
      0.0
    ],
    [
      1.35,
      0.9,
      0.0
    ],
    [
      1.2,
      0.9,
      0.0
    ],
    [
      1.0569311418514051,
      0.9334817111432758,
      0.0
    ]
  ]
}