{
  "algorithm": "semantic_dstar_lite",
  "scene_file": "/Users/ishita/Documents/GitHub/BEACON-semantics/data/complex/scenes/cluttered_019.json",
  "scene_family": "cluttered",
  "workspace": [
    0,
    6,
    0,
    6
  ],
  "start": [
    1.6403871896854905,
    3.492537755290487,
    0.0
  ],
  "goal": [
    4.844539848777764,
    1.7306103957072643,
    0.0
  ],
  "success": true,
  "summary": {
    "success": true,
    "algorithm": "semantic_dstar_lite",
    "grid_start": [
      11,
      23
    ],
    "grid_goal": [
      32,
      12
    ],
    "num_waypoints": 23,
    "path_length": 4.1401,
    "lambda_occ": 5.0,
    "lambda_sem": 2.5,
    "step": 0.15,
    "robot_radius": 0.12
  },
  "planner_config": {
    "step": 0.15,
    "robot_radius": 0.12,
    "lambda_occ": 5.0,
    "lambda_sem": 2.5,
    "step_duration": 1.0,
    "dynamic_decay": 2.5
  },
  "path": [
    [
      1.6403871896854905,
      3.492537755290487,
      0.0
    ],
    [
      1.8,
      3.3,
      0.0
    ],
    [
      1.95,
      3.15,
      0.0
    ],
    [
      2.1,
      3.0,
      0.0
    ],
    [
      2.25,
      3.0,
      0.0
    ],
    [
      2.4,
      3.0,
      0.0
    ],
    [
      2.55,
      3.0,
      0.0
    ],
    [
      2.7,
      2.85,
      0.0
    ],
    [
      2.85,
      2.85,
      0.0
    ],
    [
      3.0,
      2.7,
      0.0
    ],
    [
      3.15,
      2.55,
      0.0
    ],
    [
      3.3,
      2.4,
      0.0
    ],
    [
      3.45,
      2.25,
      0.0
    ],
    [
      3.6,
      2.1,
      0.0
    ],
    [
      3.75,
      1.95,
      0.0
    ],
    [
      3.75,
      1.8,
      0.0
    ],
    [
      3.9,
      1.65,
      0.0
    ],
    [
      4.05,
      1.8,
      0.0
    ],
    [
      4.2,
      1.8,
      0.0
    ],
    [
      4.35,
      1.8,
      0.0
    ],
    [
      4.5,
      1.8,
      0.0
    ],
    [
      4.65,
      1.8,
      0.0
    ],
    [
      4.844539848777764,
      1.7306103957072643,
      0.0
    ]
  ]
}