{
  "algorithm": "semantic_dstar_lite",
  "scene_file": "/Users/ishita/Documents/GitHub/BEACON-semantics/data/complex/scenes/cluttered_046.json",
  "scene_family": "cluttered",
  "workspace": [
    0,
    6,
    0,
    6
  ],
  "start": [
    0.5439673263557415,
    1.2551660607690425,
    0.0
  ],
  "goal": [
    5.242561130688772,
    1.97520683591084,
    0.0
  ],
  "success": true,
  "summary": {
    "success": true,
    "algorithm": "semantic_dstar_lite",
    "grid_start": [
      4,
      8
    ],
    "grid_goal": [
      35,
      13
    ],
    "num_waypoints": 32,
    "path_length": 5.5311,
    "lambda_occ": 5.0,
    "lambda_sem": 2.5,
    "step": 0.15,
    "robot_radius": 0.12
  },
  "planner_config": {
    "step": 0.15,
    "robot_radius": 0.12,
    "lambda_occ": 5.0,
    "lambda_sem": 2.5,
    "step_duration": 1.0,
    "dynamic_decay": 2.5
  },
  "path": [
    [
      0.5439673263557415,
      1.2551660607690425,
      0.0
    ],
    [
      0.75,
      1.05,
      0.0
    ],
    [
      0.9,
      0.9,
      0.0
    ],
    [
      1.05,
      0.75,
      0.0
    ],
    [
      1.2,
      0.6,
      0.0
    ],
    [
      1.35,
      0.6,
      0.0
    ],
    [
      1.5,
      0.6,
      0.0
    ],
    [
      1.65,
      0.6,
      0.0
    ],
    [
      1.8,
      0.75,
      0.0
    ],
    [
      1.95,
      0.9,
      0.0
    ],
    [
      2.1,
      1.05,
      0.0
    ],
    [
      2.25,
      1.2,
      0.0
    ],
    [
      2.4,
      1.2,
      0.0
    ],
    [
      2.55,
      1.2,
      0.0
    ],
    [
      2.7,
      1.2,
      0.0
    ],
    [
      2.85,
      1.2,
      0.0
    ],
    [
      3.0,
      1.2,
      0.0
    ],
    [
      3.15,
      1.2,
      0.0
    ],
    [
      3.3,
      1.2,
      0.0
    ],
    [
      3.45,
      1.2,
      0.0
    ],
    [
      3.6,
      1.2,
      0.0
    ],
    [
      3.75,
      1.35,
      0.0
    ],
    [
      3.9,
      1.35,
      0.0
    ],
    [
      4.05,
      1.35,
      0.0
    ],
    [
      4.2,
      1.35,
      0.0
    ],
    [
      4.35,
      1.5,
      0.0
    ],
    [
      4.5,
      1.5,
      0.0
    ],
    [
      4.65,
      1.65,
      0.0
    ],
    [
      4.8,
      1.8,
      0.0
    ],
    [
      4.95,
      1.95,
      0.0
    ],
    [
      5.1,
      1.95,
      0.0
    ],
    [
      5.242561130688772,
      1.97520683591084,
      0.0
    ]
  ]
}