{
  "algorithm": "semantic_dstar_lite",
  "scene_file": "/Users/ishita/Documents/GitHub/BEACON-semantics/data/complex/scenes/cluttered_059.json",
  "scene_family": "cluttered",
  "workspace": [
    0,
    6,
    0,
    6
  ],
  "start": [
    1.0329622782045638,
    3.2691905176637803,
    0.0
  ],
  "goal": [
    4.617692709327414,
    3.9942385234560143,
    0.0
  ],
  "success": true,
  "summary": {
    "success": true,
    "algorithm": "semantic_dstar_lite",
    "grid_start": [
      7,
      22
    ],
    "grid_goal": [
      31,
      27
    ],
    "num_waypoints": 25,
    "path_length": 4.035,
    "lambda_occ": 5.0,
    "lambda_sem": 2.5,
    "step": 0.15,
    "robot_radius": 0.12
  },
  "planner_config": {
    "step": 0.15,
    "robot_radius": 0.12,
    "lambda_occ": 5.0,
    "lambda_sem": 2.5,
    "step_duration": 1.0,
    "dynamic_decay": 2.5
  },
  "path": [
    [
      1.0329622782045638,
      3.2691905176637803,
      0.0
    ],
    [
      1.2,
      3.3,
      0.0
    ],
    [
      1.35,
      3.3,
      0.0
    ],
    [
      1.5,
      3.3,
      0.0
    ],
    [
      1.65,
      3.15,
      0.0
    ],
    [
      1.8,
      3.15,
      0.0
    ],
    [
      1.95,
      3.3,
      0.0
    ],
    [
      2.1,
      3.45,
      0.0
    ],
    [
      2.25,
      3.45,
      0.0
    ],
    [
      2.4,
      3.45,
      0.0
    ],
    [
      2.55,
      3.45,
      0.0
    ],
    [
      2.7,
      3.45,
      0.0
    ],
    [
      2.85,
      3.45,
      0.0
    ],
    [
      3.0,
      3.45,
      0.0
    ],
    [
      3.15,
      3.6,
      0.0
    ],
    [
      3.3,
      3.6,
      0.0
    ],
    [
      3.45,
      3.6,
      0.0
    ],
    [
      3.6,
      3.6,
      0.0
    ],
    [
      3.75,
      3.6,
      0.0
    ],
    [
      3.9,
      3.75,
      0.0
    ],
    [
      4.05,
      3.9,
      0.0
    ],
    [
      4.2,
      4.05,
      0.0
    ],
    [
      4.35,
      4.05,
      0.0
    ],
    [
      4.5,
      4.05,
      0.0
    ],
    [
      4.617692709327414,
      3.9942385234560143,
      0.0
    ]
  ]
}