{
  "algorithm": "semantic_dstar_lite",
  "scene_file": "/Users/ishita/Documents/GitHub/BEACON-semantics/data/complex/scenes/cluttered_085.json",
  "scene_family": "cluttered",
  "workspace": [
    0,
    6,
    0,
    6
  ],
  "start": [
    2.4685315181143808,
    4.981167415668819,
    0.0
  ],
  "goal": [
    1.333905477140296,
    0.6654874528102063,
    0.0
  ],
  "success": true,
  "summary": {
    "success": true,
    "algorithm": "semantic_dstar_lite",
    "grid_start": [
      16,
      33
    ],
    "grid_goal": [
      9,
      4
    ],
    "num_waypoints": 39,
    "path_length": 6.7649,
    "lambda_occ": 5.0,
    "lambda_sem": 2.5,
    "step": 0.15,
    "robot_radius": 0.12
  },
  "planner_config": {
    "step": 0.15,
    "robot_radius": 0.12,
    "lambda_occ": 5.0,
    "lambda_sem": 2.5,
    "step_duration": 1.0,
    "dynamic_decay": 2.5
  },
  "path": [
    [
      2.4685315181143808,
      4.981167415668819,
      0.0
    ],
    [
      2.25,
      4.8,
      0.0
    ],
    [
      2.1,
      4.8,
      0.0
    ],
    [
      1.95,
      4.65,
      0.0
    ],
    [
      1.8,
      4.5,
      0.0
    ],
    [
      1.65,
      4.35,
      0.0
    ],
    [
      1.5,
      4.2,
      0.0
    ],
    [
      1.35,
      4.05,
      0.0
    ],
    [
      1.2,
      3.9,
      0.0
    ],
    [
      1.05,
      3.75,
      0.0
    ],
    [
      0.9,
      3.6,
      0.0
    ],
    [
      0.75,
      3.45,
      0.0
    ],
    [
      0.6,
      3.45,
      0.0
    ],
    [
      0.45,
      3.45,
      0.0
    ],
    [
      0.3,
      3.45,
      0.0
    ],
    [
      0.15,
      3.3,
      0.0
    ],
    [
      0.0,
      3.15,
      0.0
    ],
    [
      0.15,
      3.0,
      0.0
    ],
    [
      0.15,
      2.85,
      0.0
    ],
    [
      0.15,
      2.7,
      0.0
    ],
    [
      0.15,
      2.55,
      0.0
    ],
    [
      0.15,
      2.4,
      0.0
    ],
    [
      0.15,
      2.25,
      0.0
    ],
    [
      0.15,
      2.1,
      0.0
    ],
    [
      0.15,
      1.95,
      0.0
    ],
    [
      0.15,
      1.8,
      0.0
    ],
    [
      0.15,
      1.65,
      0.0
    ],
    [
      0.15,
      1.5,
      0.0
    ],
    [
      0.15,
      1.35,
      0.0
    ],
    [
      0.15,
      1.2,
      0.0
    ],
    [
      0.3,
      1.05,
      0.0
    ],
    [
      0.3,
      0.9,
      0.0
    ],
    [
      0.45,
      0.75,
      0.0
    ],
    [
      0.6,
      0.6,
      0.0
    ],
    [
      0.75,
      0.6,
      0.0
    ],
    [
      0.9,
      0.6,
      0.0
    ],
    [
      1.05,
      0.6,
      0.0
    ],
    [
      1.2,
      0.6,
      0.0
    ],
    [
      1.333905477140296,
      0.6654874528102063,
      0.0
    ]
  ]
}