{
  "algorithm": "semantic_dstar_lite",
  "scene_file": "/Users/ishita/Documents/GitHub/BEACON-semantics/data/complex/scenes/cluttered_093.json",
  "scene_family": "cluttered",
  "workspace": [
    0,
    6,
    0,
    6
  ],
  "start": [
    4.8952244804981415,
    5.379682103058436,
    0.0
  ],
  "goal": [
    0.570145526149357,
    1.7179863321582385,
    0.0
  ],
  "success": true,
  "summary": {
    "success": true,
    "algorithm": "semantic_dstar_lite",
    "grid_start": [
      33,
      36
    ],
    "grid_goal": [
      4,
      11
    ],
    "num_waypoints": 42,
    "path_length": 7.3891,
    "lambda_occ": 5.0,
    "lambda_sem": 2.5,
    "step": 0.15,
    "robot_radius": 0.12
  },
  "planner_config": {
    "step": 0.15,
    "robot_radius": 0.12,
    "lambda_occ": 5.0,
    "lambda_sem": 2.5,
    "step_duration": 1.0,
    "dynamic_decay": 2.5
  },
  "path": [
    [
      4.8952244804981415,
      5.379682103058436,
      0.0
    ],
    [
      4.8,
      5.25,
      0.0
    ],
    [
      4.65,
      5.1,
      0.0
    ],
    [
      4.5,
      4.95,
      0.0
    ],
    [
      4.5,
      4.8,
      0.0
    ],
    [
      4.5,
      4.65,
      0.0
    ],
    [
      4.65,
      4.5,
      0.0
    ],
    [
      4.8,
      4.35,
      0.0
    ],
    [
      4.95,
      4.35,
      0.0
    ],
    [
      5.1,
      4.2,
      0.0
    ],
    [
      5.1,
      4.05,
      0.0
    ],
    [
      4.95,
      3.9,
      0.0
    ],
    [
      4.8,
      3.75,
      0.0
    ],
    [
      4.65,
      3.6,
      0.0
    ],
    [
      4.5,
      3.45,
      0.0
    ],
    [
      4.35,
      3.3,
      0.0
    ],
    [
      4.2,
      3.15,
      0.0
    ],
    [
      4.2,
      3.0,
      0.0
    ],
    [
      4.05,
      2.85,
      0.0
    ],
    [
      3.9,
      2.7,
      0.0
    ],
    [
      3.75,
      2.55,
      0.0
    ],
    [
      3.6,
      2.4,
      0.0
    ],
    [
      3.45,
      2.4,
      0.0
    ],
    [
      3.3,
      2.4,
      0.0
    ],
    [
      3.15,
      2.4,
      0.0
    ],
    [
      3.0,
      2.4,
      0.0
    ],
    [
      2.85,
      2.4,
      0.0
    ],
    [
      2.7,
      2.25,
      0.0
    ],
    [
      2.55,
      2.25,
      0.0
    ],
    [
      2.4,
      2.25,
      0.0
    ],
    [
      2.25,
      2.25,
      0.0
    ],
    [
      2.1,
      2.25,
      0.0
    ],
    [
      1.95,
      2.25,
      0.0
    ],
    [
      1.8,
      2.25,
      0.0
    ],
    [
      1.65,
      2.25,
      0.0
    ],
    [
      1.5,
      2.25,
      0.0
    ],
    [
      1.35,
      2.25,
      0.0
    ],
    [
      1.2,
      2.25,
      0.0
    ],
    [
      1.05,
      2.1,
      0.0
    ],
    [
      0.9,
      1.95,
      0.0
    ],
    [
      0.75,
      1.8,
      0.0
    ],
    [
      0.570145526149357,
      1.7179863321582385,
      0.0
    ]
  ]
}