{
  "algorithm": "semantic_dstar_lite",
  "scene_file": "/Users/ishita/Documents/GitHub/BEACON-semantics/data/complex/scenes/cluttered_023.json",
  "scene_family": "cluttered",
  "workspace": [
    0,
    6,
    0,
    6
  ],
  "start": [
    5.389718796415142,
    3.3834920306224747,
    0.0
  ],
  "goal": [
    1.8577526006764404,
    1.3752495255757713,
    0.0
  ],
  "success": true,
  "summary": {
    "success": true,
    "algorithm": "semantic_dstar_lite",
    "grid_start": [
      36,
      23
    ],
    "grid_goal": [
      12,
      9
    ],
    "num_waypoints": 31,
    "path_length": 5.0176,
    "lambda_occ": 5.0,
    "lambda_sem": 2.5,
    "step": 0.15,
    "robot_radius": 0.12
  },
  "planner_config": {
    "step": 0.15,
    "robot_radius": 0.12,
    "lambda_occ": 5.0,
    "lambda_sem": 2.5,
    "step_duration": 1.0,
    "dynamic_decay": 2.5
  },
  "path": [
    [
      5.389718796415142,
      3.3834920306224747,
      0.0
    ],
    [
      5.25,
      3.3,
      0.0
    ],
    [
      5.1,
      3.15,
      0.0
    ],
    [
      4.95,
      3.0,
      0.0
    ],
    [
      4.8,
      3.0,
      0.0
    ],
    [
      4.65,
      3.0,
      0.0
    ],
    [
      4.5,
      3.0,
      0.0
    ],
    [
      4.35,
      3.0,
      0.0
    ],
    [
      4.2,
      3.0,
      0.0
    ],
    [
      4.05,
      3.0,
      0.0
    ],
    [
      3.9,
      3.0,
      0.0
    ],
    [
      3.75,
      3.0,
      0.0
    ],
    [
      3.6,
      3.0,
      0.0
    ],
    [
      3.45,
      3.0,
      0.0
    ],
    [
      3.3,
      3.0,
      0.0
    ],
    [
      3.15,
      3.0,
      0.0
    ],
    [
      3.0,
      3.0,
      0.0
    ],
    [
      2.85,
      3.0,
      0.0
    ],
    [
      2.7,
      2.85,
      0.0
    ],
    [
      2.55,
      2.7,
      0.0
    ],
    [
      2.55,
      2.55,
      0.0
    ],
    [
      2.55,
      2.4,
      0.0
    ],
    [
      2.55,
      2.25,
      0.0
    ],
    [
      2.55,
      2.1,
      0.0
    ],
    [
      2.7,
      1.95,
      0.0
    ],
    [
      2.55,
      1.8,
      0.0
    ],
    [
      2.4,
      1.65,
      0.0
    ],
    [
      2.25,
      1.5,
      0.0
    ],
    [
      2.1,
      1.35,
      0.0
    ],
    [
      1.95,
      1.35,
      0.0
    ],
    [
      1.8577526006764404,
      1.3752495255757713,
      0.0
    ]
  ]
}