{
  "algorithm": "semantic_dstar_lite",
  "scene_file": "/Users/ishita/Documents/GitHub/BEACON-semantics/data/complex/scenes/cluttered_029.json",
  "scene_family": "cluttered",
  "workspace": [
    0,
    6,
    0,
    6
  ],
  "start": [
    0.5617601130563488,
    3.7567698236036775,
    0.0
  ],
  "goal": [
    4.918479486587455,
    1.9502438852507813,
    0.0
  ],
  "success": true,
  "summary": {
    "success": true,
    "algorithm": "semantic_dstar_lite",
    "grid_start": [
      4,
      25
    ],
    "grid_goal": [
      33,
      13
    ],
    "num_waypoints": 31,
    "path_length": 5.3146,
    "lambda_occ": 5.0,
    "lambda_sem": 2.5,
    "step": 0.15,
    "robot_radius": 0.12
  },
  "planner_config": {
    "step": 0.15,
    "robot_radius": 0.12,
    "lambda_occ": 5.0,
    "lambda_sem": 2.5,
    "step_duration": 1.0,
    "dynamic_decay": 2.5
  },
  "path": [
    [
      0.5617601130563488,
      3.7567698236036775,
      0.0
    ],
    [
      0.75,
      3.75,
      0.0
    ],
    [
      0.9,
      3.75,
      0.0
    ],
    [
      1.05,
      3.75,
      0.0
    ],
    [
      1.2,
      3.75,
      0.0
    ],
    [
      1.35,
      3.75,
      0.0
    ],
    [
      1.5,
      3.75,
      0.0
    ],
    [
      1.65,
      3.75,
      0.0
    ],
    [
      1.8,
      3.75,
      0.0
    ],
    [
      1.95,
      3.9,
      0.0
    ],
    [
      2.1,
      3.9,
      0.0
    ],
    [
      2.25,
      3.9,
      0.0
    ],
    [
      2.4,
      3.9,
      0.0
    ],
    [
      2.55,
      3.9,
      0.0
    ],
    [
      2.7,
      3.75,
      0.0
    ],
    [
      2.85,
      3.6,
      0.0
    ],
    [
      3.0,
      3.45,
      0.0
    ],
    [
      3.15,
      3.3,
      0.0
    ],
    [
      3.3,
      3.15,
      0.0
    ],
    [
      3.45,
      3.0,
      0.0
    ],
    [
      3.45,
      2.85,
      0.0
    ],
    [
      3.6,
      2.7,
      0.0
    ],
    [
      3.75,
      2.55,
      0.0
    ],
    [
      3.9,
      2.55,
      0.0
    ],
    [
      4.05,
      2.4,
      0.0
    ],
    [
      4.2,
      2.4,
      0.0
    ],
    [
      4.35,
      2.25,
      0.0
    ],
    [
      4.5,
      2.1,
      0.0
    ],
    [
      4.65,
      1.95,
      0.0
    ],
    [
      4.8,
      1.95,
      0.0
    ],
    [
      4.918479486587455,
      1.9502438852507813,
      0.0
    ]
  ]
}