{
  "algorithm": "semantic_dstar_lite",
  "scene_file": "/Users/ishita/Documents/GitHub/BEACON-semantics/data/complex/scenes/cluttered_092.json",
  "scene_family": "cluttered",
  "workspace": [
    0,
    6,
    0,
    6
  ],
  "start": [
    5.184687222891197,
    4.2805506244893206,
    0.0
  ],
  "goal": [
    0.8083341516223639,
    1.194699866396646,
    0.0
  ],
  "success": true,
  "summary": {
    "success": true,
    "algorithm": "semantic_dstar_lite",
    "grid_start": [
      35,
      29
    ],
    "grid_goal": [
      5,
      8
    ],
    "num_waypoints": 35,
    "path_length": 6.0028,
    "lambda_occ": 5.0,
    "lambda_sem": 2.5,
    "step": 0.15,
    "robot_radius": 0.12
  },
  "planner_config": {
    "step": 0.15,
    "robot_radius": 0.12,
    "lambda_occ": 5.0,
    "lambda_sem": 2.5,
    "step_duration": 1.0,
    "dynamic_decay": 2.5
  },
  "path": [
    [
      5.184687222891197,
      4.2805506244893206,
      0.0
    ],
    [
      5.1,
      4.2,
      0.0
    ],
    [
      4.95,
      4.2,
      0.0
    ],
    [
      4.8,
      4.05,
      0.0
    ],
    [
      4.65,
      3.9,
      0.0
    ],
    [
      4.65,
      3.75,
      0.0
    ],
    [
      4.65,
      3.6,
      0.0
    ],
    [
      4.65,
      3.45,
      0.0
    ],
    [
      4.65,
      3.3,
      0.0
    ],
    [
      4.5,
      3.15,
      0.0
    ],
    [
      4.35,
      3.0,
      0.0
    ],
    [
      4.2,
      2.85,
      0.0
    ],
    [
      4.05,
      2.7,
      0.0
    ],
    [
      3.9,
      2.55,
      0.0
    ],
    [
      3.75,
      2.4,
      0.0
    ],
    [
      3.6,
      2.25,
      0.0
    ],
    [
      3.45,
      2.1,
      0.0
    ],
    [
      3.3,
      2.1,
      0.0
    ],
    [
      3.15,
      1.95,
      0.0
    ],
    [
      3.0,
      1.8,
      0.0
    ],
    [
      2.85,
      1.65,
      0.0
    ],
    [
      2.7,
      1.5,
      0.0
    ],
    [
      2.55,
      1.5,
      0.0
    ],
    [
      2.4,
      1.5,
      0.0
    ],
    [
      2.25,
      1.5,
      0.0
    ],
    [
      2.1,
      1.5,
      0.0
    ],
    [
      1.95,
      1.5,
      0.0
    ],
    [
      1.8,
      1.35,
      0.0
    ],
    [
      1.65,
      1.2,
      0.0
    ],
    [
      1.5,
      1.2,
      0.0
    ],
    [
      1.35,
      1.2,
      0.0
    ],
    [
      1.2,
      1.2,
      0.0
    ],
    [
      1.05,
      1.2,
      0.0
    ],
    [
      0.9,
      1.2,
      0.0
    ],
    [
      0.8083341516223639,
      1.194699866396646,
      0.0
    ]
  ]
}