{
  "algorithm": "semantic_dstar_lite",
  "scene_file": "/Users/ishita/Documents/GitHub/BEACON-semantics/data/complex/scenes/cluttered_063.json",
  "scene_family": "cluttered",
  "workspace": [
    0,
    6,
    0,
    6
  ],
  "start": [
    0.5999130722874768,
    4.175355943706362,
    0.0
  ],
  "goal": [
    5.351942413910012,
    2.7578748861278477,
    0.0
  ],
  "success": true,
  "summary": {
    "success": true,
    "algorithm": "semantic_dstar_lite",
    "grid_start": [
      4,
      28
    ],
    "grid_goal": [
      36,
      18
    ],
    "num_waypoints": 45,
    "path_length": 7.8147,
    "lambda_occ": 5.0,
    "lambda_sem": 2.5,
    "step": 0.15,
    "robot_radius": 0.12
  },
  "planner_config": {
    "step": 0.15,
    "robot_radius": 0.12,
    "lambda_occ": 5.0,
    "lambda_sem": 2.5,
    "step_duration": 1.0,
    "dynamic_decay": 2.5
  },
  "path": [
    [
      0.5999130722874768,
      4.175355943706362,
      0.0
    ],
    [
      0.75,
      4.35,
      0.0
    ],
    [
      0.75,
      4.5,
      0.0
    ],
    [
      0.75,
      4.65,
      0.0
    ],
    [
      0.75,
      4.8,
      0.0
    ],
    [
      0.75,
      4.95,
      0.0
    ],
    [
      0.75,
      5.1,
      0.0
    ],
    [
      0.9,
      5.25,
      0.0
    ],
    [
      1.05,
      5.4,
      0.0
    ],
    [
      1.2,
      5.55,
      0.0
    ],
    [
      1.35,
      5.7,
      0.0
    ],
    [
      1.5,
      5.85,
      0.0
    ],
    [
      1.65,
      5.85,
      0.0
    ],
    [
      1.8,
      5.85,
      0.0
    ],
    [
      1.95,
      5.85,
      0.0
    ],
    [
      2.1,
      5.85,
      0.0
    ],
    [
      2.25,
      5.7,
      0.0
    ],
    [
      2.4,
      5.7,
      0.0
    ],
    [
      2.55,
      5.55,
      0.0
    ],
    [
      2.7,
      5.4,
      0.0
    ],
    [
      2.85,
      5.25,
      0.0
    ],
    [
      3.0,
      5.25,
      0.0
    ],
    [
      3.15,
      5.25,
      0.0
    ],
    [
      3.3,
      5.1,
      0.0
    ],
    [
      3.45,
      5.1,
      0.0
    ],
    [
      3.6,
      5.1,
      0.0
    ],
    [
      3.75,
      4.95,
      0.0
    ],
    [
      3.9,
      4.8,
      0.0
    ],
    [
      4.05,
      4.65,
      0.0
    ],
    [
      4.2,
      4.5,
      0.0
    ],
    [
      4.35,
      4.5,
      0.0
    ],
    [
      4.5,
      4.35,
      0.0
    ],
    [
      4.5,
      4.2,
      0.0
    ],
    [
      4.5,
      4.05,
      0.0
    ],
    [
      4.65,
      3.9,
      0.0
    ],
    [
      4.8,
      3.75,
      0.0
    ],
    [
      4.95,
      3.75,
      0.0
    ],
    [
      5.1,
      3.6,
      0.0
    ],
    [
      5.25,
      3.6,
      0.0
    ],
    [
      5.4,
      3.45,
      0.0
    ],
    [
      5.4,
      3.3,
      0.0
    ],
    [
      5.4,
      3.15,
      0.0
    ],
    [
      5.4,
      3.0,
      0.0
    ],
    [
      5.4,
      2.85,
      0.0
    ],
    [
      5.351942413910012,
      2.7578748861278477,
      0.0
    ]
  ]
}