{
  "algorithm": "semantic_dstar_lite",
  "scene_file": "/Users/ishita/Documents/GitHub/BEACON-semantics/data/complex/scenes/cluttered_060.json",
  "scene_family": "cluttered",
  "workspace": [
    0,
    6,
    0,
    6
  ],
  "start": [
    4.986095507882258,
    0.509582395510294,
    0.0
  ],
  "goal": [
    3.937522094404871,
    3.9697289337012047,
    0.0
  ],
  "success": true,
  "summary": {
    "success": true,
    "algorithm": "semantic_dstar_lite",
    "grid_start": [
      33,
      3
    ],
    "grid_goal": [
      26,
      26
    ],
    "num_waypoints": 25,
    "path_length": 4.7246,
    "lambda_occ": 5.0,
    "lambda_sem": 2.5,
    "step": 0.15,
    "robot_radius": 0.12
  },
  "planner_config": {
    "step": 0.15,
    "robot_radius": 0.12,
    "lambda_occ": 5.0,
    "lambda_sem": 2.5,
    "step_duration": 1.0,
    "dynamic_decay": 2.5
  },
  "path": [
    [
      4.986095507882258,
      0.509582395510294,
      0.0
    ],
    [
      5.1,
      0.6,
      0.0
    ],
    [
      5.25,
      0.75,
      0.0
    ],
    [
      5.4,
      0.9,
      0.0
    ],
    [
      5.55,
      1.05,
      0.0
    ],
    [
      5.7,
      1.2,
      0.0
    ],
    [
      5.85,
      1.35,
      0.0
    ],
    [
      5.85,
      1.5,
      0.0
    ],
    [
      5.85,
      1.65,
      0.0
    ],
    [
      5.7,
      1.8,
      0.0
    ],
    [
      5.55,
      1.95,
      0.0
    ],
    [
      5.4,
      2.1,
      0.0
    ],
    [
      5.25,
      2.25,
      0.0
    ],
    [
      5.1,
      2.4,
      0.0
    ],
    [
      4.95,
      2.55,
      0.0
    ],
    [
      4.8,
      2.55,
      0.0
    ],
    [
      4.65,
      2.7,
      0.0
    ],
    [
      4.5,
      2.85,
      0.0
    ],
    [
      4.35,
      3.0,
      0.0
    ],
    [
      4.2,
      3.15,
      0.0
    ],
    [
      4.05,
      3.3,
      0.0
    ],
    [
      3.9,
      3.45,
      0.0
    ],
    [
      3.9,
      3.6,
      0.0
    ],
    [
      3.9,
      3.75,
      0.0
    ],
    [
      3.937522094404871,
      3.9697289337012047,
      0.0
    ]
  ]
}