{
  "algorithm": "semantic_dstar_lite",
  "scene_file": "/Users/ishita/Documents/GitHub/BEACON-semantics/data/complex/scenes/cluttered_088.json",
  "scene_family": "cluttered",
  "workspace": [
    0,
    6,
    0,
    6
  ],
  "start": [
    4.688588980285503,
    4.776000439520125,
    0.0
  ],
  "goal": [
    0.9583611932703369,
    1.6822756364782392,
    0.0
  ],
  "success": true,
  "summary": {
    "success": true,
    "algorithm": "semantic_dstar_lite",
    "grid_start": [
      31,
      32
    ],
    "grid_goal": [
      6,
      11
    ],
    "num_waypoints": 31,
    "path_length": 5.5955,
    "lambda_occ": 5.0,
    "lambda_sem": 2.5,
    "step": 0.15,
    "robot_radius": 0.12
  },
  "planner_config": {
    "step": 0.15,
    "robot_radius": 0.12,
    "lambda_occ": 5.0,
    "lambda_sem": 2.5,
    "step_duration": 1.0,
    "dynamic_decay": 2.5
  },
  "path": [
    [
      4.688588980285503,
      4.776000439520125,
      0.0
    ],
    [
      4.5,
      4.8,
      0.0
    ],
    [
      4.35,
      4.8,
      0.0
    ],
    [
      4.2,
      4.8,
      0.0
    ],
    [
      4.05,
      4.8,
      0.0
    ],
    [
      3.9,
      4.8,
      0.0
    ],
    [
      3.75,
      4.8,
      0.0
    ],
    [
      3.6,
      4.95,
      0.0
    ],
    [
      3.45,
      4.8,
      0.0
    ],
    [
      3.3,
      4.65,
      0.0
    ],
    [
      3.15,
      4.65,
      0.0
    ],
    [
      3.0,
      4.5,
      0.0
    ],
    [
      2.85,
      4.35,
      0.0
    ],
    [
      2.85,
      4.2,
      0.0
    ],
    [
      2.85,
      4.05,
      0.0
    ],
    [
      2.85,
      3.9,
      0.0
    ],
    [
      2.85,
      3.75,
      0.0
    ],
    [
      2.7,
      3.6,
      0.0
    ],
    [
      2.55,
      3.45,
      0.0
    ],
    [
      2.4,
      3.3,
      0.0
    ],
    [
      2.25,
      3.15,
      0.0
    ],
    [
      2.1,
      3.0,
      0.0
    ],
    [
      2.1,
      2.85,
      0.0
    ],
    [
      1.95,
      2.7,
      0.0
    ],
    [
      1.8,
      2.55,
      0.0
    ],
    [
      1.65,
      2.4,
      0.0
    ],
    [
      1.5,
      2.25,
      0.0
    ],
    [
      1.35,
      2.1,
      0.0
    ],
    [
      1.2,
      1.95,
      0.0
    ],
    [
      1.05,
      1.8,
      0.0
    ],
    [
      0.9583611932703369,
      1.6822756364782392,
      0.0
    ]
  ]
}