{
  "algorithm": "semantic_dstar_lite",
  "scene_file": "/Users/ishita/Documents/GitHub/BEACON-semantics/data/complex/scenes/cluttered_033.json",
  "scene_family": "cluttered",
  "workspace": [
    0,
    6,
    0,
    6
  ],
  "start": [
    1.2727548854180704,
    4.542355405548467,
    0.0
  ],
  "goal": [
    4.218970162398069,
    1.9724526420014818,
    0.0
  ],
  "success": true,
  "summary": {
    "success": true,
    "algorithm": "semantic_dstar_lite",
    "grid_start": [
      8,
      30
    ],
    "grid_goal": [
      28,
      13
    ],
    "num_waypoints": 26,
    "path_length": 4.5112,
    "lambda_occ": 5.0,
    "lambda_sem": 2.5,
    "step": 0.15,
    "robot_radius": 0.12
  },
  "planner_config": {
    "step": 0.15,
    "robot_radius": 0.12,
    "lambda_occ": 5.0,
    "lambda_sem": 2.5,
    "step_duration": 1.0,
    "dynamic_decay": 2.5
  },
  "path": [
    [
      1.2727548854180704,
      4.542355405548467,
      0.0
    ],
    [
      1.35,
      4.35,
      0.0
    ],
    [
      1.5,
      4.2,
      0.0
    ],
    [
      1.65,
      4.05,
      0.0
    ],
    [
      1.8,
      3.9,
      0.0
    ],
    [
      1.95,
      3.75,
      0.0
    ],
    [
      2.1,
      3.75,
      0.0
    ],
    [
      2.25,
      3.6,
      0.0
    ],
    [
      2.4,
      3.45,
      0.0
    ],
    [
      2.55,
      3.3,
      0.0
    ],
    [
      2.7,
      3.15,
      0.0
    ],
    [
      2.85,
      3.0,
      0.0
    ],
    [
      3.0,
      2.85,
      0.0
    ],
    [
      3.0,
      2.7,
      0.0
    ],
    [
      3.0,
      2.55,
      0.0
    ],
    [
      3.0,
      2.4,
      0.0
    ],
    [
      3.0,
      2.25,
      0.0
    ],
    [
      3.0,
      2.1,
      0.0
    ],
    [
      3.15,
      1.95,
      0.0
    ],
    [
      3.3,
      1.95,
      0.0
    ],
    [
      3.45,
      1.95,
      0.0
    ],
    [
      3.6,
      1.95,
      0.0
    ],
    [
      3.75,
      1.95,
      0.0
    ],
    [
      3.9,
      1.95,
      0.0
    ],
    [
      4.05,
      1.95,
      0.0
    ],
    [
      4.218970162398069,
      1.9724526420014818,
      0.0
    ]
  ]
}