{
  "algorithm": "semantic_dstar_lite",
  "scene_file": "/Users/ishita/Documents/GitHub/BEACON-semantics/data/complex/scenes/cluttered_035.json",
  "scene_family": "cluttered",
  "workspace": [
    0,
    6,
    0,
    6
  ],
  "start": [
    3.220434247320161,
    1.2583283731181254,
    0.0
  ],
  "goal": [
    2.4281077166764615,
    4.861977177819393,
    0.0
  ],
  "success": true,
  "summary": {
    "success": true,
    "algorithm": "semantic_dstar_lite",
    "grid_start": [
      21,
      8
    ],
    "grid_goal": [
      16,
      32
    ],
    "num_waypoints": 28,
    "path_length": 4.7479,
    "lambda_occ": 5.0,
    "lambda_sem": 2.5,
    "step": 0.15,
    "robot_radius": 0.12
  },
  "planner_config": {
    "step": 0.15,
    "robot_radius": 0.12,
    "lambda_occ": 5.0,
    "lambda_sem": 2.5,
    "step_duration": 1.0,
    "dynamic_decay": 2.5
  },
  "path": [
    [
      3.220434247320161,
      1.2583283731181254,
      0.0
    ],
    [
      3.15,
      1.35,
      0.0
    ],
    [
      3.15,
      1.5,
      0.0
    ],
    [
      3.15,
      1.65,
      0.0
    ],
    [
      3.15,
      1.8,
      0.0
    ],
    [
      3.15,
      1.95,
      0.0
    ],
    [
      3.15,
      2.1,
      0.0
    ],
    [
      3.3,
      2.25,
      0.0
    ],
    [
      3.3,
      2.4,
      0.0
    ],
    [
      3.3,
      2.55,
      0.0
    ],
    [
      3.3,
      2.7,
      0.0
    ],
    [
      3.3,
      2.85,
      0.0
    ],
    [
      3.3,
      3.0,
      0.0
    ],
    [
      3.45,
      3.15,
      0.0
    ],
    [
      3.6,
      3.3,
      0.0
    ],
    [
      3.75,
      3.45,
      0.0
    ],
    [
      3.75,
      3.6,
      0.0
    ],
    [
      3.6,
      3.75,
      0.0
    ],
    [
      3.75,
      3.9,
      0.0
    ],
    [
      3.6,
      4.05,
      0.0
    ],
    [
      3.45,
      4.2,
      0.0
    ],
    [
      3.3,
      4.35,
      0.0
    ],
    [
      3.15,
      4.5,
      0.0
    ],
    [
      3.0,
      4.65,
      0.0
    ],
    [
      2.85,
      4.8,
      0.0
    ],
    [
      2.7,
      4.8,
      0.0
    ],
    [
      2.55,
      4.8,
      0.0
    ],
    [
      2.4281077166764615,
      4.861977177819393,
      0.0
    ]
  ]
}