{
  "algorithm": "semantic_dstar_lite",
  "scene_file": "/Users/ishita/Documents/GitHub/BEACON-semantics/data/complex/scenes/cluttered_005.json",
  "scene_family": "cluttered",
  "workspace": [
    0,
    6,
    0,
    6
  ],
  "start": [
    1.4636587415903388,
    3.866556953040745,
    0.0
  ],
  "goal": [
    4.294930212030685,
    0.6380054990969932,
    0.0
  ],
  "success": true,
  "summary": {
    "success": true,
    "algorithm": "semantic_dstar_lite",
    "grid_start": [
      10,
      26
    ],
    "grid_goal": [
      29,
      4
    ],
    "num_waypoints": 36,
    "path_length": 6.5168,
    "lambda_occ": 5.0,
    "lambda_sem": 2.5,
    "step": 0.15,
    "robot_radius": 0.12
  },
  "planner_config": {
    "step": 0.15,
    "robot_radius": 0.12,
    "lambda_occ": 5.0,
    "lambda_sem": 2.5,
    "step_duration": 1.0,
    "dynamic_decay": 2.5
  },
  "path": [
    [
      1.4636587415903388,
      3.866556953040745,
      0.0
    ],
    [
      1.65,
      4.05,
      0.0
    ],
    [
      1.65,
      4.2,
      0.0
    ],
    [
      1.8,
      4.35,
      0.0
    ],
    [
      1.95,
      4.5,
      0.0
    ],
    [
      2.1,
      4.5,
      0.0
    ],
    [
      2.25,
      4.65,
      0.0
    ],
    [
      2.4,
      4.5,
      0.0
    ],
    [
      2.55,
      4.35,
      0.0
    ],
    [
      2.7,
      4.2,
      0.0
    ],
    [
      2.85,
      4.05,
      0.0
    ],
    [
      3.0,
      3.9,
      0.0
    ],
    [
      3.15,
      3.75,
      0.0
    ],
    [
      3.3,
      3.6,
      0.0
    ],
    [
      3.45,
      3.45,
      0.0
    ],
    [
      3.6,
      3.3,
      0.0
    ],
    [
      3.75,
      3.15,
      0.0
    ],
    [
      3.9,
      3.15,
      0.0
    ],
    [
      4.05,
      3.15,
      0.0
    ],
    [
      4.2,
      3.0,
      0.0
    ],
    [
      4.2,
      2.85,
      0.0
    ],
    [
      4.2,
      2.7,
      0.0
    ],
    [
      4.35,
      2.55,
      0.0
    ],
    [
      4.35,
      2.4,
      0.0
    ],
    [
      4.35,
      2.25,
      0.0
    ],
    [
      4.35,
      2.1,
      0.0
    ],
    [
      4.35,
      1.95,
      0.0
    ],
    [
      4.35,
      1.8,
      0.0
    ],
    [
      4.35,
      1.65,
      0.0
    ],
    [
      4.5,
      1.5,
      0.0
    ],
    [
      4.65,
      1.35,
      0.0
    ],
    [
      4.65,
      1.2,
      0.0
    ],
    [
      4.5,
      1.05,
      0.0
    ],
    [
      4.35,
      0.9,
      0.0
    ],
    [
      4.35,
      0.75,
      0.0
    ],
    [
      4.294930212030685,
      0.6380054990969932,
      0.0
    ]
  ]
}