{
  "algorithm": "semantic_dstar_lite",
  "scene_file": "/Users/ishita/Documents/GitHub/BEACON-semantics/data/complex/scenes/cluttered_076.json",
  "scene_family": "cluttered",
  "workspace": [
    0,
    6,
    0,
    6
  ],
  "start": [
    1.597396132617473,
    3.5628378576895035,
    0.0
  ],
  "goal": [
    4.441257803246116,
    1.4902678594572452,
    0.0
  ],
  "success": true,
  "summary": {
    "success": true,
    "algorithm": "semantic_dstar_lite",
    "grid_start": [
      11,
      24
    ],
    "grid_goal": [
      30,
      10
    ],
    "num_waypoints": 23,
    "path_length": 4.0234,
    "lambda_occ": 5.0,
    "lambda_sem": 2.5,
    "step": 0.15,
    "robot_radius": 0.12
  },
  "planner_config": {
    "step": 0.15,
    "robot_radius": 0.12,
    "lambda_occ": 5.0,
    "lambda_sem": 2.5,
    "step_duration": 1.0,
    "dynamic_decay": 2.5
  },
  "path": [
    [
      1.597396132617473,
      3.5628378576895035,
      0.0
    ],
    [
      1.8,
      3.45,
      0.0
    ],
    [
      1.95,
      3.45,
      0.0
    ],
    [
      2.1,
      3.45,
      0.0
    ],
    [
      2.25,
      3.3,
      0.0
    ],
    [
      2.4,
      3.15,
      0.0
    ],
    [
      2.55,
      3.0,
      0.0
    ],
    [
      2.7,
      2.85,
      0.0
    ],
    [
      2.85,
      2.85,
      0.0
    ],
    [
      3.0,
      2.85,
      0.0
    ],
    [
      3.15,
      2.85,
      0.0
    ],
    [
      3.3,
      2.85,
      0.0
    ],
    [
      3.45,
      2.7,
      0.0
    ],
    [
      3.6,
      2.7,
      0.0
    ],
    [
      3.75,
      2.7,
      0.0
    ],
    [
      3.9,
      2.55,
      0.0
    ],
    [
      4.05,
      2.4,
      0.0
    ],
    [
      4.2,
      2.25,
      0.0
    ],
    [
      4.35,
      2.1,
      0.0
    ],
    [
      4.5,
      1.95,
      0.0
    ],
    [
      4.5,
      1.8,
      0.0
    ],
    [
      4.5,
      1.65,
      0.0
    ],
    [
      4.441257803246116,
      1.4902678594572452,
      0.0
    ]
  ]
}