{
  "algorithm": "semantic_dstar_lite",
  "scene_file": "/Users/ishita/Documents/GitHub/BEACON-semantics/data/complex/scenes/cluttered_012.json",
  "scene_family": "cluttered",
  "workspace": [
    0,
    6,
    0,
    6
  ],
  "start": [
    1.3270381898850059,
    5.086091127353325,
    0.0
  ],
  "goal": [
    5.306064050315775,
    1.2352880952474772,
    0.0
  ],
  "success": true,
  "summary": {
    "success": true,
    "algorithm": "semantic_dstar_lite",
    "grid_start": [
      9,
      34
    ],
    "grid_goal": [
      35,
      8
    ],
    "num_waypoints": 47,
    "path_length": 7.8797,
    "lambda_occ": 5.0,
    "lambda_sem": 2.5,
    "step": 0.15,
    "robot_radius": 0.12
  },
  "planner_config": {
    "step": 0.15,
    "robot_radius": 0.12,
    "lambda_occ": 5.0,
    "lambda_sem": 2.5,
    "step_duration": 1.0,
    "dynamic_decay": 2.5
  },
  "path": [
    [
      1.3270381898850059,
      5.086091127353325,
      0.0
    ],
    [
      1.5,
      4.95,
      0.0
    ],
    [
      1.65,
      4.95,
      0.0
    ],
    [
      1.8,
      4.95,
      0.0
    ],
    [
      1.95,
      4.95,
      0.0
    ],
    [
      2.1,
      4.95,
      0.0
    ],
    [
      2.25,
      4.95,
      0.0
    ],
    [
      2.4,
      4.95,
      0.0
    ],
    [
      2.55,
      4.95,
      0.0
    ],
    [
      2.7,
      4.8,
      0.0
    ],
    [
      2.85,
      4.8,
      0.0
    ],
    [
      3.0,
      4.8,
      0.0
    ],
    [
      3.15,
      4.95,
      0.0
    ],
    [
      3.3,
      5.1,
      0.0
    ],
    [
      3.45,
      5.1,
      0.0
    ],
    [
      3.6,
      4.95,
      0.0
    ],
    [
      3.75,
      4.8,
      0.0
    ],
    [
      3.9,
      4.65,
      0.0
    ],
    [
      4.05,
      4.5,
      0.0
    ],
    [
      4.2,
      4.5,
      0.0
    ],
    [
      4.35,
      4.5,
      0.0
    ],
    [
      4.5,
      4.5,
      0.0
    ],
    [
      4.65,
      4.5,
      0.0
    ],
    [
      4.8,
      4.5,
      0.0
    ],
    [
      4.95,
      4.5,
      0.0
    ],
    [
      5.1,
      4.35,
      0.0
    ],
    [
      5.25,
      4.2,
      0.0
    ],
    [
      5.25,
      4.05,
      0.0
    ],
    [
      5.25,
      3.9,
      0.0
    ],
    [
      5.25,
      3.75,
      0.0
    ],
    [
      5.25,
      3.6,
      0.0
    ],
    [
      5.4,
      3.45,
      0.0
    ],
    [
      5.4,
      3.3,
      0.0
    ],
    [
      5.4,
      3.15,
      0.0
    ],
    [
      5.4,
      3.0,
      0.0
    ],
    [
      5.4,
      2.85,
      0.0
    ],
    [
      5.4,
      2.7,
      0.0
    ],
    [
      5.4,
      2.55,
      0.0
    ],
    [
      5.4,
      2.4,
      0.0
    ],
    [
      5.55,
      2.25,
      0.0
    ],
    [
      5.7,
      2.1,
      0.0
    ],
    [
      5.7,
      1.95,
      0.0
    ],
    [
      5.7,
      1.8,
      0.0
    ],
    [
      5.55,
      1.65,
      0.0
    ],
    [
      5.4,
      1.5,
      0.0
    ],
    [
      5.25,
      1.35,
      0.0
    ],
    [
      5.306064050315775,
      1.2352880952474772,
      0.0
    ]
  ]
}