{
  "algorithm": "semantic_dstar_lite",
  "scene_file": "/Users/ishita/Documents/GitHub/BEACON-semantics/data/complex/scenes/cluttered_014.json",
  "scene_family": "cluttered",
  "workspace": [
    0,
    6,
    0,
    6
  ],
  "start": [
    4.550240460632856,
    4.606361957781172,
    0.0
  ],
  "goal": [
    2.007103773998903,
    0.6141596938224292,
    0.0
  ],
  "success": true,
  "summary": {
    "success": true,
    "algorithm": "semantic_dstar_lite",
    "grid_start": [
      30,
      31
    ],
    "grid_goal": [
      13,
      4
    ],
    "num_waypoints": 48,
    "path_length": 7.8936,
    "lambda_occ": 5.0,
    "lambda_sem": 2.5,
    "step": 0.15,
    "robot_radius": 0.12
  },
  "planner_config": {
    "step": 0.15,
    "robot_radius": 0.12,
    "lambda_occ": 5.0,
    "lambda_sem": 2.5,
    "step_duration": 1.0,
    "dynamic_decay": 2.5
  },
  "path": [
    [
      4.550240460632856,
      4.606361957781172,
      0.0
    ],
    [
      4.5,
      4.5,
      0.0
    ],
    [
      4.65,
      4.35,
      0.0
    ],
    [
      4.8,
      4.2,
      0.0
    ],
    [
      4.95,
      4.05,
      0.0
    ],
    [
      5.1,
      4.05,
      0.0
    ],
    [
      5.25,
      4.05,
      0.0
    ],
    [
      5.4,
      4.05,
      0.0
    ],
    [
      5.55,
      4.05,
      0.0
    ],
    [
      5.7,
      3.9,
      0.0
    ],
    [
      5.85,
      3.75,
      0.0
    ],
    [
      5.85,
      3.6,
      0.0
    ],
    [
      5.85,
      3.45,
      0.0
    ],
    [
      5.85,
      3.3,
      0.0
    ],
    [
      5.85,
      3.15,
      0.0
    ],
    [
      5.85,
      3.0,
      0.0
    ],
    [
      5.85,
      2.85,
      0.0
    ],
    [
      5.85,
      2.7,
      0.0
    ],
    [
      5.85,
      2.55,
      0.0
    ],
    [
      5.85,
      2.4,
      0.0
    ],
    [
      5.85,
      2.25,
      0.0
    ],
    [
      5.85,
      2.1,
      0.0
    ],
    [
      5.7,
      1.95,
      0.0
    ],
    [
      5.55,
      1.95,
      0.0
    ],
    [
      5.4,
      1.95,
      0.0
    ],
    [
      5.25,
      1.8,
      0.0
    ],
    [
      5.1,
      1.8,
      0.0
    ],
    [
      4.95,
      1.8,
      0.0
    ],
    [
      4.8,
      1.8,
      0.0
    ],
    [
      4.65,
      1.65,
      0.0
    ],
    [
      4.5,
      1.65,
      0.0
    ],
    [
      4.35,
      1.5,
      0.0
    ],
    [
      4.2,
      1.35,
      0.0
    ],
    [
      4.05,
      1.35,
      0.0
    ],
    [
      3.9,
      1.35,
      0.0
    ],
    [
      3.75,
      1.35,
      0.0
    ],
    [
      3.6,
      1.35,
      0.0
    ],
    [
      3.45,
      1.2,
      0.0
    ],
    [
      3.3,
      1.05,
      0.0
    ],
    [
      3.15,
      1.05,
      0.0
    ],
    [
      3.0,
      1.05,
      0.0
    ],
    [
      2.85,
      1.05,
      0.0
    ],
    [
      2.7,
      0.9,
      0.0
    ],
    [
      2.55,
      0.75,
      0.0
    ],
    [
      2.4,
      0.6,
      0.0
    ],
    [
      2.25,
      0.6,
      0.0
    ],
    [
      2.1,
      0.6,
      0.0
    ],
    [
      2.007103773998903,
      0.6141596938224292,
      0.0
    ]
  ]
}