{
  "algorithm": "semantic_dstar_lite",
  "scene_file": "/Users/ishita/Documents/GitHub/BEACON-semantics/data/complex/scenes/cluttered_002.json",
  "scene_family": "cluttered",
  "workspace": [
    0,
    6,
    0,
    6
  ],
  "start": [
    0.8861262451860996,
    1.662458286928544,
    0.0
  ],
  "goal": [
    4.624357898751066,
    1.50854986404134,
    0.0
  ],
  "success": true,
  "summary": {
    "success": true,
    "algorithm": "semantic_dstar_lite",
    "grid_start": [
      6,
      11
    ],
    "grid_goal": [
      31,
      10
    ],
    "num_waypoints": 26,
    "path_length": 4.5467,
    "lambda_occ": 5.0,
    "lambda_sem": 2.5,
    "step": 0.15,
    "robot_radius": 0.12
  },
  "planner_config": {
    "step": 0.15,
    "robot_radius": 0.12,
    "lambda_occ": 5.0,
    "lambda_sem": 2.5,
    "step_duration": 1.0,
    "dynamic_decay": 2.5
  },
  "path": [
    [
      0.8861262451860996,
      1.662458286928544,
      0.0
    ],
    [
      1.05,
      1.65,
      0.0
    ],
    [
      1.2,
      1.65,
      0.0
    ],
    [
      1.35,
      1.8,
      0.0
    ],
    [
      1.5,
      1.95,
      0.0
    ],
    [
      1.65,
      1.95,
      0.0
    ],
    [
      1.8,
      1.95,
      0.0
    ],
    [
      1.95,
      2.1,
      0.0
    ],
    [
      2.1,
      2.25,
      0.0
    ],
    [
      2.25,
      2.4,
      0.0
    ],
    [
      2.4,
      2.55,
      0.0
    ],
    [
      2.55,
      2.55,
      0.0
    ],
    [
      2.7,
      2.55,
      0.0
    ],
    [
      2.85,
      2.4,
      0.0
    ],
    [
      3.0,
      2.25,
      0.0
    ],
    [
      3.15,
      2.1,
      0.0
    ],
    [
      3.3,
      1.95,
      0.0
    ],
    [
      3.45,
      1.95,
      0.0
    ],
    [
      3.6,
      1.8,
      0.0
    ],
    [
      3.75,
      1.8,
      0.0
    ],
    [
      3.9,
      1.8,
      0.0
    ],
    [
      4.05,
      1.8,
      0.0
    ],
    [
      4.2,
      1.8,
      0.0
    ],
    [
      4.35,
      1.65,
      0.0
    ],
    [
      4.5,
      1.5,
      0.0
    ],
    [
      4.624357898751066,
      1.50854986404134,
      0.0
    ]
  ]
}