{
  "algorithm": "semantic_dstar_lite",
  "scene_file": "/Users/ishita/Documents/GitHub/BEACON-semantics/data/complex/scenes/cluttered_037.json",
  "scene_family": "cluttered",
  "workspace": [
    0,
    6,
    0,
    6
  ],
  "start": [
    4.106888965640683,
    5.194461919666853,
    0.0
  ],
  "goal": [
    3.8880609766172256,
    0.9227717402766427,
    0.0
  ],
  "success": true,
  "summary": {
    "success": true,
    "algorithm": "semantic_dstar_lite",
    "grid_start": [
      27,
      35
    ],
    "grid_goal": [
      26,
      6
    ],
    "num_waypoints": 30,
    "path_length": 5.1508,
    "lambda_occ": 5.0,
    "lambda_sem": 2.5,
    "step": 0.15,
    "robot_radius": 0.12
  },
  "planner_config": {
    "step": 0.15,
    "robot_radius": 0.12,
    "lambda_occ": 5.0,
    "lambda_sem": 2.5,
    "step_duration": 1.0,
    "dynamic_decay": 2.5
  },
  "path": [
    [
      4.106888965640683,
      5.194461919666853,
      0.0
    ],
    [
      3.9,
      5.1,
      0.0
    ],
    [
      3.9,
      4.95,
      0.0
    ],
    [
      3.9,
      4.8,
      0.0
    ],
    [
      3.9,
      4.65,
      0.0
    ],
    [
      3.9,
      4.5,
      0.0
    ],
    [
      3.9,
      4.35,
      0.0
    ],
    [
      3.9,
      4.2,
      0.0
    ],
    [
      3.75,
      4.05,
      0.0
    ],
    [
      3.75,
      3.9,
      0.0
    ],
    [
      3.75,
      3.75,
      0.0
    ],
    [
      3.75,
      3.6,
      0.0
    ],
    [
      3.75,
      3.45,
      0.0
    ],
    [
      3.75,
      3.3,
      0.0
    ],
    [
      3.75,
      3.15,
      0.0
    ],
    [
      3.75,
      3.0,
      0.0
    ],
    [
      3.6,
      2.85,
      0.0
    ],
    [
      3.45,
      2.7,
      0.0
    ],
    [
      3.3,
      2.55,
      0.0
    ],
    [
      3.15,
      2.4,
      0.0
    ],
    [
      3.0,
      2.25,
      0.0
    ],
    [
      3.15,
      2.1,
      0.0
    ],
    [
      3.15,
      1.95,
      0.0
    ],
    [
      3.15,
      1.8,
      0.0
    ],
    [
      3.3,
      1.65,
      0.0
    ],
    [
      3.45,
      1.5,
      0.0
    ],
    [
      3.6,
      1.35,
      0.0
    ],
    [
      3.75,
      1.2,
      0.0
    ],
    [
      3.9,
      1.05,
      0.0
    ],
    [
      3.8880609766172256,
      0.9227717402766427,
      0.0
    ]
  ]
}