{
  "algorithm": "semantic_dstar_lite",
  "scene_file": "/Users/ishita/Documents/GitHub/BEACON-semantics/data/complex/scenes/cluttered_086.json",
  "scene_family": "cluttered",
  "workspace": [
    0,
    6,
    0,
    6
  ],
  "start": [
    3.819376611852136,
    1.7549878417123073,
    0.0
  ],
  "goal": [
    1.4320897916455575,
    4.394508029248731,
    0.0
  ],
  "success": true,
  "summary": {
    "success": true,
    "algorithm": "semantic_dstar_lite",
    "grid_start": [
      25,
      12
    ],
    "grid_goal": [
      10,
      29
    ],
    "num_waypoints": 23,
    "path_length": 4.0587,
    "lambda_occ": 5.0,
    "lambda_sem": 2.5,
    "step": 0.15,
    "robot_radius": 0.12
  },
  "planner_config": {
    "step": 0.15,
    "robot_radius": 0.12,
    "lambda_occ": 5.0,
    "lambda_sem": 2.5,
    "step_duration": 1.0,
    "dynamic_decay": 2.5
  },
  "path": [
    [
      3.819376611852136,
      1.7549878417123073,
      0.0
    ],
    [
      3.6,
      1.95,
      0.0
    ],
    [
      3.45,
      2.1,
      0.0
    ],
    [
      3.3,
      2.25,
      0.0
    ],
    [
      3.15,
      2.4,
      0.0
    ],
    [
      3.0,
      2.55,
      0.0
    ],
    [
      2.85,
      2.7,
      0.0
    ],
    [
      2.7,
      2.85,
      0.0
    ],
    [
      2.55,
      2.85,
      0.0
    ],
    [
      2.4,
      2.85,
      0.0
    ],
    [
      2.25,
      2.85,
      0.0
    ],
    [
      2.1,
      2.85,
      0.0
    ],
    [
      1.95,
      2.85,
      0.0
    ],
    [
      1.8,
      3.0,
      0.0
    ],
    [
      1.8,
      3.15,
      0.0
    ],
    [
      1.65,
      3.3,
      0.0
    ],
    [
      1.65,
      3.45,
      0.0
    ],
    [
      1.65,
      3.6,
      0.0
    ],
    [
      1.5,
      3.75,
      0.0
    ],
    [
      1.5,
      3.9,
      0.0
    ],
    [
      1.5,
      4.05,
      0.0
    ],
    [
      1.5,
      4.2,
      0.0
    ],
    [
      1.4320897916455575,
      4.394508029248731,
      0.0
    ]
  ]
}