{
  "algorithm": "semantic_dstar_lite",
  "scene_file": "/Users/ishita/Documents/GitHub/BEACON-semantics/data/complex/scenes/cluttered_043.json",
  "scene_family": "cluttered",
  "workspace": [
    0,
    6,
    0,
    6
  ],
  "start": [
    2.329506667128621,
    0.5118822600480307,
    0.0
  ],
  "goal": [
    4.258294945602243,
    4.458258580810216,
    0.0
  ],
  "success": true,
  "summary": {
    "success": true,
    "algorithm": "semantic_dstar_lite",
    "grid_start": [
      16,
      3
    ],
    "grid_goal": [
      28,
      30
    ],
    "num_waypoints": 32,
    "path_length": 5.2071,
    "lambda_occ": 5.0,
    "lambda_sem": 2.5,
    "step": 0.15,
    "robot_radius": 0.12
  },
  "planner_config": {
    "step": 0.15,
    "robot_radius": 0.12,
    "lambda_occ": 5.0,
    "lambda_sem": 2.5,
    "step_duration": 1.0,
    "dynamic_decay": 2.5
  },
  "path": [
    [
      2.329506667128621,
      0.5118822600480307,
      0.0
    ],
    [
      2.4,
      0.6,
      0.0
    ],
    [
      2.4,
      0.75,
      0.0
    ],
    [
      2.4,
      0.9,
      0.0
    ],
    [
      2.4,
      1.05,
      0.0
    ],
    [
      2.4,
      1.2,
      0.0
    ],
    [
      2.4,
      1.35,
      0.0
    ],
    [
      2.4,
      1.5,
      0.0
    ],
    [
      2.4,
      1.65,
      0.0
    ],
    [
      2.4,
      1.8,
      0.0
    ],
    [
      2.55,
      1.95,
      0.0
    ],
    [
      2.55,
      2.1,
      0.0
    ],
    [
      2.55,
      2.25,
      0.0
    ],
    [
      2.7,
      2.4,
      0.0
    ],
    [
      2.85,
      2.55,
      0.0
    ],
    [
      3.0,
      2.7,
      0.0
    ],
    [
      3.15,
      2.85,
      0.0
    ],
    [
      3.3,
      3.0,
      0.0
    ],
    [
      3.45,
      3.0,
      0.0
    ],
    [
      3.6,
      3.0,
      0.0
    ],
    [
      3.75,
      3.0,
      0.0
    ],
    [
      3.9,
      3.15,
      0.0
    ],
    [
      4.05,
      3.15,
      0.0
    ],
    [
      4.2,
      3.3,
      0.0
    ],
    [
      4.35,
      3.45,
      0.0
    ],
    [
      4.2,
      3.6,
      0.0
    ],
    [
      4.2,
      3.75,
      0.0
    ],
    [
      4.2,
      3.9,
      0.0
    ],
    [
      4.2,
      4.05,
      0.0
    ],
    [
      4.2,
      4.2,
      0.0
    ],
    [
      4.2,
      4.35,
      0.0
    ],
    [
      4.258294945602243,
      4.458258580810216,
      0.0
    ]
  ]
}