{
  "algorithm": "semantic_dstar_lite",
  "scene_file": "/Users/ishita/Documents/GitHub/BEACON-semantics/data/complex/scenes/cluttered_057.json",
  "scene_family": "cluttered",
  "workspace": [
    0,
    6,
    0,
    6
  ],
  "start": [
    4.933486921294513,
    4.411581106533773,
    0.0
  ],
  "goal": [
    4.529416310938431,
    0.8249575112582397,
    0.0
  ],
  "success": true,
  "summary": {
    "success": true,
    "algorithm": "semantic_dstar_lite",
    "grid_start": [
      33,
      29
    ],
    "grid_goal": [
      30,
      5
    ],
    "num_waypoints": 29,
    "path_length": 5.0568,
    "lambda_occ": 5.0,
    "lambda_sem": 2.5,
    "step": 0.15,
    "robot_radius": 0.12
  },
  "planner_config": {
    "step": 0.15,
    "robot_radius": 0.12,
    "lambda_occ": 5.0,
    "lambda_sem": 2.5,
    "step_duration": 1.0,
    "dynamic_decay": 2.5
  },
  "path": [
    [
      4.933486921294513,
      4.411581106533773,
      0.0
    ],
    [
      5.1,
      4.2,
      0.0
    ],
    [
      5.25,
      4.05,
      0.0
    ],
    [
      5.4,
      3.9,
      0.0
    ],
    [
      5.55,
      3.75,
      0.0
    ],
    [
      5.55,
      3.6,
      0.0
    ],
    [
      5.55,
      3.45,
      0.0
    ],
    [
      5.55,
      3.3,
      0.0
    ],
    [
      5.55,
      3.15,
      0.0
    ],
    [
      5.55,
      3.0,
      0.0
    ],
    [
      5.55,
      2.85,
      0.0
    ],
    [
      5.7,
      2.7,
      0.0
    ],
    [
      5.85,
      2.55,
      0.0
    ],
    [
      6.0,
      2.4,
      0.0
    ],
    [
      6.0,
      2.25,
      0.0
    ],
    [
      5.85,
      2.1,
      0.0
    ],
    [
      5.7,
      1.95,
      0.0
    ],
    [
      5.55,
      1.8,
      0.0
    ],
    [
      5.55,
      1.65,
      0.0
    ],
    [
      5.55,
      1.5,
      0.0
    ],
    [
      5.55,
      1.35,
      0.0
    ],
    [
      5.55,
      1.2,
      0.0
    ],
    [
      5.4,
      1.05,
      0.0
    ],
    [
      5.25,
      0.9,
      0.0
    ],
    [
      5.1,
      0.9,
      0.0
    ],
    [
      4.95,
      0.75,
      0.0
    ],
    [
      4.8,
      0.75,
      0.0
    ],
    [
      4.65,
      0.75,
      0.0
    ],
    [
      4.529416310938431,
      0.8249575112582397,
      0.0
    ]
  ]
}