{
  "algorithm": "semantic_dstar_lite",
  "scene_file": "/Users/ishita/Documents/GitHub/BEACON-semantics/data/complex/scenes/cluttered_094.json",
  "scene_family": "cluttered",
  "workspace": [
    0,
    6,
    0,
    6
  ],
  "start": [
    4.732538815170109,
    3.309995084302627,
    0.0
  ],
  "goal": [
    0.7867446978088264,
    4.748145900886593,
    0.0
  ],
  "success": true,
  "summary": {
    "success": true,
    "algorithm": "semantic_dstar_lite",
    "grid_start": [
      32,
      22
    ],
    "grid_goal": [
      5,
      32
    ],
    "num_waypoints": 29,
    "path_length": 4.6471,
    "lambda_occ": 5.0,
    "lambda_sem": 2.5,
    "step": 0.15,
    "robot_radius": 0.12
  },
  "planner_config": {
    "step": 0.15,
    "robot_radius": 0.12,
    "lambda_occ": 5.0,
    "lambda_sem": 2.5,
    "step_duration": 1.0,
    "dynamic_decay": 2.5
  },
  "path": [
    [
      4.732538815170109,
      3.309995084302627,
      0.0
    ],
    [
      4.65,
      3.3,
      0.0
    ],
    [
      4.5,
      3.3,
      0.0
    ],
    [
      4.35,
      3.3,
      0.0
    ],
    [
      4.2,
      3.3,
      0.0
    ],
    [
      4.05,
      3.3,
      0.0
    ],
    [
      3.9,
      3.3,
      0.0
    ],
    [
      3.75,
      3.3,
      0.0
    ],
    [
      3.6,
      3.3,
      0.0
    ],
    [
      3.45,
      3.3,
      0.0
    ],
    [
      3.3,
      3.3,
      0.0
    ],
    [
      3.15,
      3.3,
      0.0
    ],
    [
      3.0,
      3.3,
      0.0
    ],
    [
      2.85,
      3.3,
      0.0
    ],
    [
      2.7,
      3.3,
      0.0
    ],
    [
      2.55,
      3.3,
      0.0
    ],
    [
      2.4,
      3.3,
      0.0
    ],
    [
      2.25,
      3.3,
      0.0
    ],
    [
      2.1,
      3.3,
      0.0
    ],
    [
      1.95,
      3.45,
      0.0
    ],
    [
      1.8,
      3.6,
      0.0
    ],
    [
      1.65,
      3.75,
      0.0
    ],
    [
      1.5,
      3.9,
      0.0
    ],
    [
      1.35,
      4.05,
      0.0
    ],
    [
      1.2,
      4.2,
      0.0
    ],
    [
      1.05,
      4.35,
      0.0
    ],
    [
      0.9,
      4.5,
      0.0
    ],
    [
      0.75,
      4.65,
      0.0
    ],
    [
      0.7867446978088264,
      4.748145900886593,
      0.0
    ]
  ]
}