{
  "algorithm": "semantic_dstar_lite",
  "scene_file": "/Users/ishita/Documents/GitHub/BEACON-semantics/data/complex/scenes/cluttered_041.json",
  "scene_family": "cluttered",
  "workspace": [
    0,
    6,
    0,
    6
  ],
  "start": [
    4.608886365780528,
    4.081979191681076,
    0.0
  ],
  "goal": [
    0.577617101819733,
    1.1729339103722833,
    0.0
  ],
  "success": true,
  "summary": {
    "success": true,
    "algorithm": "semantic_dstar_lite",
    "grid_start": [
      31,
      27
    ],
    "grid_goal": [
      4,
      8
    ],
    "num_waypoints": 38,
    "path_length": 6.2254,
    "lambda_occ": 5.0,
    "lambda_sem": 2.5,
    "step": 0.15,
    "robot_radius": 0.12
  },
  "planner_config": {
    "step": 0.15,
    "robot_radius": 0.12,
    "lambda_occ": 5.0,
    "lambda_sem": 2.5,
    "step_duration": 1.0,
    "dynamic_decay": 2.5
  },
  "path": [
    [
      4.608886365780528,
      4.081979191681076,
      0.0
    ],
    [
      4.5,
      4.05,
      0.0
    ],
    [
      4.35,
      4.05,
      0.0
    ],
    [
      4.2,
      4.05,
      0.0
    ],
    [
      4.05,
      4.05,
      0.0
    ],
    [
      3.9,
      4.05,
      0.0
    ],
    [
      3.75,
      4.05,
      0.0
    ],
    [
      3.6,
      4.05,
      0.0
    ],
    [
      3.45,
      4.05,
      0.0
    ],
    [
      3.3,
      4.05,
      0.0
    ],
    [
      3.15,
      4.05,
      0.0
    ],
    [
      3.0,
      4.05,
      0.0
    ],
    [
      2.85,
      4.05,
      0.0
    ],
    [
      2.7,
      4.05,
      0.0
    ],
    [
      2.55,
      3.9,
      0.0
    ],
    [
      2.4,
      3.75,
      0.0
    ],
    [
      2.25,
      3.6,
      0.0
    ],
    [
      2.1,
      3.45,
      0.0
    ],
    [
      1.95,
      3.3,
      0.0
    ],
    [
      1.8,
      3.15,
      0.0
    ],
    [
      1.8,
      3.0,
      0.0
    ],
    [
      1.8,
      2.85,
      0.0
    ],
    [
      1.8,
      2.7,
      0.0
    ],
    [
      1.8,
      2.55,
      0.0
    ],
    [
      1.65,
      2.4,
      0.0
    ],
    [
      1.5,
      2.25,
      0.0
    ],
    [
      1.35,
      2.25,
      0.0
    ],
    [
      1.2,
      2.25,
      0.0
    ],
    [
      1.05,
      2.1,
      0.0
    ],
    [
      0.9,
      2.25,
      0.0
    ],
    [
      0.75,
      2.25,
      0.0
    ],
    [
      0.6,
      2.1,
      0.0
    ],
    [
      0.6,
      1.95,
      0.0
    ],
    [
      0.6,
      1.8,
      0.0
    ],
    [
      0.6,
      1.65,
      0.0
    ],
    [
      0.6,
      1.5,
      0.0
    ],
    [
      0.6,
      1.35,
      0.0
    ],
    [
      0.577617101819733,
      1.1729339103722833,
      0.0
    ]
  ]
}