{
  "algorithm": "semantic_dstar_lite",
  "scene_file": "/Users/ishita/Documents/GitHub/BEACON-semantics/data/complex/scenes/cluttered_030.json",
  "scene_family": "cluttered",
  "workspace": [
    0,
    6,
    0,
    6
  ],
  "start": [
    4.0422908845005185,
    3.938339194056142,
    0.0
  ],
  "goal": [
    1.3919144160566974,
    1.2616110666813574,
    0.0
  ],
  "success": true,
  "summary": {
    "success": true,
    "algorithm": "semantic_dstar_lite",
    "grid_start": [
      27,
      26
    ],
    "grid_goal": [
      9,
      8
    ],
    "num_waypoints": 25,
    "path_length": 4.3439,
    "lambda_occ": 5.0,
    "lambda_sem": 2.5,
    "step": 0.15,
    "robot_radius": 0.12
  },
  "planner_config": {
    "step": 0.15,
    "robot_radius": 0.12,
    "lambda_occ": 5.0,
    "lambda_sem": 2.5,
    "step_duration": 1.0,
    "dynamic_decay": 2.5
  },
  "path": [
    [
      4.0422908845005185,
      3.938339194056142,
      0.0
    ],
    [
      3.9,
      3.75,
      0.0
    ],
    [
      3.9,
      3.6,
      0.0
    ],
    [
      3.9,
      3.45,
      0.0
    ],
    [
      3.75,
      3.3,
      0.0
    ],
    [
      3.6,
      3.15,
      0.0
    ],
    [
      3.6,
      3.0,
      0.0
    ],
    [
      3.6,
      2.85,
      0.0
    ],
    [
      3.45,
      2.7,
      0.0
    ],
    [
      3.3,
      2.55,
      0.0
    ],
    [
      3.15,
      2.4,
      0.0
    ],
    [
      3.0,
      2.25,
      0.0
    ],
    [
      3.0,
      2.1,
      0.0
    ],
    [
      2.85,
      1.95,
      0.0
    ],
    [
      2.85,
      1.8,
      0.0
    ],
    [
      2.7,
      1.65,
      0.0
    ],
    [
      2.55,
      1.5,
      0.0
    ],
    [
      2.4,
      1.35,
      0.0
    ],
    [
      2.25,
      1.35,
      0.0
    ],
    [
      2.1,
      1.35,
      0.0
    ],
    [
      1.95,
      1.2,
      0.0
    ],
    [
      1.8,
      1.2,
      0.0
    ],
    [
      1.65,
      1.2,
      0.0
    ],
    [
      1.5,
      1.2,
      0.0
    ],
    [
      1.3919144160566974,
      1.2616110666813574,
      0.0
    ]
  ]
}