{
  "algorithm": "semantic_dstar_lite",
  "scene_file": "/Users/ishita/Documents/GitHub/BEACON-semantics/data/complex/scenes/cluttered_001.json",
  "scene_family": "cluttered",
  "workspace": [
    0,
    6,
    0,
    6
  ],
  "start": [
    0.7619546888635251,
    1.630077971411238,
    0.0
  ],
  "goal": [
    4.28757283364014,
    4.907551211975345,
    0.0
  ],
  "success": true,
  "summary": {
    "success": true,
    "algorithm": "semantic_dstar_lite",
    "grid_start": [
      5,
      11
    ],
    "grid_goal": [
      29,
      33
    ],
    "num_waypoints": 36,
    "path_length": 6.0118,
    "lambda_occ": 5.0,
    "lambda_sem": 2.5,
    "step": 0.15,
    "robot_radius": 0.12
  },
  "planner_config": {
    "step": 0.15,
    "robot_radius": 0.12,
    "lambda_occ": 5.0,
    "lambda_sem": 2.5,
    "step_duration": 1.0,
    "dynamic_decay": 2.5
  },
  "path": [
    [
      0.7619546888635251,
      1.630077971411238,
      0.0
    ],
    [
      0.9,
      1.8,
      0.0
    ],
    [
      1.05,
      1.8,
      0.0
    ],
    [
      1.2,
      1.95,
      0.0
    ],
    [
      1.35,
      2.1,
      0.0
    ],
    [
      1.5,
      2.1,
      0.0
    ],
    [
      1.65,
      2.25,
      0.0
    ],
    [
      1.8,
      2.1,
      0.0
    ],
    [
      1.95,
      2.25,
      0.0
    ],
    [
      2.1,
      2.4,
      0.0
    ],
    [
      2.25,
      2.55,
      0.0
    ],
    [
      2.4,
      2.7,
      0.0
    ],
    [
      2.55,
      2.7,
      0.0
    ],
    [
      2.7,
      2.7,
      0.0
    ],
    [
      2.85,
      2.7,
      0.0
    ],
    [
      3.0,
      2.7,
      0.0
    ],
    [
      3.15,
      2.85,
      0.0
    ],
    [
      3.15,
      3.0,
      0.0
    ],
    [
      3.15,
      3.15,
      0.0
    ],
    [
      3.15,
      3.3,
      0.0
    ],
    [
      3.15,
      3.45,
      0.0
    ],
    [
      3.15,
      3.6,
      0.0
    ],
    [
      3.15,
      3.75,
      0.0
    ],
    [
      3.15,
      3.9,
      0.0
    ],
    [
      3.15,
      4.05,
      0.0
    ],
    [
      3.15,
      4.2,
      0.0
    ],
    [
      3.15,
      4.35,
      0.0
    ],
    [
      3.15,
      4.5,
      0.0
    ],
    [
      3.3,
      4.65,
      0.0
    ],
    [
      3.45,
      4.8,
      0.0
    ],
    [
      3.6,
      4.95,
      0.0
    ],
    [
      3.75,
      4.95,
      0.0
    ],
    [
      3.9,
      4.95,
      0.0
    ],
    [
      4.05,
      4.95,
      0.0
    ],
    [
      4.2,
      4.95,
      0.0
    ],
    [
      4.28757283364014,
      4.907551211975345,
      0.0
    ]
  ]
}