{
  "algorithm": "semantic_dstar_lite",
  "scene_file": "/Users/ishita/Documents/GitHub/BEACON-semantics/data/complex/scenes/cluttered_058.json",
  "scene_family": "cluttered",
  "workspace": [
    0,
    6,
    0,
    6
  ],
  "start": [
    4.199474061651273,
    0.6993196793161994,
    0.0
  ],
  "goal": [
    0.8518324949752589,
    3.5068547671471504,
    0.0
  ],
  "success": true,
  "summary": {
    "success": true,
    "algorithm": "semantic_dstar_lite",
    "grid_start": [
      28,
      5
    ],
    "grid_goal": [
      6,
      23
    ],
    "num_waypoints": 30,
    "path_length": 5.252,
    "lambda_occ": 5.0,
    "lambda_sem": 2.5,
    "step": 0.15,
    "robot_radius": 0.12
  },
  "planner_config": {
    "step": 0.15,
    "robot_radius": 0.12,
    "lambda_occ": 5.0,
    "lambda_sem": 2.5,
    "step_duration": 1.0,
    "dynamic_decay": 2.5
  },
  "path": [
    [
      4.199474061651273,
      0.6993196793161994,
      0.0
    ],
    [
      4.05,
      0.9,
      0.0
    ],
    [
      3.9,
      0.9,
      0.0
    ],
    [
      3.75,
      0.9,
      0.0
    ],
    [
      3.6,
      0.9,
      0.0
    ],
    [
      3.45,
      0.9,
      0.0
    ],
    [
      3.3,
      0.9,
      0.0
    ],
    [
      3.15,
      0.9,
      0.0
    ],
    [
      3.0,
      1.05,
      0.0
    ],
    [
      3.0,
      1.2,
      0.0
    ],
    [
      2.85,
      1.35,
      0.0
    ],
    [
      2.7,
      1.5,
      0.0
    ],
    [
      2.55,
      1.65,
      0.0
    ],
    [
      2.4,
      1.8,
      0.0
    ],
    [
      2.25,
      1.95,
      0.0
    ],
    [
      2.25,
      2.1,
      0.0
    ],
    [
      2.25,
      2.25,
      0.0
    ],
    [
      2.25,
      2.4,
      0.0
    ],
    [
      2.25,
      2.55,
      0.0
    ],
    [
      2.4,
      2.7,
      0.0
    ],
    [
      2.25,
      2.85,
      0.0
    ],
    [
      2.1,
      3.0,
      0.0
    ],
    [
      1.95,
      3.0,
      0.0
    ],
    [
      1.8,
      3.0,
      0.0
    ],
    [
      1.65,
      3.0,
      0.0
    ],
    [
      1.5,
      3.15,
      0.0
    ],
    [
      1.35,
      3.3,
      0.0
    ],
    [
      1.2,
      3.45,
      0.0
    ],
    [
      1.05,
      3.45,
      0.0
    ],
    [
      0.8518324949752589,
      3.5068547671471504,
      0.0
    ]
  ]
}