{
  "algorithm": "semantic_dstar_lite",
  "scene_file": "/Users/ishita/Documents/GitHub/BEACON-semantics/data/complex/scenes/cluttered_097.json",
  "scene_family": "cluttered",
  "workspace": [
    0,
    6,
    0,
    6
  ],
  "start": [
    5.530752725429655,
    4.9712495566362165,
    0.0
  ],
  "goal": [
    0.8990615551335086,
    5.336756972181138,
    0.0
  ],
  "success": true,
  "summary": {
    "success": true,
    "algorithm": "semantic_dstar_lite",
    "grid_start": [
      37,
      33
    ],
    "grid_goal": [
      6,
      36
    ],
    "num_waypoints": 32,
    "path_length": 5.2297,
    "lambda_occ": 5.0,
    "lambda_sem": 2.5,
    "step": 0.15,
    "robot_radius": 0.12
  },
  "planner_config": {
    "step": 0.15,
    "robot_radius": 0.12,
    "lambda_occ": 5.0,
    "lambda_sem": 2.5,
    "step_duration": 1.0,
    "dynamic_decay": 2.5
  },
  "path": [
    [
      5.530752725429655,
      4.9712495566362165,
      0.0
    ],
    [
      5.4,
      5.1,
      0.0
    ],
    [
      5.25,
      5.1,
      0.0
    ],
    [
      5.1,
      5.1,
      0.0
    ],
    [
      4.95,
      5.1,
      0.0
    ],
    [
      4.8,
      5.25,
      0.0
    ],
    [
      4.65,
      5.4,
      0.0
    ],
    [
      4.5,
      5.4,
      0.0
    ],
    [
      4.35,
      5.4,
      0.0
    ],
    [
      4.2,
      5.4,
      0.0
    ],
    [
      4.05,
      5.4,
      0.0
    ],
    [
      3.9,
      5.4,
      0.0
    ],
    [
      3.75,
      5.4,
      0.0
    ],
    [
      3.6,
      5.4,
      0.0
    ],
    [
      3.45,
      5.4,
      0.0
    ],
    [
      3.3,
      5.4,
      0.0
    ],
    [
      3.15,
      5.4,
      0.0
    ],
    [
      3.0,
      5.4,
      0.0
    ],
    [
      2.85,
      5.4,
      0.0
    ],
    [
      2.7,
      5.4,
      0.0
    ],
    [
      2.55,
      5.4,
      0.0
    ],
    [
      2.4,
      5.4,
      0.0
    ],
    [
      2.25,
      5.4,
      0.0
    ],
    [
      2.1,
      5.4,
      0.0
    ],
    [
      1.95,
      5.4,
      0.0
    ],
    [
      1.8,
      5.4,
      0.0
    ],
    [
      1.65,
      5.55,
      0.0
    ],
    [
      1.5,
      5.7,
      0.0
    ],
    [
      1.35,
      5.85,
      0.0
    ],
    [
      1.2,
      5.7,
      0.0
    ],
    [
      1.05,
      5.55,
      0.0
    ],
    [
      0.8990615551335086,
      5.336756972181138,
      0.0
    ]
  ]
}