{
  "algorithm": "semantic_dstar_lite",
  "scene_file": "/Users/ishita/Documents/GitHub/BEACON-semantics/data/complex/scenes/cluttered_096.json",
  "scene_family": "cluttered",
  "workspace": [
    0,
    6,
    0,
    6
  ],
  "start": [
    1.3443597097623643,
    5.240988951796661,
    0.0
  ],
  "goal": [
    1.8566391525045955,
    1.036996074962334,
    0.0
  ],
  "success": true,
  "summary": {
    "success": true,
    "algorithm": "semantic_dstar_lite",
    "grid_start": [
      9,
      35
    ],
    "grid_goal": [
      12,
      7
    ],
    "num_waypoints": 34,
    "path_length": 5.9923,
    "lambda_occ": 5.0,
    "lambda_sem": 2.5,
    "step": 0.15,
    "robot_radius": 0.12
  },
  "planner_config": {
    "step": 0.15,
    "robot_radius": 0.12,
    "lambda_occ": 5.0,
    "lambda_sem": 2.5,
    "step_duration": 1.0,
    "dynamic_decay": 2.5
  },
  "path": [
    [
      1.3443597097623643,
      5.240988951796661,
      0.0
    ],
    [
      1.35,
      5.1,
      0.0
    ],
    [
      1.35,
      4.95,
      0.0
    ],
    [
      1.35,
      4.8,
      0.0
    ],
    [
      1.35,
      4.65,
      0.0
    ],
    [
      1.2,
      4.5,
      0.0
    ],
    [
      1.05,
      4.35,
      0.0
    ],
    [
      1.05,
      4.2,
      0.0
    ],
    [
      0.9,
      4.05,
      0.0
    ],
    [
      0.75,
      3.9,
      0.0
    ],
    [
      0.75,
      3.75,
      0.0
    ],
    [
      0.75,
      3.6,
      0.0
    ],
    [
      0.75,
      3.45,
      0.0
    ],
    [
      0.6,
      3.3,
      0.0
    ],
    [
      0.45,
      3.15,
      0.0
    ],
    [
      0.3,
      3.0,
      0.0
    ],
    [
      0.3,
      2.85,
      0.0
    ],
    [
      0.15,
      2.7,
      0.0
    ],
    [
      0.0,
      2.55,
      0.0
    ],
    [
      0.0,
      2.4,
      0.0
    ],
    [
      0.15,
      2.25,
      0.0
    ],
    [
      0.3,
      2.1,
      0.0
    ],
    [
      0.45,
      1.95,
      0.0
    ],
    [
      0.45,
      1.8,
      0.0
    ],
    [
      0.45,
      1.65,
      0.0
    ],
    [
      0.6,
      1.5,
      0.0
    ],
    [
      0.75,
      1.35,
      0.0
    ],
    [
      0.9,
      1.2,
      0.0
    ],
    [
      1.05,
      1.2,
      0.0
    ],
    [
      1.2,
      1.2,
      0.0
    ],
    [
      1.35,
      1.05,
      0.0
    ],
    [
      1.5,
      1.05,
      0.0
    ],
    [
      1.65,
      1.05,
      0.0
    ],
    [
      1.8566391525045955,
      1.036996074962334,
      0.0
    ]
  ]
}