{
  "algorithm": "semantic_dstar_lite",
  "scene_file": "/Users/ishita/Documents/GitHub/BEACON-semantics/data/complex/scenes/cluttered_006.json",
  "scene_family": "cluttered",
  "workspace": [
    0,
    6,
    0,
    6
  ],
  "start": [
    5.449965540242932,
    5.420352330187609,
    0.0
  ],
  "goal": [
    4.106466305362492,
    1.780872830944004,
    0.0
  ],
  "success": true,
  "summary": {
    "success": true,
    "algorithm": "semantic_dstar_lite",
    "grid_start": [
      36,
      36
    ],
    "grid_goal": [
      27,
      12
    ],
    "num_waypoints": 26,
    "path_length": 4.852,
    "lambda_occ": 5.0,
    "lambda_sem": 2.5,
    "step": 0.15,
    "robot_radius": 0.12
  },
  "planner_config": {
    "step": 0.15,
    "robot_radius": 0.12,
    "lambda_occ": 5.0,
    "lambda_sem": 2.5,
    "step_duration": 1.0,
    "dynamic_decay": 2.5
  },
  "path": [
    [
      5.449965540242932,
      5.420352330187609,
      0.0
    ],
    [
      5.25,
      5.25,
      0.0
    ],
    [
      5.25,
      5.1,
      0.0
    ],
    [
      5.25,
      4.95,
      0.0
    ],
    [
      5.1,
      4.8,
      0.0
    ],
    [
      4.95,
      4.65,
      0.0
    ],
    [
      4.8,
      4.5,
      0.0
    ],
    [
      4.65,
      4.35,
      0.0
    ],
    [
      4.5,
      4.2,
      0.0
    ],
    [
      4.35,
      4.05,
      0.0
    ],
    [
      4.2,
      3.9,
      0.0
    ],
    [
      4.05,
      3.75,
      0.0
    ],
    [
      4.05,
      3.6,
      0.0
    ],
    [
      4.05,
      3.45,
      0.0
    ],
    [
      4.05,
      3.3,
      0.0
    ],
    [
      3.9,
      3.15,
      0.0
    ],
    [
      3.9,
      3.0,
      0.0
    ],
    [
      3.75,
      2.85,
      0.0
    ],
    [
      3.6,
      2.7,
      0.0
    ],
    [
      3.45,
      2.55,
      0.0
    ],
    [
      3.45,
      2.4,
      0.0
    ],
    [
      3.45,
      2.25,
      0.0
    ],
    [
      3.6,
      2.1,
      0.0
    ],
    [
      3.75,
      1.95,
      0.0
    ],
    [
      3.9,
      1.8,
      0.0
    ],
    [
      4.106466305362492,
      1.780872830944004,
      0.0
    ]
  ]
}