{
  "algorithm": "semantic_dstar_lite",
  "scene_file": "/Users/ishita/Documents/GitHub/BEACON-semantics/data/complex/scenes/cluttered_024.json",
  "scene_family": "cluttered",
  "workspace": [
    0,
    6,
    0,
    6
  ],
  "start": [
    1.1318828900824494,
    2.6800449036950837,
    0.0
  ],
  "goal": [
    4.759109587356379,
    5.428704791421773,
    0.0
  ],
  "success": true,
  "summary": {
    "success": true,
    "algorithm": "semantic_dstar_lite",
    "grid_start": [
      8,
      18
    ],
    "grid_goal": [
      32,
      36
    ],
    "num_waypoints": 30,
    "path_length": 5.3092,
    "lambda_occ": 5.0,
    "lambda_sem": 2.5,
    "step": 0.15,
    "robot_radius": 0.12
  },
  "planner_config": {
    "step": 0.15,
    "robot_radius": 0.12,
    "lambda_occ": 5.0,
    "lambda_sem": 2.5,
    "step_duration": 1.0,
    "dynamic_decay": 2.5
  },
  "path": [
    [
      1.1318828900824494,
      2.6800449036950837,
      0.0
    ],
    [
      1.35,
      2.85,
      0.0
    ],
    [
      1.5,
      3.0,
      0.0
    ],
    [
      1.65,
      3.15,
      0.0
    ],
    [
      1.8,
      3.3,
      0.0
    ],
    [
      1.95,
      3.45,
      0.0
    ],
    [
      2.1,
      3.6,
      0.0
    ],
    [
      2.25,
      3.75,
      0.0
    ],
    [
      2.4,
      3.75,
      0.0
    ],
    [
      2.55,
      3.75,
      0.0
    ],
    [
      2.7,
      3.9,
      0.0
    ],
    [
      2.85,
      4.05,
      0.0
    ],
    [
      2.85,
      4.2,
      0.0
    ],
    [
      2.85,
      4.35,
      0.0
    ],
    [
      3.0,
      4.5,
      0.0
    ],
    [
      3.15,
      4.65,
      0.0
    ],
    [
      3.3,
      4.8,
      0.0
    ],
    [
      3.3,
      4.95,
      0.0
    ],
    [
      3.3,
      5.1,
      0.0
    ],
    [
      3.45,
      5.25,
      0.0
    ],
    [
      3.45,
      5.4,
      0.0
    ],
    [
      3.6,
      5.55,
      0.0
    ],
    [
      3.75,
      5.55,
      0.0
    ],
    [
      3.9,
      5.55,
      0.0
    ],
    [
      4.05,
      5.4,
      0.0
    ],
    [
      4.2,
      5.4,
      0.0
    ],
    [
      4.35,
      5.4,
      0.0
    ],
    [
      4.5,
      5.4,
      0.0
    ],
    [
      4.65,
      5.4,
      0.0
    ],
    [
      4.759109587356379,
      5.428704791421773,
      0.0
    ]
  ]
}