{
  "algorithm": "semantic_dstar_lite",
  "scene_file": "/Users/ishita/Documents/GitHub/BEACON-semantics/data/complex/scenes/cluttered_000.json",
  "scene_family": "cluttered",
  "workspace": [
    0,
    6,
    0,
    6
  ],
  "start": [
    5.059639379551622,
    3.1840000884135917,
    0.0
  ],
  "goal": [
    1.0455509508108491,
    2.8570094837038083,
    0.0
  ],
  "success": true,
  "summary": {
    "success": true,
    "algorithm": "semantic_dstar_lite",
    "grid_start": [
      34,
      21
    ],
    "grid_goal": [
      7,
      19
    ],
    "num_waypoints": 36,
    "path_length": 6.375,
    "lambda_occ": 5.0,
    "lambda_sem": 2.5,
    "step": 0.15,
    "robot_radius": 0.12
  },
  "planner_config": {
    "step": 0.15,
    "robot_radius": 0.12,
    "lambda_occ": 5.0,
    "lambda_sem": 2.5,
    "step_duration": 1.0,
    "dynamic_decay": 2.5
  },
  "path": [
    [
      5.059639379551622,
      3.1840000884135917,
      0.0
    ],
    [
      4.95,
      3.0,
      0.0
    ],
    [
      4.95,
      2.85,
      0.0
    ],
    [
      4.95,
      2.7,
      0.0
    ],
    [
      4.95,
      2.55,
      0.0
    ],
    [
      4.95,
      2.4,
      0.0
    ],
    [
      4.95,
      2.25,
      0.0
    ],
    [
      4.8,
      2.1,
      0.0
    ],
    [
      4.65,
      1.95,
      0.0
    ],
    [
      4.5,
      1.95,
      0.0
    ],
    [
      4.35,
      1.8,
      0.0
    ],
    [
      4.2,
      1.8,
      0.0
    ],
    [
      4.05,
      1.65,
      0.0
    ],
    [
      3.9,
      1.65,
      0.0
    ],
    [
      3.75,
      1.65,
      0.0
    ],
    [
      3.6,
      1.8,
      0.0
    ],
    [
      3.45,
      1.95,
      0.0
    ],
    [
      3.3,
      2.1,
      0.0
    ],
    [
      3.15,
      2.25,
      0.0
    ],
    [
      3.0,
      2.4,
      0.0
    ],
    [
      2.85,
      2.4,
      0.0
    ],
    [
      2.7,
      2.4,
      0.0
    ],
    [
      2.55,
      2.55,
      0.0
    ],
    [
      2.55,
      2.7,
      0.0
    ],
    [
      2.55,
      2.85,
      0.0
    ],
    [
      2.55,
      3.0,
      0.0
    ],
    [
      2.4,
      3.15,
      0.0
    ],
    [
      2.25,
      3.3,
      0.0
    ],
    [
      2.1,
      3.45,
      0.0
    ],
    [
      1.95,
      3.3,
      0.0
    ],
    [
      1.8,
      3.3,
      0.0
    ],
    [
      1.65,
      3.15,
      0.0
    ],
    [
      1.5,
      3.0,
      0.0
    ],
    [
      1.35,
      2.85,
      0.0
    ],
    [
      1.2,
      2.85,
      0.0
    ],
    [
      1.0455509508108491,
      2.8570094837038083,
      0.0
    ]
  ]
}