{
  "algorithm": "semantic_dstar_lite",
  "scene_file": "/Users/ishita/Documents/GitHub/BEACON-semantics/data/complex/scenes/cluttered_089.json",
  "scene_family": "cluttered",
  "workspace": [
    0,
    6,
    0,
    6
  ],
  "start": [
    5.0466370943248355,
    3.320607066668421,
    0.0
  ],
  "goal": [
    0.5044223242116285,
    5.50684656938993,
    0.0
  ],
  "success": true,
  "summary": {
    "success": true,
    "algorithm": "semantic_dstar_lite",
    "grid_start": [
      34,
      22
    ],
    "grid_goal": [
      3,
      37
    ],
    "num_waypoints": 32,
    "path_length": 5.5868,
    "lambda_occ": 5.0,
    "lambda_sem": 2.5,
    "step": 0.15,
    "robot_radius": 0.12
  },
  "planner_config": {
    "step": 0.15,
    "robot_radius": 0.12,
    "lambda_occ": 5.0,
    "lambda_sem": 2.5,
    "step_duration": 1.0,
    "dynamic_decay": 2.5
  },
  "path": [
    [
      5.0466370943248355,
      3.320607066668421,
      0.0
    ],
    [
      4.95,
      3.45,
      0.0
    ],
    [
      4.8,
      3.45,
      0.0
    ],
    [
      4.65,
      3.45,
      0.0
    ],
    [
      4.5,
      3.45,
      0.0
    ],
    [
      4.35,
      3.45,
      0.0
    ],
    [
      4.2,
      3.45,
      0.0
    ],
    [
      4.05,
      3.45,
      0.0
    ],
    [
      3.9,
      3.45,
      0.0
    ],
    [
      3.75,
      3.45,
      0.0
    ],
    [
      3.6,
      3.45,
      0.0
    ],
    [
      3.45,
      3.45,
      0.0
    ],
    [
      3.3,
      3.45,
      0.0
    ],
    [
      3.15,
      3.45,
      0.0
    ],
    [
      3.0,
      3.3,
      0.0
    ],
    [
      2.85,
      3.3,
      0.0
    ],
    [
      2.7,
      3.3,
      0.0
    ],
    [
      2.55,
      3.45,
      0.0
    ],
    [
      2.4,
      3.6,
      0.0
    ],
    [
      2.25,
      3.75,
      0.0
    ],
    [
      2.1,
      3.9,
      0.0
    ],
    [
      1.95,
      4.05,
      0.0
    ],
    [
      1.8,
      4.2,
      0.0
    ],
    [
      1.65,
      4.35,
      0.0
    ],
    [
      1.5,
      4.5,
      0.0
    ],
    [
      1.35,
      4.65,
      0.0
    ],
    [
      1.2,
      4.8,
      0.0
    ],
    [
      1.05,
      4.95,
      0.0
    ],
    [
      0.9,
      5.1,
      0.0
    ],
    [
      0.75,
      5.25,
      0.0
    ],
    [
      0.6,
      5.4,
      0.0
    ],
    [
      0.5044223242116285,
      5.50684656938993,
      0.0
    ]
  ]
}