{
  "algorithm": "semantic_dstar_lite",
  "scene_file": "/Users/ishita/Documents/GitHub/BEACON-semantics/data/complex/scenes/cluttered_080.json",
  "scene_family": "cluttered",
  "workspace": [
    0,
    6,
    0,
    6
  ],
  "start": [
    0.5660644028293966,
    4.153011916356293,
    0.0
  ],
  "goal": [
    5.3950382574026285,
    3.375880635351127,
    0.0
  ],
  "success": true,
  "summary": {
    "success": true,
    "algorithm": "semantic_dstar_lite",
    "grid_start": [
      4,
      28
    ],
    "grid_goal": [
      36,
      23
    ],
    "num_waypoints": 33,
    "path_length": 5.3708,
    "lambda_occ": 5.0,
    "lambda_sem": 2.5,
    "step": 0.15,
    "robot_radius": 0.12
  },
  "planner_config": {
    "step": 0.15,
    "robot_radius": 0.12,
    "lambda_occ": 5.0,
    "lambda_sem": 2.5,
    "step_duration": 1.0,
    "dynamic_decay": 2.5
  },
  "path": [
    [
      0.5660644028293966,
      4.153011916356293,
      0.0
    ],
    [
      0.75,
      4.05,
      0.0
    ],
    [
      0.9,
      3.9,
      0.0
    ],
    [
      1.05,
      3.75,
      0.0
    ],
    [
      1.2,
      3.75,
      0.0
    ],
    [
      1.35,
      3.75,
      0.0
    ],
    [
      1.5,
      3.75,
      0.0
    ],
    [
      1.65,
      3.75,
      0.0
    ],
    [
      1.8,
      3.75,
      0.0
    ],
    [
      1.95,
      3.75,
      0.0
    ],
    [
      2.1,
      3.75,
      0.0
    ],
    [
      2.25,
      3.75,
      0.0
    ],
    [
      2.4,
      3.75,
      0.0
    ],
    [
      2.55,
      3.75,
      0.0
    ],
    [
      2.7,
      3.6,
      0.0
    ],
    [
      2.85,
      3.45,
      0.0
    ],
    [
      3.0,
      3.3,
      0.0
    ],
    [
      3.15,
      3.3,
      0.0
    ],
    [
      3.3,
      3.45,
      0.0
    ],
    [
      3.45,
      3.45,
      0.0
    ],
    [
      3.6,
      3.45,
      0.0
    ],
    [
      3.75,
      3.45,
      0.0
    ],
    [
      3.9,
      3.6,
      0.0
    ],
    [
      4.05,
      3.6,
      0.0
    ],
    [
      4.2,
      3.6,
      0.0
    ],
    [
      4.35,
      3.6,
      0.0
    ],
    [
      4.5,
      3.6,
      0.0
    ],
    [
      4.65,
      3.45,
      0.0
    ],
    [
      4.8,
      3.45,
      0.0
    ],
    [
      4.95,
      3.45,
      0.0
    ],
    [
      5.1,
      3.45,
      0.0
    ],
    [
      5.25,
      3.45,
      0.0
    ],
    [
      5.3950382574026285,
      3.375880635351127,
      0.0
    ]
  ]
}