{
  "algorithm": "semantic_dstar_lite",
  "scene_file": "/Users/ishita/Documents/GitHub/BEACON-semantics/data/complex/scenes/cluttered_070.json",
  "scene_family": "cluttered",
  "workspace": [
    0,
    6,
    0,
    6
  ],
  "start": [
    2.381578390192798,
    3.7268693947779634,
    0.0
  ],
  "goal": [
    5.491551676016758,
    1.6378180681958299,
    0.0
  ],
  "success": true,
  "summary": {
    "success": true,
    "algorithm": "semantic_dstar_lite",
    "grid_start": [
      16,
      25
    ],
    "grid_goal": [
      37,
      11
    ],
    "num_waypoints": 27,
    "path_length": 4.6046,
    "lambda_occ": 5.0,
    "lambda_sem": 2.5,
    "step": 0.15,
    "robot_radius": 0.12
  },
  "planner_config": {
    "step": 0.15,
    "robot_radius": 0.12,
    "lambda_occ": 5.0,
    "lambda_sem": 2.5,
    "step_duration": 1.0,
    "dynamic_decay": 2.5
  },
  "path": [
    [
      2.381578390192798,
      3.7268693947779634,
      0.0
    ],
    [
      2.55,
      3.6,
      0.0
    ],
    [
      2.7,
      3.6,
      0.0
    ],
    [
      2.85,
      3.45,
      0.0
    ],
    [
      3.0,
      3.3,
      0.0
    ],
    [
      3.15,
      3.3,
      0.0
    ],
    [
      3.3,
      3.3,
      0.0
    ],
    [
      3.45,
      3.15,
      0.0
    ],
    [
      3.6,
      3.15,
      0.0
    ],
    [
      3.75,
      3.15,
      0.0
    ],
    [
      3.9,
      3.15,
      0.0
    ],
    [
      4.05,
      3.15,
      0.0
    ],
    [
      4.2,
      3.3,
      0.0
    ],
    [
      4.35,
      3.3,
      0.0
    ],
    [
      4.5,
      3.3,
      0.0
    ],
    [
      4.65,
      3.3,
      0.0
    ],
    [
      4.8,
      3.15,
      0.0
    ],
    [
      4.95,
      3.0,
      0.0
    ],
    [
      5.1,
      2.85,
      0.0
    ],
    [
      5.1,
      2.7,
      0.0
    ],
    [
      5.1,
      2.55,
      0.0
    ],
    [
      5.25,
      2.4,
      0.0
    ],
    [
      5.4,
      2.25,
      0.0
    ],
    [
      5.55,
      2.1,
      0.0
    ],
    [
      5.55,
      1.95,
      0.0
    ],
    [
      5.55,
      1.8,
      0.0
    ],
    [
      5.491551676016758,
      1.6378180681958299,
      0.0
    ]
  ]
}