{
  "algorithm": "semantic_dstar_lite",
  "scene_file": "/Users/ishita/Documents/GitHub/BEACON-semantics/data/complex/scenes/cluttered_032.json",
  "scene_family": "cluttered",
  "workspace": [
    0,
    6,
    0,
    6
  ],
  "start": [
    5.5072501833920615,
    3.9411314913570226,
    0.0
  ],
  "goal": [
    0.8004183451316896,
    5.105550272295507,
    0.0
  ],
  "success": true,
  "summary": {
    "success": true,
    "algorithm": "semantic_dstar_lite",
    "grid_start": [
      37,
      26
    ],
    "grid_goal": [
      5,
      34
    ],
    "num_waypoints": 33,
    "path_length": 5.9331,
    "lambda_occ": 5.0,
    "lambda_sem": 2.5,
    "step": 0.15,
    "robot_radius": 0.12
  },
  "planner_config": {
    "step": 0.15,
    "robot_radius": 0.12,
    "lambda_occ": 5.0,
    "lambda_sem": 2.5,
    "step_duration": 1.0,
    "dynamic_decay": 2.5
  },
  "path": [
    [
      5.5072501833920615,
      3.9411314913570226,
      0.0
    ],
    [
      5.4,
      4.05,
      0.0
    ],
    [
      5.25,
      4.05,
      0.0
    ],
    [
      5.1,
      4.2,
      0.0
    ],
    [
      4.95,
      4.35,
      0.0
    ],
    [
      4.8,
      4.5,
      0.0
    ],
    [
      4.65,
      4.65,
      0.0
    ],
    [
      4.5,
      4.8,
      0.0
    ],
    [
      4.35,
      4.95,
      0.0
    ],
    [
      4.2,
      5.1,
      0.0
    ],
    [
      4.05,
      5.1,
      0.0
    ],
    [
      3.9,
      5.25,
      0.0
    ],
    [
      3.75,
      5.4,
      0.0
    ],
    [
      3.6,
      5.55,
      0.0
    ],
    [
      3.45,
      5.7,
      0.0
    ],
    [
      3.3,
      5.7,
      0.0
    ],
    [
      3.15,
      5.7,
      0.0
    ],
    [
      3.0,
      5.85,
      0.0
    ],
    [
      2.85,
      6.0,
      0.0
    ],
    [
      2.7,
      6.0,
      0.0
    ],
    [
      2.55,
      5.85,
      0.0
    ],
    [
      2.4,
      5.7,
      0.0
    ],
    [
      2.25,
      5.55,
      0.0
    ],
    [
      2.1,
      5.55,
      0.0
    ],
    [
      1.95,
      5.55,
      0.0
    ],
    [
      1.8,
      5.55,
      0.0
    ],
    [
      1.65,
      5.55,
      0.0
    ],
    [
      1.5,
      5.4,
      0.0
    ],
    [
      1.35,
      5.25,
      0.0
    ],
    [
      1.2,
      5.1,
      0.0
    ],
    [
      1.05,
      5.1,
      0.0
    ],
    [
      0.9,
      5.1,
      0.0
    ],
    [
      0.8004183451316896,
      5.105550272295507,
      0.0
    ]
  ]
}