{
  "algorithm": "semantic_dstar_lite",
  "scene_file": "/Users/ishita/Documents/GitHub/BEACON-semantics/data/complex/scenes/cluttered_020.json",
  "scene_family": "cluttered",
  "workspace": [
    0,
    6,
    0,
    6
  ],
  "start": [
    2.473063278451076,
    3.791374291222466,
    0.0
  ],
  "goal": [
    5.39802637096999,
    1.1973396175129487,
    0.0
  ],
  "success": true,
  "summary": {
    "success": true,
    "algorithm": "semantic_dstar_lite",
    "grid_start": [
      16,
      25
    ],
    "grid_goal": [
      36,
      8
    ],
    "num_waypoints": 46,
    "path_length": 7.699,
    "lambda_occ": 5.0,
    "lambda_sem": 2.5,
    "step": 0.15,
    "robot_radius": 0.12
  },
  "planner_config": {
    "step": 0.15,
    "robot_radius": 0.12,
    "lambda_occ": 5.0,
    "lambda_sem": 2.5,
    "step_duration": 1.0,
    "dynamic_decay": 2.5
  },
  "path": [
    [
      2.473063278451076,
      3.791374291222466,
      0.0
    ],
    [
      2.25,
      3.6,
      0.0
    ],
    [
      2.1,
      3.6,
      0.0
    ],
    [
      1.95,
      3.45,
      0.0
    ],
    [
      1.95,
      3.3,
      0.0
    ],
    [
      1.95,
      3.15,
      0.0
    ],
    [
      1.95,
      3.0,
      0.0
    ],
    [
      2.1,
      2.85,
      0.0
    ],
    [
      2.1,
      2.7,
      0.0
    ],
    [
      2.1,
      2.55,
      0.0
    ],
    [
      2.1,
      2.4,
      0.0
    ],
    [
      2.1,
      2.25,
      0.0
    ],
    [
      2.1,
      2.1,
      0.0
    ],
    [
      2.1,
      1.95,
      0.0
    ],
    [
      2.1,
      1.8,
      0.0
    ],
    [
      2.1,
      1.65,
      0.0
    ],
    [
      2.1,
      1.5,
      0.0
    ],
    [
      2.1,
      1.35,
      0.0
    ],
    [
      2.25,
      1.2,
      0.0
    ],
    [
      2.4,
      1.05,
      0.0
    ],
    [
      2.55,
      0.9,
      0.0
    ],
    [
      2.55,
      0.75,
      0.0
    ],
    [
      2.55,
      0.6,
      0.0
    ],
    [
      2.55,
      0.45,
      0.0
    ],
    [
      2.7,
      0.3,
      0.0
    ],
    [
      2.85,
      0.3,
      0.0
    ],
    [
      3.0,
      0.15,
      0.0
    ],
    [
      3.15,
      0.15,
      0.0
    ],
    [
      3.3,
      0.15,
      0.0
    ],
    [
      3.45,
      0.15,
      0.0
    ],
    [
      3.6,
      0.15,
      0.0
    ],
    [
      3.75,
      0.15,
      0.0
    ],
    [
      3.9,
      0.15,
      0.0
    ],
    [
      4.05,
      0.15,
      0.0
    ],
    [
      4.2,
      0.0,
      0.0
    ],
    [
      4.35,
      0.0,
      0.0
    ],
    [
      4.5,
      0.0,
      0.0
    ],
    [
      4.65,
      0.0,
      0.0
    ],
    [
      4.8,
      0.15,
      0.0
    ],
    [
      4.95,
      0.3,
      0.0
    ],
    [
      5.1,
      0.45,
      0.0
    ],
    [
      5.25,
      0.6,
      0.0
    ],
    [
      5.4,
      0.75,
      0.0
    ],
    [
      5.4,
      0.9,
      0.0
    ],
    [
      5.4,
      1.05,
      0.0
    ],
    [
      5.39802637096999,
      1.1973396175129487,
      0.0
    ]
  ]
}