{
  "algorithm": "semantic_dstar_lite",
  "scene_file": "/Users/ishita/Documents/GitHub/BEACON-semantics/data/complex/scenes/cluttered_028.json",
  "scene_family": "cluttered",
  "workspace": [
    0,
    6,
    0,
    6
  ],
  "start": [
    0.6682219394932225,
    3.2944464445636057,
    0.0
  ],
  "goal": [
    5.262914058788358,
    4.902049406677793,
    0.0
  ],
  "success": true,
  "summary": {
    "success": true,
    "algorithm": "semantic_dstar_lite",
    "grid_start": [
      4,
      22
    ],
    "grid_goal": [
      35,
      33
    ],
    "num_waypoints": 32,
    "path_length": 5.5257,
    "lambda_occ": 5.0,
    "lambda_sem": 2.5,
    "step": 0.15,
    "robot_radius": 0.12
  },
  "planner_config": {
    "step": 0.15,
    "robot_radius": 0.12,
    "lambda_occ": 5.0,
    "lambda_sem": 2.5,
    "step_duration": 1.0,
    "dynamic_decay": 2.5
  },
  "path": [
    [
      0.6682219394932225,
      3.2944464445636057,
      0.0
    ],
    [
      0.75,
      3.45,
      0.0
    ],
    [
      0.9,
      3.6,
      0.0
    ],
    [
      1.05,
      3.6,
      0.0
    ],
    [
      1.2,
      3.6,
      0.0
    ],
    [
      1.35,
      3.75,
      0.0
    ],
    [
      1.5,
      3.9,
      0.0
    ],
    [
      1.65,
      3.9,
      0.0
    ],
    [
      1.8,
      3.9,
      0.0
    ],
    [
      1.95,
      3.9,
      0.0
    ],
    [
      2.1,
      4.05,
      0.0
    ],
    [
      2.25,
      4.2,
      0.0
    ],
    [
      2.4,
      4.2,
      0.0
    ],
    [
      2.55,
      4.2,
      0.0
    ],
    [
      2.7,
      4.2,
      0.0
    ],
    [
      2.85,
      4.35,
      0.0
    ],
    [
      3.0,
      4.5,
      0.0
    ],
    [
      3.15,
      4.65,
      0.0
    ],
    [
      3.3,
      4.8,
      0.0
    ],
    [
      3.45,
      4.8,
      0.0
    ],
    [
      3.6,
      4.8,
      0.0
    ],
    [
      3.75,
      4.8,
      0.0
    ],
    [
      3.9,
      4.8,
      0.0
    ],
    [
      4.05,
      4.8,
      0.0
    ],
    [
      4.2,
      4.65,
      0.0
    ],
    [
      4.35,
      4.5,
      0.0
    ],
    [
      4.5,
      4.5,
      0.0
    ],
    [
      4.65,
      4.5,
      0.0
    ],
    [
      4.8,
      4.5,
      0.0
    ],
    [
      4.95,
      4.65,
      0.0
    ],
    [
      5.1,
      4.8,
      0.0
    ],
    [
      5.262914058788358,
      4.902049406677793,
      0.0
    ]
  ]
}