{
  "algorithm": "semantic_dstar_lite",
  "scene_file": "/Users/ishita/Documents/GitHub/BEACON-semantics/data/complex/scenes/cluttered_062.json",
  "scene_family": "cluttered",
  "workspace": [
    0,
    6,
    0,
    6
  ],
  "start": [
    4.5333220192253485,
    3.3185513721180206,
    0.0
  ],
  "goal": [
    0.7887285580428418,
    2.3497722426499714,
    0.0
  ],
  "success": true,
  "summary": {
    "success": true,
    "algorithm": "semantic_dstar_lite",
    "grid_start": [
      30,
      22
    ],
    "grid_goal": [
      5,
      16
    ],
    "num_waypoints": 32,
    "path_length": 5.3595,
    "lambda_occ": 5.0,
    "lambda_sem": 2.5,
    "step": 0.15,
    "robot_radius": 0.12
  },
  "planner_config": {
    "step": 0.15,
    "robot_radius": 0.12,
    "lambda_occ": 5.0,
    "lambda_sem": 2.5,
    "step_duration": 1.0,
    "dynamic_decay": 2.5
  },
  "path": [
    [
      4.5333220192253485,
      3.3185513721180206,
      0.0
    ],
    [
      4.35,
      3.3,
      0.0
    ],
    [
      4.2,
      3.3,
      0.0
    ],
    [
      4.05,
      3.3,
      0.0
    ],
    [
      3.9,
      3.3,
      0.0
    ],
    [
      3.75,
      3.45,
      0.0
    ],
    [
      3.6,
      3.6,
      0.0
    ],
    [
      3.45,
      3.75,
      0.0
    ],
    [
      3.3,
      3.75,
      0.0
    ],
    [
      3.15,
      3.75,
      0.0
    ],
    [
      3.0,
      3.9,
      0.0
    ],
    [
      2.85,
      4.05,
      0.0
    ],
    [
      2.7,
      4.05,
      0.0
    ],
    [
      2.55,
      4.05,
      0.0
    ],
    [
      2.4,
      4.05,
      0.0
    ],
    [
      2.25,
      4.05,
      0.0
    ],
    [
      2.1,
      4.05,
      0.0
    ],
    [
      1.95,
      3.9,
      0.0
    ],
    [
      1.8,
      3.75,
      0.0
    ],
    [
      1.65,
      3.6,
      0.0
    ],
    [
      1.5,
      3.6,
      0.0
    ],
    [
      1.35,
      3.6,
      0.0
    ],
    [
      1.2,
      3.6,
      0.0
    ],
    [
      1.05,
      3.6,
      0.0
    ],
    [
      0.9,
      3.45,
      0.0
    ],
    [
      0.75,
      3.3,
      0.0
    ],
    [
      0.75,
      3.15,
      0.0
    ],
    [
      0.75,
      3.0,
      0.0
    ],
    [
      0.75,
      2.85,
      0.0
    ],
    [
      0.75,
      2.7,
      0.0
    ],
    [
      0.75,
      2.55,
      0.0
    ],
    [
      0.7887285580428418,
      2.3497722426499714,
      0.0
    ]
  ]
}