{
  "algorithm": "semantic_dstar_lite",
  "scene_file": "/Users/ishita/Documents/GitHub/BEACON-semantics/data/complex/scenes/cluttered_067.json",
  "scene_family": "cluttered",
  "workspace": [
    0,
    6,
    0,
    6
  ],
  "start": [
    5.263835228291076,
    0.4964453283827759,
    0.0
  ],
  "goal": [
    1.569087376331751,
    2.938834506421595,
    0.0
  ],
  "success": true,
  "summary": {
    "success": true,
    "algorithm": "semantic_dstar_lite",
    "grid_start": [
      35,
      3
    ],
    "grid_goal": [
      10,
      20
    ],
    "num_waypoints": 28,
    "path_length": 4.9262,
    "lambda_occ": 5.0,
    "lambda_sem": 2.5,
    "step": 0.15,
    "robot_radius": 0.12
  },
  "planner_config": {
    "step": 0.15,
    "robot_radius": 0.12,
    "lambda_occ": 5.0,
    "lambda_sem": 2.5,
    "step_duration": 1.0,
    "dynamic_decay": 2.5
  },
  "path": [
    [
      5.263835228291076,
      0.4964453283827759,
      0.0
    ],
    [
      5.1,
      0.6,
      0.0
    ],
    [
      5.1,
      0.75,
      0.0
    ],
    [
      4.95,
      0.9,
      0.0
    ],
    [
      4.8,
      1.05,
      0.0
    ],
    [
      4.65,
      1.2,
      0.0
    ],
    [
      4.5,
      1.35,
      0.0
    ],
    [
      4.35,
      1.5,
      0.0
    ],
    [
      4.2,
      1.65,
      0.0
    ],
    [
      4.05,
      1.8,
      0.0
    ],
    [
      3.9,
      1.95,
      0.0
    ],
    [
      3.75,
      2.1,
      0.0
    ],
    [
      3.6,
      2.1,
      0.0
    ],
    [
      3.45,
      2.25,
      0.0
    ],
    [
      3.3,
      2.25,
      0.0
    ],
    [
      3.15,
      2.25,
      0.0
    ],
    [
      3.0,
      2.25,
      0.0
    ],
    [
      2.85,
      2.25,
      0.0
    ],
    [
      2.7,
      2.25,
      0.0
    ],
    [
      2.55,
      2.25,
      0.0
    ],
    [
      2.4,
      2.25,
      0.0
    ],
    [
      2.25,
      2.25,
      0.0
    ],
    [
      2.1,
      2.4,
      0.0
    ],
    [
      1.95,
      2.4,
      0.0
    ],
    [
      1.8,
      2.55,
      0.0
    ],
    [
      1.65,
      2.7,
      0.0
    ],
    [
      1.5,
      2.85,
      0.0
    ],
    [
      1.569087376331751,
      2.938834506421595,
      0.0
    ]
  ]
}