{
  "algorithm": "semantic_dstar_lite",
  "scene_file": "/Users/ishita/Documents/GitHub/BEACON-semantics/data/complex/scenes/cluttered_074.json",
  "scene_family": "cluttered",
  "workspace": [
    0,
    6,
    0,
    6
  ],
  "start": [
    1.2573108245289204,
    3.8035666145789713,
    0.0
  ],
  "goal": [
    5.040306277833375,
    0.6327677994612962,
    0.0
  ],
  "success": true,
  "summary": {
    "success": true,
    "algorithm": "semantic_dstar_lite",
    "grid_start": [
      8,
      25
    ],
    "grid_goal": [
      34,
      4
    ],
    "num_waypoints": 35,
    "path_length": 6.4586,
    "lambda_occ": 5.0,
    "lambda_sem": 2.5,
    "step": 0.15,
    "robot_radius": 0.12
  },
  "planner_config": {
    "step": 0.15,
    "robot_radius": 0.12,
    "lambda_occ": 5.0,
    "lambda_sem": 2.5,
    "step_duration": 1.0,
    "dynamic_decay": 2.5
  },
  "path": [
    [
      1.2573108245289204,
      3.8035666145789713,
      0.0
    ],
    [
      1.35,
      3.6,
      0.0
    ],
    [
      1.5,
      3.6,
      0.0
    ],
    [
      1.65,
      3.45,
      0.0
    ],
    [
      1.8,
      3.3,
      0.0
    ],
    [
      1.95,
      3.15,
      0.0
    ],
    [
      1.95,
      3.0,
      0.0
    ],
    [
      1.95,
      2.85,
      0.0
    ],
    [
      1.95,
      2.7,
      0.0
    ],
    [
      2.1,
      2.55,
      0.0
    ],
    [
      2.25,
      2.4,
      0.0
    ],
    [
      2.4,
      2.25,
      0.0
    ],
    [
      2.55,
      2.1,
      0.0
    ],
    [
      2.7,
      1.95,
      0.0
    ],
    [
      2.7,
      1.8,
      0.0
    ],
    [
      2.7,
      1.65,
      0.0
    ],
    [
      2.7,
      1.5,
      0.0
    ],
    [
      2.85,
      1.35,
      0.0
    ],
    [
      3.0,
      1.2,
      0.0
    ],
    [
      3.15,
      1.2,
      0.0
    ],
    [
      3.3,
      1.2,
      0.0
    ],
    [
      3.45,
      1.05,
      0.0
    ],
    [
      3.6,
      0.9,
      0.0
    ],
    [
      3.75,
      0.75,
      0.0
    ],
    [
      3.9,
      0.6,
      0.0
    ],
    [
      3.9,
      0.45,
      0.0
    ],
    [
      4.05,
      0.3,
      0.0
    ],
    [
      4.2,
      0.15,
      0.0
    ],
    [
      4.35,
      0.0,
      0.0
    ],
    [
      4.5,
      0.0,
      0.0
    ],
    [
      4.65,
      0.0,
      0.0
    ],
    [
      4.8,
      0.15,
      0.0
    ],
    [
      4.95,
      0.3,
      0.0
    ],
    [
      5.1,
      0.45,
      0.0
    ],
    [
      5.040306277833375,
      0.6327677994612962,
      0.0
    ]
  ]
}