{
  "algorithm": "semantic_dstar_lite",
  "scene_file": "/Users/ishita/Documents/GitHub/BEACON-semantics/data/complex/scenes/cluttered_027.json",
  "scene_family": "cluttered",
  "workspace": [
    0,
    6,
    0,
    6
  ],
  "start": [
    4.023515178930966,
    4.824143659973709,
    0.0
  ],
  "goal": [
    5.515010847014824,
    0.7127823613652058,
    0.0
  ],
  "success": true,
  "summary": {
    "success": true,
    "algorithm": "semantic_dstar_lite",
    "grid_start": [
      27,
      32
    ],
    "grid_goal": [
      37,
      5
    ],
    "num_waypoints": 28,
    "path_length": 4.9865,
    "lambda_occ": 5.0,
    "lambda_sem": 2.5,
    "step": 0.15,
    "robot_radius": 0.12
  },
  "planner_config": {
    "step": 0.15,
    "robot_radius": 0.12,
    "lambda_occ": 5.0,
    "lambda_sem": 2.5,
    "step_duration": 1.0,
    "dynamic_decay": 2.5
  },
  "path": [
    [
      4.023515178930966,
      4.824143659973709,
      0.0
    ],
    [
      4.05,
      4.65,
      0.0
    ],
    [
      4.05,
      4.5,
      0.0
    ],
    [
      4.05,
      4.35,
      0.0
    ],
    [
      4.05,
      4.2,
      0.0
    ],
    [
      4.05,
      4.05,
      0.0
    ],
    [
      4.05,
      3.9,
      0.0
    ],
    [
      4.05,
      3.75,
      0.0
    ],
    [
      3.9,
      3.6,
      0.0
    ],
    [
      3.75,
      3.45,
      0.0
    ],
    [
      3.75,
      3.3,
      0.0
    ],
    [
      3.75,
      3.15,
      0.0
    ],
    [
      3.75,
      3.0,
      0.0
    ],
    [
      3.9,
      2.85,
      0.0
    ],
    [
      4.05,
      2.7,
      0.0
    ],
    [
      4.2,
      2.55,
      0.0
    ],
    [
      4.35,
      2.4,
      0.0
    ],
    [
      4.5,
      2.25,
      0.0
    ],
    [
      4.65,
      2.1,
      0.0
    ],
    [
      4.8,
      1.95,
      0.0
    ],
    [
      4.95,
      1.8,
      0.0
    ],
    [
      5.1,
      1.65,
      0.0
    ],
    [
      5.25,
      1.5,
      0.0
    ],
    [
      5.4,
      1.35,
      0.0
    ],
    [
      5.55,
      1.2,
      0.0
    ],
    [
      5.55,
      1.05,
      0.0
    ],
    [
      5.55,
      0.9,
      0.0
    ],
    [
      5.515010847014824,
      0.7127823613652058,
      0.0
    ]
  ]
}