{
  "algorithm": "semantic_dstar_lite",
  "scene_file": "/Users/ishita/Documents/GitHub/BEACON-semantics/data/complex/scenes/cluttered_066.json",
  "scene_family": "cluttered",
  "workspace": [
    0,
    6,
    0,
    6
  ],
  "start": [
    2.6341039994239464,
    4.907943339334119,
    0.0
  ],
  "goal": [
    4.156335172405995,
    1.2924856667249949,
    0.0
  ],
  "success": true,
  "summary": {
    "success": true,
    "algorithm": "semantic_dstar_lite",
    "grid_start": [
      18,
      33
    ],
    "grid_goal": [
      28,
      9
    ],
    "num_waypoints": 30,
    "path_length": 5.1244,
    "lambda_occ": 5.0,
    "lambda_sem": 2.5,
    "step": 0.15,
    "robot_radius": 0.12
  },
  "planner_config": {
    "step": 0.15,
    "robot_radius": 0.12,
    "lambda_occ": 5.0,
    "lambda_sem": 2.5,
    "step_duration": 1.0,
    "dynamic_decay": 2.5
  },
  "path": [
    [
      2.6341039994239464,
      4.907943339334119,
      0.0
    ],
    [
      2.85,
      4.95,
      0.0
    ],
    [
      3.0,
      4.95,
      0.0
    ],
    [
      3.15,
      4.95,
      0.0
    ],
    [
      3.3,
      4.95,
      0.0
    ],
    [
      3.45,
      4.95,
      0.0
    ],
    [
      3.6,
      4.8,
      0.0
    ],
    [
      3.75,
      4.65,
      0.0
    ],
    [
      3.9,
      4.5,
      0.0
    ],
    [
      4.05,
      4.35,
      0.0
    ],
    [
      4.05,
      4.2,
      0.0
    ],
    [
      4.05,
      4.05,
      0.0
    ],
    [
      4.05,
      3.9,
      0.0
    ],
    [
      4.05,
      3.75,
      0.0
    ],
    [
      4.05,
      3.6,
      0.0
    ],
    [
      4.05,
      3.45,
      0.0
    ],
    [
      4.05,
      3.3,
      0.0
    ],
    [
      4.05,
      3.15,
      0.0
    ],
    [
      4.05,
      3.0,
      0.0
    ],
    [
      4.05,
      2.85,
      0.0
    ],
    [
      4.05,
      2.7,
      0.0
    ],
    [
      4.05,
      2.55,
      0.0
    ],
    [
      3.9,
      2.4,
      0.0
    ],
    [
      3.75,
      2.25,
      0.0
    ],
    [
      3.6,
      2.1,
      0.0
    ],
    [
      3.6,
      1.95,
      0.0
    ],
    [
      3.75,
      1.8,
      0.0
    ],
    [
      3.9,
      1.65,
      0.0
    ],
    [
      4.05,
      1.5,
      0.0
    ],
    [
      4.156335172405995,
      1.2924856667249949,
      0.0
    ]
  ]
}