{
  "algorithm": "semantic_dstar_lite",
  "scene_file": "/Users/ishita/Documents/GitHub/BEACON-semantics/data/complex/scenes/cluttered_052.json",
  "scene_family": "cluttered",
  "workspace": [
    0,
    6,
    0,
    6
  ],
  "start": [
    0.47898945680979055,
    4.7664908606690926,
    0.0
  ],
  "goal": [
    4.9871956655425205,
    0.4970932016982369,
    0.0
  ],
  "success": true,
  "summary": {
    "success": true,
    "algorithm": "semantic_dstar_lite",
    "grid_start": [
      3,
      32
    ],
    "grid_goal": [
      33,
      3
    ],
    "num_waypoints": 41,
    "path_length": 7.4279,
    "lambda_occ": 5.0,
    "lambda_sem": 2.5,
    "step": 0.15,
    "robot_radius": 0.12
  },
  "planner_config": {
    "step": 0.15,
    "robot_radius": 0.12,
    "lambda_occ": 5.0,
    "lambda_sem": 2.5,
    "step_duration": 1.0,
    "dynamic_decay": 2.5
  },
  "path": [
    [
      0.47898945680979055,
      4.7664908606690926,
      0.0
    ],
    [
      0.6,
      4.65,
      0.0
    ],
    [
      0.6,
      4.5,
      0.0
    ],
    [
      0.6,
      4.35,
      0.0
    ],
    [
      0.75,
      4.2,
      0.0
    ],
    [
      0.9,
      4.05,
      0.0
    ],
    [
      1.05,
      3.9,
      0.0
    ],
    [
      1.2,
      3.75,
      0.0
    ],
    [
      1.35,
      3.6,
      0.0
    ],
    [
      1.5,
      3.6,
      0.0
    ],
    [
      1.65,
      3.45,
      0.0
    ],
    [
      1.8,
      3.3,
      0.0
    ],
    [
      1.95,
      3.15,
      0.0
    ],
    [
      2.1,
      3.0,
      0.0
    ],
    [
      2.25,
      2.85,
      0.0
    ],
    [
      2.4,
      2.7,
      0.0
    ],
    [
      2.55,
      2.7,
      0.0
    ],
    [
      2.7,
      2.55,
      0.0
    ],
    [
      2.85,
      2.4,
      0.0
    ],
    [
      2.85,
      2.25,
      0.0
    ],
    [
      2.85,
      2.1,
      0.0
    ],
    [
      2.85,
      1.95,
      0.0
    ],
    [
      2.85,
      1.8,
      0.0
    ],
    [
      2.85,
      1.65,
      0.0
    ],
    [
      3.0,
      1.5,
      0.0
    ],
    [
      3.15,
      1.35,
      0.0
    ],
    [
      3.3,
      1.2,
      0.0
    ],
    [
      3.45,
      1.05,
      0.0
    ],
    [
      3.6,
      0.9,
      0.0
    ],
    [
      3.75,
      0.75,
      0.0
    ],
    [
      3.75,
      0.6,
      0.0
    ],
    [
      3.75,
      0.45,
      0.0
    ],
    [
      3.75,
      0.3,
      0.0
    ],
    [
      3.9,
      0.15,
      0.0
    ],
    [
      4.05,
      0.15,
      0.0
    ],
    [
      4.2,
      0.3,
      0.0
    ],
    [
      4.35,
      0.3,
      0.0
    ],
    [
      4.5,
      0.45,
      0.0
    ],
    [
      4.65,
      0.45,
      0.0
    ],
    [
      4.8,
      0.45,
      0.0
    ],
    [
      4.9871956655425205,
      0.4970932016982369,
      0.0
    ]
  ]
}