{
  "algorithm": "semantic_dstar_lite",
  "scene_file": "/Users/ishita/Documents/GitHub/BEACON-semantics/data/complex/scenes/cluttered_017.json",
  "scene_family": "cluttered",
  "workspace": [
    0,
    6,
    0,
    6
  ],
  "start": [
    5.125946318248886,
    3.4946782310401026,
    0.0
  ],
  "goal": [
    1.3079482592587175,
    3.8136733534018545,
    0.0
  ],
  "success": true,
  "summary": {
    "success": true,
    "algorithm": "semantic_dstar_lite",
    "grid_start": [
      34,
      23
    ],
    "grid_goal": [
      9,
      25
    ],
    "num_waypoints": 26,
    "path_length": 4.2067,
    "lambda_occ": 5.0,
    "lambda_sem": 2.5,
    "step": 0.15,
    "robot_radius": 0.12
  },
  "planner_config": {
    "step": 0.15,
    "robot_radius": 0.12,
    "lambda_occ": 5.0,
    "lambda_sem": 2.5,
    "step_duration": 1.0,
    "dynamic_decay": 2.5
  },
  "path": [
    [
      5.125946318248886,
      3.4946782310401026,
      0.0
    ],
    [
      4.95,
      3.45,
      0.0
    ],
    [
      4.8,
      3.45,
      0.0
    ],
    [
      4.65,
      3.45,
      0.0
    ],
    [
      4.5,
      3.3,
      0.0
    ],
    [
      4.35,
      3.15,
      0.0
    ],
    [
      4.2,
      3.15,
      0.0
    ],
    [
      4.05,
      3.15,
      0.0
    ],
    [
      3.9,
      3.15,
      0.0
    ],
    [
      3.75,
      3.15,
      0.0
    ],
    [
      3.6,
      3.15,
      0.0
    ],
    [
      3.45,
      3.15,
      0.0
    ],
    [
      3.3,
      3.15,
      0.0
    ],
    [
      3.15,
      3.15,
      0.0
    ],
    [
      3.0,
      3.15,
      0.0
    ],
    [
      2.85,
      3.15,
      0.0
    ],
    [
      2.7,
      3.15,
      0.0
    ],
    [
      2.55,
      3.15,
      0.0
    ],
    [
      2.4,
      3.3,
      0.0
    ],
    [
      2.25,
      3.3,
      0.0
    ],
    [
      2.1,
      3.3,
      0.0
    ],
    [
      1.95,
      3.45,
      0.0
    ],
    [
      1.8,
      3.6,
      0.0
    ],
    [
      1.65,
      3.75,
      0.0
    ],
    [
      1.5,
      3.75,
      0.0
    ],
    [
      1.3079482592587175,
      3.8136733534018545,
      0.0
    ]
  ]
}