{
  "algorithm": "semantic_dstar_lite",
  "scene_file": "/Users/ishita/Documents/GitHub/BEACON-semantics/data/complex/scenes/cluttered_009.json",
  "scene_family": "cluttered",
  "workspace": [
    0,
    6,
    0,
    6
  ],
  "start": [
    1.270194298375949,
    4.853424938269933,
    0.0
  ],
  "goal": [
    3.637678523762892,
    0.791163594910919,
    0.0
  ],
  "success": true,
  "summary": {
    "success": true,
    "algorithm": "semantic_dstar_lite",
    "grid_start": [
      8,
      32
    ],
    "grid_goal": [
      24,
      5
    ],
    "num_waypoints": 33,
    "path_length": 5.7805,
    "lambda_occ": 5.0,
    "lambda_sem": 2.5,
    "step": 0.15,
    "robot_radius": 0.12
  },
  "planner_config": {
    "step": 0.15,
    "robot_radius": 0.12,
    "lambda_occ": 5.0,
    "lambda_sem": 2.5,
    "step_duration": 1.0,
    "dynamic_decay": 2.5
  },
  "path": [
    [
      1.270194298375949,
      4.853424938269933,
      0.0
    ],
    [
      1.35,
      4.65,
      0.0
    ],
    [
      1.35,
      4.5,
      0.0
    ],
    [
      1.35,
      4.35,
      0.0
    ],
    [
      1.35,
      4.2,
      0.0
    ],
    [
      1.35,
      4.05,
      0.0
    ],
    [
      1.35,
      3.9,
      0.0
    ],
    [
      1.35,
      3.75,
      0.0
    ],
    [
      1.35,
      3.6,
      0.0
    ],
    [
      1.35,
      3.45,
      0.0
    ],
    [
      1.5,
      3.3,
      0.0
    ],
    [
      1.65,
      3.15,
      0.0
    ],
    [
      1.8,
      3.0,
      0.0
    ],
    [
      1.95,
      2.85,
      0.0
    ],
    [
      2.1,
      2.7,
      0.0
    ],
    [
      2.25,
      2.55,
      0.0
    ],
    [
      2.4,
      2.55,
      0.0
    ],
    [
      2.55,
      2.55,
      0.0
    ],
    [
      2.7,
      2.4,
      0.0
    ],
    [
      2.85,
      2.4,
      0.0
    ],
    [
      3.0,
      2.25,
      0.0
    ],
    [
      3.0,
      2.1,
      0.0
    ],
    [
      3.0,
      1.95,
      0.0
    ],
    [
      2.85,
      1.8,
      0.0
    ],
    [
      2.7,
      1.65,
      0.0
    ],
    [
      2.7,
      1.5,
      0.0
    ],
    [
      2.7,
      1.35,
      0.0
    ],
    [
      2.85,
      1.2,
      0.0
    ],
    [
      3.0,
      1.05,
      0.0
    ],
    [
      3.15,
      0.9,
      0.0
    ],
    [
      3.3,
      0.75,
      0.0
    ],
    [
      3.45,
      0.75,
      0.0
    ],
    [
      3.637678523762892,
      0.791163594910919,
      0.0
    ]
  ]
}