{
  "algorithm": "semantic_dstar_lite",
  "scene_file": "/Users/ishita/Documents/GitHub/BEACON-semantics/data/complex/scenes/cluttered_053.json",
  "scene_family": "cluttered",
  "workspace": [
    0,
    6,
    0,
    6
  ],
  "start": [
    3.947307070022888,
    0.7958663497587344,
    0.0
  ],
  "goal": [
    2.816544322300466,
    4.927159449987317,
    0.0
  ],
  "success": true,
  "summary": {
    "success": true,
    "algorithm": "semantic_dstar_lite",
    "grid_start": [
      26,
      5
    ],
    "grid_goal": [
      19,
      33
    ],
    "num_waypoints": 33,
    "path_length": 5.7244,
    "lambda_occ": 5.0,
    "lambda_sem": 2.5,
    "step": 0.15,
    "robot_radius": 0.12
  },
  "planner_config": {
    "step": 0.15,
    "robot_radius": 0.12,
    "lambda_occ": 5.0,
    "lambda_sem": 2.5,
    "step_duration": 1.0,
    "dynamic_decay": 2.5
  },
  "path": [
    [
      3.947307070022888,
      0.7958663497587344,
      0.0
    ],
    [
      3.75,
      0.9,
      0.0
    ],
    [
      3.6,
      0.9,
      0.0
    ],
    [
      3.45,
      0.9,
      0.0
    ],
    [
      3.3,
      0.9,
      0.0
    ],
    [
      3.15,
      1.05,
      0.0
    ],
    [
      3.0,
      1.2,
      0.0
    ],
    [
      2.85,
      1.2,
      0.0
    ],
    [
      2.7,
      1.35,
      0.0
    ],
    [
      2.55,
      1.5,
      0.0
    ],
    [
      2.4,
      1.65,
      0.0
    ],
    [
      2.25,
      1.8,
      0.0
    ],
    [
      2.1,
      1.95,
      0.0
    ],
    [
      2.1,
      2.1,
      0.0
    ],
    [
      2.1,
      2.25,
      0.0
    ],
    [
      1.95,
      2.4,
      0.0
    ],
    [
      1.95,
      2.55,
      0.0
    ],
    [
      2.1,
      2.7,
      0.0
    ],
    [
      2.25,
      2.85,
      0.0
    ],
    [
      2.4,
      3.0,
      0.0
    ],
    [
      2.4,
      3.15,
      0.0
    ],
    [
      2.4,
      3.3,
      0.0
    ],
    [
      2.55,
      3.45,
      0.0
    ],
    [
      2.55,
      3.6,
      0.0
    ],
    [
      2.55,
      3.75,
      0.0
    ],
    [
      2.7,
      3.9,
      0.0
    ],
    [
      2.85,
      4.05,
      0.0
    ],
    [
      2.85,
      4.2,
      0.0
    ],
    [
      2.85,
      4.35,
      0.0
    ],
    [
      2.85,
      4.5,
      0.0
    ],
    [
      2.85,
      4.65,
      0.0
    ],
    [
      2.85,
      4.8,
      0.0
    ],
    [
      2.816544322300466,
      4.927159449987317,
      0.0
    ]
  ]
}