{
  "algorithm": "semantic_dstar_lite",
  "scene_file": "/Users/ishita/Documents/GitHub/BEACON-semantics/data/complex/scenes/cluttered_034.json",
  "scene_family": "cluttered",
  "workspace": [
    0,
    6,
    0,
    6
  ],
  "start": [
    0.899262164047413,
    3.7996442858044963,
    0.0
  ],
  "goal": [
    5.056466708117089,
    0.6716764676081881,
    0.0
  ],
  "success": true,
  "summary": {
    "success": true,
    "algorithm": "semantic_dstar_lite",
    "grid_start": [
      6,
      25
    ],
    "grid_goal": [
      34,
      4
    ],
    "num_waypoints": 38,
    "path_length": 6.5605,
    "lambda_occ": 5.0,
    "lambda_sem": 2.5,
    "step": 0.15,
    "robot_radius": 0.12
  },
  "planner_config": {
    "step": 0.15,
    "robot_radius": 0.12,
    "lambda_occ": 5.0,
    "lambda_sem": 2.5,
    "step_duration": 1.0,
    "dynamic_decay": 2.5
  },
  "path": [
    [
      0.899262164047413,
      3.7996442858044963,
      0.0
    ],
    [
      1.05,
      3.6,
      0.0
    ],
    [
      1.2,
      3.6,
      0.0
    ],
    [
      1.35,
      3.45,
      0.0
    ],
    [
      1.5,
      3.3,
      0.0
    ],
    [
      1.65,
      3.15,
      0.0
    ],
    [
      1.8,
      3.15,
      0.0
    ],
    [
      1.95,
      3.15,
      0.0
    ],
    [
      2.1,
      3.0,
      0.0
    ],
    [
      2.25,
      2.85,
      0.0
    ],
    [
      2.4,
      2.85,
      0.0
    ],
    [
      2.55,
      2.85,
      0.0
    ],
    [
      2.7,
      2.7,
      0.0
    ],
    [
      2.85,
      2.55,
      0.0
    ],
    [
      3.0,
      2.4,
      0.0
    ],
    [
      3.15,
      2.25,
      0.0
    ],
    [
      3.15,
      2.1,
      0.0
    ],
    [
      3.15,
      1.95,
      0.0
    ],
    [
      3.15,
      1.8,
      0.0
    ],
    [
      3.15,
      1.65,
      0.0
    ],
    [
      3.15,
      1.5,
      0.0
    ],
    [
      3.15,
      1.35,
      0.0
    ],
    [
      3.3,
      1.2,
      0.0
    ],
    [
      3.3,
      1.05,
      0.0
    ],
    [
      3.45,
      0.9,
      0.0
    ],
    [
      3.45,
      0.75,
      0.0
    ],
    [
      3.45,
      0.6,
      0.0
    ],
    [
      3.6,
      0.45,
      0.0
    ],
    [
      3.75,
      0.3,
      0.0
    ],
    [
      3.9,
      0.3,
      0.0
    ],
    [
      4.05,
      0.3,
      0.0
    ],
    [
      4.2,
      0.3,
      0.0
    ],
    [
      4.35,
      0.45,
      0.0
    ],
    [
      4.5,
      0.6,
      0.0
    ],
    [
      4.65,
      0.6,
      0.0
    ],
    [
      4.8,
      0.6,
      0.0
    ],
    [
      4.95,
      0.6,
      0.0
    ],
    [
      5.056466708117089,
      0.6716764676081881,
      0.0
    ]
  ]
}