{
  "algorithm": "semantic_dstar_lite",
  "scene_file": "/Users/ishita/Documents/GitHub/BEACON-semantics/data/complex/scenes/cluttered_051.json",
  "scene_family": "cluttered",
  "workspace": [
    0,
    6,
    0,
    6
  ],
  "start": [
    1.5427166956214418,
    2.493419302481145,
    0.0
  ],
  "goal": [
    5.4048318752319195,
    2.1004930415902052,
    0.0
  ],
  "success": true,
  "summary": {
    "success": true,
    "algorithm": "semantic_dstar_lite",
    "grid_start": [
      10,
      17
    ],
    "grid_goal": [
      36,
      14
    ],
    "num_waypoints": 34,
    "path_length": 6.3371,
    "lambda_occ": 5.0,
    "lambda_sem": 2.5,
    "step": 0.15,
    "robot_radius": 0.12
  },
  "planner_config": {
    "step": 0.15,
    "robot_radius": 0.12,
    "lambda_occ": 5.0,
    "lambda_sem": 2.5,
    "step_duration": 1.0,
    "dynamic_decay": 2.5
  },
  "path": [
    [
      1.5427166956214418,
      2.493419302481145,
      0.0
    ],
    [
      1.65,
      2.7,
      0.0
    ],
    [
      1.65,
      2.85,
      0.0
    ],
    [
      1.8,
      3.0,
      0.0
    ],
    [
      1.95,
      3.15,
      0.0
    ],
    [
      1.95,
      3.3,
      0.0
    ],
    [
      1.95,
      3.45,
      0.0
    ],
    [
      2.1,
      3.6,
      0.0
    ],
    [
      2.25,
      3.75,
      0.0
    ],
    [
      2.25,
      3.9,
      0.0
    ],
    [
      2.25,
      4.05,
      0.0
    ],
    [
      2.4,
      4.2,
      0.0
    ],
    [
      2.4,
      4.35,
      0.0
    ],
    [
      2.55,
      4.5,
      0.0
    ],
    [
      2.7,
      4.5,
      0.0
    ],
    [
      2.85,
      4.5,
      0.0
    ],
    [
      3.0,
      4.35,
      0.0
    ],
    [
      3.15,
      4.35,
      0.0
    ],
    [
      3.3,
      4.2,
      0.0
    ],
    [
      3.45,
      4.05,
      0.0
    ],
    [
      3.6,
      3.9,
      0.0
    ],
    [
      3.75,
      3.75,
      0.0
    ],
    [
      3.9,
      3.6,
      0.0
    ],
    [
      4.05,
      3.45,
      0.0
    ],
    [
      4.2,
      3.3,
      0.0
    ],
    [
      4.35,
      3.15,
      0.0
    ],
    [
      4.5,
      3.0,
      0.0
    ],
    [
      4.65,
      3.0,
      0.0
    ],
    [
      4.8,
      2.85,
      0.0
    ],
    [
      4.95,
      2.7,
      0.0
    ],
    [
      5.1,
      2.55,
      0.0
    ],
    [
      5.25,
      2.4,
      0.0
    ],
    [
      5.4,
      2.25,
      0.0
    ],
    [
      5.4048318752319195,
      2.1004930415902052,
      0.0
    ]
  ]
}