{
  "algorithm": "semantic_dstar_lite",
  "scene_file": "/Users/ishita/Documents/GitHub/BEACON-semantics/data/complex/scenes/cluttered_075.json",
  "scene_family": "cluttered",
  "workspace": [
    0,
    6,
    0,
    6
  ],
  "start": [
    5.085629773009422,
    1.4451659270286283,
    0.0
  ],
  "goal": [
    0.724221858402892,
    0.9285477789143768,
    0.0
  ],
  "success": true,
  "summary": {
    "success": true,
    "algorithm": "semantic_dstar_lite",
    "grid_start": [
      34,
      10
    ],
    "grid_goal": [
      5,
      6
    ],
    "num_waypoints": 33,
    "path_length": 5.5917,
    "lambda_occ": 5.0,
    "lambda_sem": 2.5,
    "step": 0.15,
    "robot_radius": 0.12
  },
  "planner_config": {
    "step": 0.15,
    "robot_radius": 0.12,
    "lambda_occ": 5.0,
    "lambda_sem": 2.5,
    "step_duration": 1.0,
    "dynamic_decay": 2.5
  },
  "path": [
    [
      5.085629773009422,
      1.4451659270286283,
      0.0
    ],
    [
      4.95,
      1.35,
      0.0
    ],
    [
      4.8,
      1.35,
      0.0
    ],
    [
      4.65,
      1.35,
      0.0
    ],
    [
      4.5,
      1.35,
      0.0
    ],
    [
      4.35,
      1.35,
      0.0
    ],
    [
      4.2,
      1.35,
      0.0
    ],
    [
      4.05,
      1.2,
      0.0
    ],
    [
      3.9,
      1.2,
      0.0
    ],
    [
      3.75,
      1.2,
      0.0
    ],
    [
      3.6,
      1.2,
      0.0
    ],
    [
      3.45,
      1.05,
      0.0
    ],
    [
      3.3,
      0.9,
      0.0
    ],
    [
      3.15,
      0.9,
      0.0
    ],
    [
      3.0,
      0.9,
      0.0
    ],
    [
      2.85,
      0.75,
      0.0
    ],
    [
      2.7,
      0.6,
      0.0
    ],
    [
      2.55,
      0.6,
      0.0
    ],
    [
      2.4,
      0.45,
      0.0
    ],
    [
      2.25,
      0.45,
      0.0
    ],
    [
      2.1,
      0.3,
      0.0
    ],
    [
      1.95,
      0.3,
      0.0
    ],
    [
      1.8,
      0.3,
      0.0
    ],
    [
      1.65,
      0.15,
      0.0
    ],
    [
      1.5,
      0.0,
      0.0
    ],
    [
      1.35,
      0.0,
      0.0
    ],
    [
      1.2,
      0.0,
      0.0
    ],
    [
      1.05,
      0.15,
      0.0
    ],
    [
      0.9,
      0.3,
      0.0
    ],
    [
      0.75,
      0.45,
      0.0
    ],
    [
      0.75,
      0.6,
      0.0
    ],
    [
      0.75,
      0.75,
      0.0
    ],
    [
      0.724221858402892,
      0.9285477789143768,
      0.0
    ]
  ]
}