{
  "algorithm": "semantic_dstar_lite",
  "scene_file": "/Users/ishita/Documents/GitHub/BEACON-semantics/data/complex/scenes/collision_required_098.json",
  "scene_family": "collision_required",
  "workspace": [
    0,
    6,
    0,
    6
  ],
  "start": [
    1.4749515980212258,
    5.505730332012724,
    0.0
  ],
  "goal": [
    5.144631824447987,
    3.0446492659742823,
    0.0
  ],
  "success": true,
  "summary": {
    "success": true,
    "algorithm": "semantic_dstar_lite",
    "grid_start": [
      10,
      37
    ],
    "grid_goal": [
      34,
      20
    ],
    "num_waypoints": 34,
    "path_length": 5.4891,
    "lambda_occ": 5.0,
    "lambda_sem": 2.5,
    "step": 0.15,
    "robot_radius": 0.12
  },
  "planner_config": {
    "step": 0.15,
    "robot_radius": 0.12,
    "lambda_occ": 5.0,
    "lambda_sem": 2.5,
    "step_duration": 1.0,
    "dynamic_decay": 2.5
  },
  "path": [
    [
      1.4749515980212258,
      5.505730332012724,
      0.0
    ],
    [
      1.65,
      5.4,
      0.0
    ],
    [
      1.8,
      5.25,
      0.0
    ],
    [
      1.95,
      5.1,
      0.0
    ],
    [
      2.1,
      4.95,
      0.0
    ],
    [
      2.25,
      4.8,
      0.0
    ],
    [
      2.25,
      4.65,
      0.0
    ],
    [
      2.25,
      4.5,
      0.0
    ],
    [
      2.25,
      4.35,
      0.0
    ],
    [
      2.25,
      4.2,
      0.0
    ],
    [
      2.25,
      4.05,
      0.0
    ],
    [
      2.25,
      3.9,
      0.0
    ],
    [
      2.25,
      3.75,
      0.0
    ],
    [
      2.25,
      3.6,
      0.0
    ],
    [
      2.25,
      3.45,
      0.0
    ],
    [
      2.4,
      3.3,
      0.0
    ],
    [
      2.55,
      3.15,
      0.0
    ],
    [
      2.7,
      3.0,
      0.0
    ],
    [
      2.85,
      3.0,
      0.0
    ],
    [
      3.0,
      3.0,
      0.0
    ],
    [
      3.15,
      3.0,
      0.0
    ],
    [
      3.3,
      3.0,
      0.0
    ],
    [
      3.45,
      3.0,
      0.0
    ],
    [
      3.6,
      3.0,
      0.0
    ],
    [
      3.75,
      3.0,
      0.0
    ],
    [
      3.9,
      3.0,
      0.0
    ],
    [
      4.05,
      3.0,
      0.0
    ],
    [
      4.2,
      3.0,
      0.0
    ],
    [
      4.35,
      3.0,
      0.0
    ],
    [
      4.5,
      3.0,
      0.0
    ],
    [
      4.65,
      3.0,
      0.0
    ],
    [
      4.8,
      3.0,
      0.0
    ],
    [
      4.95,
      3.0,
      0.0
    ],
    [
      5.144631824447987,
      3.0446492659742823,
      0.0
    ]
  ]
}