{
  "algorithm": "semantic_dstar_lite",
  "scene_file": "/Users/ishita/Documents/GitHub/BEACON-semantics/data/complex/scenes/collision_required_063.json",
  "scene_family": "collision_required",
  "workspace": [
    0,
    6,
    0,
    6
  ],
  "start": [
    5.3187430342194215,
    3.5130959120869205,
    0.0
  ],
  "goal": [
    1.1417149299083817,
    2.5111327077193795,
    0.0
  ],
  "success": true,
  "summary": {
    "success": true,
    "algorithm": "semantic_dstar_lite",
    "grid_start": [
      35,
      23
    ],
    "grid_goal": [
      8,
      17
    ],
    "num_waypoints": 28,
    "path_length": 4.5779,
    "lambda_occ": 5.0,
    "lambda_sem": 2.5,
    "step": 0.15,
    "robot_radius": 0.12
  },
  "planner_config": {
    "step": 0.15,
    "robot_radius": 0.12,
    "lambda_occ": 5.0,
    "lambda_sem": 2.5,
    "step_duration": 1.0,
    "dynamic_decay": 2.5
  },
  "path": [
    [
      5.3187430342194215,
      3.5130959120869205,
      0.0
    ],
    [
      5.1,
      3.3,
      0.0
    ],
    [
      4.95,
      3.3,
      0.0
    ],
    [
      4.8,
      3.3,
      0.0
    ],
    [
      4.65,
      3.3,
      0.0
    ],
    [
      4.5,
      3.3,
      0.0
    ],
    [
      4.35,
      3.3,
      0.0
    ],
    [
      4.2,
      3.3,
      0.0
    ],
    [
      4.05,
      3.3,
      0.0
    ],
    [
      3.9,
      3.3,
      0.0
    ],
    [
      3.75,
      3.3,
      0.0
    ],
    [
      3.6,
      3.3,
      0.0
    ],
    [
      3.45,
      3.3,
      0.0
    ],
    [
      3.3,
      3.3,
      0.0
    ],
    [
      3.15,
      3.3,
      0.0
    ],
    [
      3.0,
      3.3,
      0.0
    ],
    [
      2.85,
      3.15,
      0.0
    ],
    [
      2.7,
      3.0,
      0.0
    ],
    [
      2.55,
      3.0,
      0.0
    ],
    [
      2.4,
      3.0,
      0.0
    ],
    [
      2.25,
      3.0,
      0.0
    ],
    [
      2.1,
      3.0,
      0.0
    ],
    [
      1.95,
      2.85,
      0.0
    ],
    [
      1.8,
      2.7,
      0.0
    ],
    [
      1.65,
      2.55,
      0.0
    ],
    [
      1.5,
      2.55,
      0.0
    ],
    [
      1.35,
      2.55,
      0.0
    ],
    [
      1.1417149299083817,
      2.5111327077193795,
      0.0
    ]
  ]
}