{
  "algorithm": "semantic_dstar_lite",
  "scene_file": "/Users/ishita/Documents/GitHub/BEACON-semantics/data/complex/scenes/collision_required_083.json",
  "scene_family": "collision_required",
  "workspace": [
    0,
    6,
    0,
    6
  ],
  "start": [
    1.7378921073715152,
    0.7058592000793603,
    0.0
  ],
  "goal": [
    1.773140077529056,
    5.046846165201776,
    0.0
  ],
  "success": true,
  "summary": {
    "success": true,
    "algorithm": "semantic_dstar_lite",
    "grid_start": [
      12,
      5
    ],
    "grid_goal": [
      12,
      34
    ],
    "num_waypoints": 30,
    "path_length": 4.6029,
    "lambda_occ": 5.0,
    "lambda_sem": 2.5,
    "step": 0.15,
    "robot_radius": 0.12
  },
  "planner_config": {
    "step": 0.15,
    "robot_radius": 0.12,
    "lambda_occ": 5.0,
    "lambda_sem": 2.5,
    "step_duration": 1.0,
    "dynamic_decay": 2.5
  },
  "path": [
    [
      1.7378921073715152,
      0.7058592000793603,
      0.0
    ],
    [
      1.8,
      0.9,
      0.0
    ],
    [
      1.8,
      1.05,
      0.0
    ],
    [
      1.8,
      1.2,
      0.0
    ],
    [
      1.8,
      1.35,
      0.0
    ],
    [
      1.8,
      1.5,
      0.0
    ],
    [
      1.8,
      1.65,
      0.0
    ],
    [
      1.8,
      1.8,
      0.0
    ],
    [
      1.8,
      1.95,
      0.0
    ],
    [
      1.8,
      2.1,
      0.0
    ],
    [
      1.8,
      2.25,
      0.0
    ],
    [
      1.8,
      2.4,
      0.0
    ],
    [
      1.8,
      2.55,
      0.0
    ],
    [
      1.65,
      2.7,
      0.0
    ],
    [
      1.65,
      2.85,
      0.0
    ],
    [
      1.5,
      3.0,
      0.0
    ],
    [
      1.5,
      3.15,
      0.0
    ],
    [
      1.5,
      3.3,
      0.0
    ],
    [
      1.5,
      3.45,
      0.0
    ],
    [
      1.5,
      3.6,
      0.0
    ],
    [
      1.5,
      3.75,
      0.0
    ],
    [
      1.5,
      3.9,
      0.0
    ],
    [
      1.65,
      4.05,
      0.0
    ],
    [
      1.8,
      4.2,
      0.0
    ],
    [
      1.8,
      4.35,
      0.0
    ],
    [
      1.8,
      4.5,
      0.0
    ],
    [
      1.8,
      4.65,
      0.0
    ],
    [
      1.8,
      4.8,
      0.0
    ],
    [
      1.8,
      4.95,
      0.0
    ],
    [
      1.773140077529056,
      5.046846165201776,
      0.0
    ]
  ]
}