{
  "algorithm": "semantic_dstar_lite",
  "scene_file": "/Users/ishita/Documents/GitHub/BEACON-semantics/data/complex/scenes/collision_required_068.json",
  "scene_family": "collision_required",
  "workspace": [
    0,
    6,
    0,
    6
  ],
  "start": [
    5.20342615082575,
    4.721088429788461,
    0.0
  ],
  "goal": [
    1.266803504168857,
    2.238705297146448,
    0.0
  ],
  "success": true,
  "summary": {
    "success": true,
    "algorithm": "semantic_dstar_lite",
    "grid_start": [
      35,
      31
    ],
    "grid_goal": [
      8,
      15
    ],
    "num_waypoints": 35,
    "path_length": 5.6593,
    "lambda_occ": 5.0,
    "lambda_sem": 2.5,
    "step": 0.15,
    "robot_radius": 0.12
  },
  "planner_config": {
    "step": 0.15,
    "robot_radius": 0.12,
    "lambda_occ": 5.0,
    "lambda_sem": 2.5,
    "step_duration": 1.0,
    "dynamic_decay": 2.5
  },
  "path": [
    [
      5.20342615082575,
      4.721088429788461,
      0.0
    ],
    [
      5.1,
      4.65,
      0.0
    ],
    [
      4.95,
      4.65,
      0.0
    ],
    [
      4.8,
      4.65,
      0.0
    ],
    [
      4.65,
      4.65,
      0.0
    ],
    [
      4.5,
      4.65,
      0.0
    ],
    [
      4.35,
      4.65,
      0.0
    ],
    [
      4.2,
      4.65,
      0.0
    ],
    [
      4.05,
      4.65,
      0.0
    ],
    [
      3.9,
      4.65,
      0.0
    ],
    [
      3.75,
      4.65,
      0.0
    ],
    [
      3.6,
      4.65,
      0.0
    ],
    [
      3.45,
      4.65,
      0.0
    ],
    [
      3.3,
      4.65,
      0.0
    ],
    [
      3.15,
      4.65,
      0.0
    ],
    [
      3.0,
      4.65,
      0.0
    ],
    [
      2.85,
      4.65,
      0.0
    ],
    [
      2.7,
      4.65,
      0.0
    ],
    [
      2.55,
      4.65,
      0.0
    ],
    [
      2.4,
      4.5,
      0.0
    ],
    [
      2.25,
      4.35,
      0.0
    ],
    [
      2.1,
      4.2,
      0.0
    ],
    [
      1.95,
      4.05,
      0.0
    ],
    [
      1.8,
      3.9,
      0.0
    ],
    [
      1.65,
      3.75,
      0.0
    ],
    [
      1.65,
      3.6,
      0.0
    ],
    [
      1.65,
      3.45,
      0.0
    ],
    [
      1.65,
      3.3,
      0.0
    ],
    [
      1.65,
      3.15,
      0.0
    ],
    [
      1.5,
      3.0,
      0.0
    ],
    [
      1.35,
      2.85,
      0.0
    ],
    [
      1.2,
      2.7,
      0.0
    ],
    [
      1.2,
      2.55,
      0.0
    ],
    [
      1.2,
      2.4,
      0.0
    ],
    [
      1.266803504168857,
      2.238705297146448,
      0.0
    ]
  ]
}