{
  "algorithm": "semantic_dstar_lite",
  "scene_file": "/Users/ishita/Documents/GitHub/BEACON-semantics/data/complex/scenes/collision_required_089.json",
  "scene_family": "collision_required",
  "workspace": [
    0,
    6,
    0,
    6
  ],
  "start": [
    4.712444877501625,
    0.6976246117711351,
    0.0
  ],
  "goal": [
    4.456697746217886,
    4.69767415857713,
    0.0
  ],
  "success": true,
  "summary": {
    "success": true,
    "algorithm": "semantic_dstar_lite",
    "grid_start": [
      31,
      5
    ],
    "grid_goal": [
      30,
      31
    ],
    "num_waypoints": 27,
    "path_length": 4.2005,
    "lambda_occ": 5.0,
    "lambda_sem": 2.5,
    "step": 0.15,
    "robot_radius": 0.12
  },
  "planner_config": {
    "step": 0.15,
    "robot_radius": 0.12,
    "lambda_occ": 5.0,
    "lambda_sem": 2.5,
    "step_duration": 1.0,
    "dynamic_decay": 2.5
  },
  "path": [
    [
      4.712444877501625,
      0.6976246117711351,
      0.0
    ],
    [
      4.65,
      0.9,
      0.0
    ],
    [
      4.65,
      1.05,
      0.0
    ],
    [
      4.65,
      1.2,
      0.0
    ],
    [
      4.65,
      1.35,
      0.0
    ],
    [
      4.65,
      1.5,
      0.0
    ],
    [
      4.65,
      1.65,
      0.0
    ],
    [
      4.65,
      1.8,
      0.0
    ],
    [
      4.65,
      1.95,
      0.0
    ],
    [
      4.65,
      2.1,
      0.0
    ],
    [
      4.65,
      2.25,
      0.0
    ],
    [
      4.65,
      2.4,
      0.0
    ],
    [
      4.8,
      2.55,
      0.0
    ],
    [
      4.8,
      2.7,
      0.0
    ],
    [
      4.8,
      2.85,
      0.0
    ],
    [
      4.8,
      3.0,
      0.0
    ],
    [
      4.8,
      3.15,
      0.0
    ],
    [
      4.8,
      3.3,
      0.0
    ],
    [
      4.8,
      3.45,
      0.0
    ],
    [
      4.65,
      3.6,
      0.0
    ],
    [
      4.5,
      3.75,
      0.0
    ],
    [
      4.5,
      3.9,
      0.0
    ],
    [
      4.5,
      4.05,
      0.0
    ],
    [
      4.5,
      4.2,
      0.0
    ],
    [
      4.5,
      4.35,
      0.0
    ],
    [
      4.5,
      4.5,
      0.0
    ],
    [
      4.456697746217886,
      4.69767415857713,
      0.0
    ]
  ]
}