{
  "algorithm": "semantic_dstar_lite",
  "scene_file": "/Users/ishita/Documents/GitHub/BEACON-semantics/data/complex/scenes/collision_required_065.json",
  "scene_family": "collision_required",
  "workspace": [
    0,
    6,
    0,
    6
  ],
  "start": [
    1.4707807968318702,
    5.49323544447888,
    0.0
  ],
  "goal": [
    1.1938558741845182,
    0.9382855698645547,
    0.0
  ],
  "success": true,
  "summary": {
    "success": true,
    "algorithm": "semantic_dstar_lite",
    "grid_start": [
      10,
      37
    ],
    "grid_goal": [
      8,
      6
    ],
    "num_waypoints": 32,
    "path_length": 5.1737,
    "lambda_occ": 5.0,
    "lambda_sem": 2.5,
    "step": 0.15,
    "robot_radius": 0.12
  },
  "planner_config": {
    "step": 0.15,
    "robot_radius": 0.12,
    "lambda_occ": 5.0,
    "lambda_sem": 2.5,
    "step_duration": 1.0,
    "dynamic_decay": 2.5
  },
  "path": [
    [
      1.4707807968318702,
      5.49323544447888,
      0.0
    ],
    [
      1.35,
      5.4,
      0.0
    ],
    [
      1.2,
      5.25,
      0.0
    ],
    [
      1.05,
      5.1,
      0.0
    ],
    [
      1.05,
      4.95,
      0.0
    ],
    [
      1.05,
      4.8,
      0.0
    ],
    [
      1.05,
      4.65,
      0.0
    ],
    [
      1.05,
      4.5,
      0.0
    ],
    [
      1.05,
      4.35,
      0.0
    ],
    [
      1.05,
      4.2,
      0.0
    ],
    [
      1.05,
      4.05,
      0.0
    ],
    [
      1.05,
      3.9,
      0.0
    ],
    [
      1.2,
      3.75,
      0.0
    ],
    [
      1.35,
      3.6,
      0.0
    ],
    [
      1.5,
      3.45,
      0.0
    ],
    [
      1.65,
      3.3,
      0.0
    ],
    [
      1.5,
      3.15,
      0.0
    ],
    [
      1.5,
      3.0,
      0.0
    ],
    [
      1.5,
      2.85,
      0.0
    ],
    [
      1.5,
      2.7,
      0.0
    ],
    [
      1.5,
      2.55,
      0.0
    ],
    [
      1.5,
      2.4,
      0.0
    ],
    [
      1.5,
      2.25,
      0.0
    ],
    [
      1.5,
      2.1,
      0.0
    ],
    [
      1.5,
      1.95,
      0.0
    ],
    [
      1.35,
      1.8,
      0.0
    ],
    [
      1.2,
      1.65,
      0.0
    ],
    [
      1.2,
      1.5,
      0.0
    ],
    [
      1.2,
      1.35,
      0.0
    ],
    [
      1.2,
      1.2,
      0.0
    ],
    [
      1.2,
      1.05,
      0.0
    ],
    [
      1.1938558741845182,
      0.9382855698645547,
      0.0
    ]
  ]
}