{
  "algorithm": "semantic_dstar_lite",
  "scene_file": "/Users/ishita/Documents/GitHub/BEACON-semantics/data/complex/scenes/collision_required_016.json",
  "scene_family": "collision_required",
  "workspace": [
    0,
    6,
    0,
    6
  ],
  "start": [
    5.049358482861941,
    1.7243714060621234,
    0.0
  ],
  "goal": [
    3.188106052936709,
    5.332788517420093,
    0.0
  ],
  "success": true,
  "summary": {
    "success": true,
    "algorithm": "semantic_dstar_lite",
    "grid_start": [
      34,
      11
    ],
    "grid_goal": [
      21,
      36
    ],
    "num_waypoints": 31,
    "path_length": 5.0429,
    "lambda_occ": 5.0,
    "lambda_sem": 2.5,
    "step": 0.15,
    "robot_radius": 0.12
  },
  "planner_config": {
    "step": 0.15,
    "robot_radius": 0.12,
    "lambda_occ": 5.0,
    "lambda_sem": 2.5,
    "step_duration": 1.0,
    "dynamic_decay": 2.5
  },
  "path": [
    [
      5.049358482861941,
      1.7243714060621234,
      0.0
    ],
    [
      5.1,
      1.8,
      0.0
    ],
    [
      5.1,
      1.95,
      0.0
    ],
    [
      5.1,
      2.1,
      0.0
    ],
    [
      5.1,
      2.25,
      0.0
    ],
    [
      5.1,
      2.4,
      0.0
    ],
    [
      5.1,
      2.55,
      0.0
    ],
    [
      5.1,
      2.7,
      0.0
    ],
    [
      5.1,
      2.85,
      0.0
    ],
    [
      5.1,
      3.0,
      0.0
    ],
    [
      5.1,
      3.15,
      0.0
    ],
    [
      5.1,
      3.3,
      0.0
    ],
    [
      5.1,
      3.45,
      0.0
    ],
    [
      5.25,
      3.6,
      0.0
    ],
    [
      5.25,
      3.75,
      0.0
    ],
    [
      5.25,
      3.9,
      0.0
    ],
    [
      5.25,
      4.05,
      0.0
    ],
    [
      5.1,
      4.2,
      0.0
    ],
    [
      4.95,
      4.35,
      0.0
    ],
    [
      4.8,
      4.5,
      0.0
    ],
    [
      4.65,
      4.65,
      0.0
    ],
    [
      4.5,
      4.8,
      0.0
    ],
    [
      4.35,
      4.95,
      0.0
    ],
    [
      4.2,
      4.95,
      0.0
    ],
    [
      4.05,
      4.95,
      0.0
    ],
    [
      3.9,
      5.1,
      0.0
    ],
    [
      3.75,
      5.25,
      0.0
    ],
    [
      3.6,
      5.4,
      0.0
    ],
    [
      3.45,
      5.4,
      0.0
    ],
    [
      3.3,
      5.4,
      0.0
    ],
    [
      3.188106052936709,
      5.332788517420093,
      0.0
    ]
  ]
}