{
  "algorithm": "semantic_dstar_lite",
  "scene_file": "/Users/ishita/Documents/GitHub/BEACON-semantics/data/complex/scenes/collision_required_077.json",
  "scene_family": "collision_required",
  "workspace": [
    0,
    6,
    0,
    6
  ],
  "start": [
    3.9014325982470197,
    4.6026263085566335,
    0.0
  ],
  "goal": [
    1.1869166671892366,
    0.46226497099063363,
    0.0
  ],
  "success": true,
  "summary": {
    "success": true,
    "algorithm": "semantic_dstar_lite",
    "grid_start": [
      26,
      31
    ],
    "grid_goal": [
      8,
      3
    ],
    "num_waypoints": 36,
    "path_length": 5.8926,
    "lambda_occ": 5.0,
    "lambda_sem": 2.5,
    "step": 0.15,
    "robot_radius": 0.12
  },
  "planner_config": {
    "step": 0.15,
    "robot_radius": 0.12,
    "lambda_occ": 5.0,
    "lambda_sem": 2.5,
    "step_duration": 1.0,
    "dynamic_decay": 2.5
  },
  "path": [
    [
      3.9014325982470197,
      4.6026263085566335,
      0.0
    ],
    [
      3.75,
      4.5,
      0.0
    ],
    [
      3.6,
      4.5,
      0.0
    ],
    [
      3.45,
      4.5,
      0.0
    ],
    [
      3.3,
      4.5,
      0.0
    ],
    [
      3.15,
      4.5,
      0.0
    ],
    [
      3.0,
      4.35,
      0.0
    ],
    [
      2.85,
      4.2,
      0.0
    ],
    [
      2.7,
      4.05,
      0.0
    ],
    [
      2.55,
      3.9,
      0.0
    ],
    [
      2.4,
      3.75,
      0.0
    ],
    [
      2.25,
      3.6,
      0.0
    ],
    [
      2.1,
      3.45,
      0.0
    ],
    [
      1.95,
      3.45,
      0.0
    ],
    [
      1.8,
      3.45,
      0.0
    ],
    [
      1.65,
      3.3,
      0.0
    ],
    [
      1.5,
      3.3,
      0.0
    ],
    [
      1.35,
      3.15,
      0.0
    ],
    [
      1.2,
      3.0,
      0.0
    ],
    [
      1.2,
      2.85,
      0.0
    ],
    [
      1.2,
      2.7,
      0.0
    ],
    [
      1.2,
      2.55,
      0.0
    ],
    [
      1.2,
      2.4,
      0.0
    ],
    [
      1.2,
      2.25,
      0.0
    ],
    [
      1.2,
      2.1,
      0.0
    ],
    [
      1.2,
      1.95,
      0.0
    ],
    [
      1.2,
      1.8,
      0.0
    ],
    [
      1.2,
      1.65,
      0.0
    ],
    [
      1.2,
      1.5,
      0.0
    ],
    [
      1.2,
      1.35,
      0.0
    ],
    [
      1.2,
      1.2,
      0.0
    ],
    [
      1.2,
      1.05,
      0.0
    ],
    [
      1.2,
      0.9,
      0.0
    ],
    [
      1.2,
      0.75,
      0.0
    ],
    [
      1.2,
      0.6,
      0.0
    ],
    [
      1.1869166671892366,
      0.46226497099063363,
      0.0
    ]
  ]
}