{
  "algorithm": "semantic_dstar_lite",
  "scene_file": "/Users/ishita/Documents/GitHub/BEACON-semantics/data/complex/scenes/collision_required_080.json",
  "scene_family": "collision_required",
  "workspace": [
    0,
    6,
    0,
    6
  ],
  "start": [
    4.780210041080096,
    3.6535618675825963,
    0.0
  ],
  "goal": [
    0.5646241546572534,
    3.9867948982841424,
    0.0
  ],
  "success": true,
  "summary": {
    "success": true,
    "algorithm": "semantic_dstar_lite",
    "grid_start": [
      32,
      24
    ],
    "grid_goal": [
      4,
      27
    ],
    "num_waypoints": 29,
    "path_length": 4.3822,
    "lambda_occ": 5.0,
    "lambda_sem": 2.5,
    "step": 0.15,
    "robot_radius": 0.12
  },
  "planner_config": {
    "step": 0.15,
    "robot_radius": 0.12,
    "lambda_occ": 5.0,
    "lambda_sem": 2.5,
    "step_duration": 1.0,
    "dynamic_decay": 2.5
  },
  "path": [
    [
      4.780210041080096,
      3.6535618675825963,
      0.0
    ],
    [
      4.65,
      3.75,
      0.0
    ],
    [
      4.5,
      3.9,
      0.0
    ],
    [
      4.35,
      4.05,
      0.0
    ],
    [
      4.2,
      4.05,
      0.0
    ],
    [
      4.05,
      4.05,
      0.0
    ],
    [
      3.9,
      4.05,
      0.0
    ],
    [
      3.75,
      4.05,
      0.0
    ],
    [
      3.6,
      4.05,
      0.0
    ],
    [
      3.45,
      4.05,
      0.0
    ],
    [
      3.3,
      4.05,
      0.0
    ],
    [
      3.15,
      4.05,
      0.0
    ],
    [
      3.0,
      4.05,
      0.0
    ],
    [
      2.85,
      4.05,
      0.0
    ],
    [
      2.7,
      4.05,
      0.0
    ],
    [
      2.55,
      4.05,
      0.0
    ],
    [
      2.4,
      4.05,
      0.0
    ],
    [
      2.25,
      4.05,
      0.0
    ],
    [
      2.1,
      4.05,
      0.0
    ],
    [
      1.95,
      4.05,
      0.0
    ],
    [
      1.8,
      4.05,
      0.0
    ],
    [
      1.65,
      4.05,
      0.0
    ],
    [
      1.5,
      4.05,
      0.0
    ],
    [
      1.35,
      4.05,
      0.0
    ],
    [
      1.2,
      4.05,
      0.0
    ],
    [
      1.05,
      4.05,
      0.0
    ],
    [
      0.9,
      4.05,
      0.0
    ],
    [
      0.75,
      4.05,
      0.0
    ],
    [
      0.5646241546572534,
      3.9867948982841424,
      0.0
    ]
  ]
}