{
  "algorithm": "semantic_dstar_lite",
  "scene_file": "/Users/ishita/Documents/GitHub/BEACON-semantics/data/complex/scenes/collision_required_084.json",
  "scene_family": "collision_required",
  "workspace": [
    0,
    6,
    0,
    6
  ],
  "start": [
    4.76924379733906,
    5.242953527690846,
    0.0
  ],
  "goal": [
    2.7948036167849604,
    1.6749871751698282,
    0.0
  ],
  "success": true,
  "summary": {
    "success": true,
    "algorithm": "semantic_dstar_lite",
    "grid_start": [
      32,
      35
    ],
    "grid_goal": [
      19,
      11
    ],
    "num_waypoints": 25,
    "path_length": 4.3684,
    "lambda_occ": 5.0,
    "lambda_sem": 2.5,
    "step": 0.15,
    "robot_radius": 0.12
  },
  "planner_config": {
    "step": 0.15,
    "robot_radius": 0.12,
    "lambda_occ": 5.0,
    "lambda_sem": 2.5,
    "step_duration": 1.0,
    "dynamic_decay": 2.5
  },
  "path": [
    [
      4.76924379733906,
      5.242953527690846,
      0.0
    ],
    [
      4.65,
      5.1,
      0.0
    ],
    [
      4.5,
      4.95,
      0.0
    ],
    [
      4.35,
      4.8,
      0.0
    ],
    [
      4.2,
      4.65,
      0.0
    ],
    [
      4.05,
      4.5,
      0.0
    ],
    [
      3.9,
      4.35,
      0.0
    ],
    [
      3.75,
      4.2,
      0.0
    ],
    [
      3.6,
      4.05,
      0.0
    ],
    [
      3.45,
      3.9,
      0.0
    ],
    [
      3.3,
      3.75,
      0.0
    ],
    [
      3.3,
      3.6,
      0.0
    ],
    [
      3.3,
      3.45,
      0.0
    ],
    [
      3.3,
      3.3,
      0.0
    ],
    [
      3.3,
      3.15,
      0.0
    ],
    [
      3.3,
      3.0,
      0.0
    ],
    [
      3.3,
      2.85,
      0.0
    ],
    [
      3.3,
      2.7,
      0.0
    ],
    [
      3.3,
      2.55,
      0.0
    ],
    [
      3.15,
      2.4,
      0.0
    ],
    [
      3.0,
      2.25,
      0.0
    ],
    [
      2.85,
      2.1,
      0.0
    ],
    [
      2.85,
      1.95,
      0.0
    ],
    [
      2.85,
      1.8,
      0.0
    ],
    [
      2.7948036167849604,
      1.6749871751698282,
      0.0
    ]
  ]
}