{
  "algorithm": "semantic_dstar_lite",
  "scene_file": "/Users/ishita/Documents/GitHub/BEACON-semantics/data/complex/scenes/collision_required_050.json",
  "scene_family": "collision_required",
  "workspace": [
    0,
    6,
    0,
    6
  ],
  "start": [
    5.156008939704733,
    4.542266224685624,
    0.0
  ],
  "goal": [
    1.2713304300974193,
    3.370146529661739,
    0.0
  ],
  "success": true,
  "summary": {
    "success": true,
    "algorithm": "semantic_dstar_lite",
    "grid_start": [
      34,
      30
    ],
    "grid_goal": [
      8,
      22
    ],
    "num_waypoints": 27,
    "path_length": 4.4221,
    "lambda_occ": 5.0,
    "lambda_sem": 2.5,
    "step": 0.15,
    "robot_radius": 0.12
  },
  "planner_config": {
    "step": 0.15,
    "robot_radius": 0.12,
    "lambda_occ": 5.0,
    "lambda_sem": 2.5,
    "step_duration": 1.0,
    "dynamic_decay": 2.5
  },
  "path": [
    [
      5.156008939704733,
      4.542266224685624,
      0.0
    ],
    [
      4.95,
      4.35,
      0.0
    ],
    [
      4.8,
      4.2,
      0.0
    ],
    [
      4.65,
      4.05,
      0.0
    ],
    [
      4.5,
      3.9,
      0.0
    ],
    [
      4.35,
      3.75,
      0.0
    ],
    [
      4.2,
      3.75,
      0.0
    ],
    [
      4.05,
      3.75,
      0.0
    ],
    [
      3.9,
      3.75,
      0.0
    ],
    [
      3.75,
      3.75,
      0.0
    ],
    [
      3.6,
      3.75,
      0.0
    ],
    [
      3.45,
      3.6,
      0.0
    ],
    [
      3.3,
      3.6,
      0.0
    ],
    [
      3.15,
      3.6,
      0.0
    ],
    [
      3.0,
      3.6,
      0.0
    ],
    [
      2.85,
      3.6,
      0.0
    ],
    [
      2.7,
      3.6,
      0.0
    ],
    [
      2.55,
      3.6,
      0.0
    ],
    [
      2.4,
      3.6,
      0.0
    ],
    [
      2.25,
      3.45,
      0.0
    ],
    [
      2.1,
      3.3,
      0.0
    ],
    [
      1.95,
      3.3,
      0.0
    ],
    [
      1.8,
      3.3,
      0.0
    ],
    [
      1.65,
      3.3,
      0.0
    ],
    [
      1.5,
      3.3,
      0.0
    ],
    [
      1.35,
      3.3,
      0.0
    ],
    [
      1.2713304300974193,
      3.370146529661739,
      0.0
    ]
  ]
}