{
  "algorithm": "semantic_dstar_lite",
  "scene_file": "/Users/ishita/Documents/GitHub/BEACON-semantics/data/complex/scenes/collision_required_062.json",
  "scene_family": "collision_required",
  "workspace": [
    0,
    6,
    0,
    6
  ],
  "start": [
    3.8214037129270295,
    2.5840692176522597,
    0.0
  ],
  "goal": [
    0.6062813045960039,
    5.530988435080823,
    0.0
  ],
  "success": true,
  "summary": {
    "success": true,
    "algorithm": "semantic_dstar_lite",
    "grid_start": [
      25,
      17
    ],
    "grid_goal": [
      4,
      37
    ],
    "num_waypoints": 29,
    "path_length": 5.0266,
    "lambda_occ": 5.0,
    "lambda_sem": 2.5,
    "step": 0.15,
    "robot_radius": 0.12
  },
  "planner_config": {
    "step": 0.15,
    "robot_radius": 0.12,
    "lambda_occ": 5.0,
    "lambda_sem": 2.5,
    "step_duration": 1.0,
    "dynamic_decay": 2.5
  },
  "path": [
    [
      3.8214037129270295,
      2.5840692176522597,
      0.0
    ],
    [
      3.6,
      2.7,
      0.0
    ],
    [
      3.45,
      2.85,
      0.0
    ],
    [
      3.3,
      3.0,
      0.0
    ],
    [
      3.15,
      3.15,
      0.0
    ],
    [
      3.0,
      3.3,
      0.0
    ],
    [
      2.85,
      3.45,
      0.0
    ],
    [
      2.7,
      3.45,
      0.0
    ],
    [
      2.55,
      3.45,
      0.0
    ],
    [
      2.4,
      3.45,
      0.0
    ],
    [
      2.25,
      3.45,
      0.0
    ],
    [
      2.1,
      3.45,
      0.0
    ],
    [
      1.95,
      3.45,
      0.0
    ],
    [
      1.8,
      3.45,
      0.0
    ],
    [
      1.65,
      3.45,
      0.0
    ],
    [
      1.5,
      3.6,
      0.0
    ],
    [
      1.35,
      3.75,
      0.0
    ],
    [
      1.2,
      3.9,
      0.0
    ],
    [
      1.05,
      4.05,
      0.0
    ],
    [
      1.05,
      4.2,
      0.0
    ],
    [
      1.05,
      4.35,
      0.0
    ],
    [
      1.05,
      4.5,
      0.0
    ],
    [
      1.05,
      4.65,
      0.0
    ],
    [
      0.9,
      4.8,
      0.0
    ],
    [
      0.75,
      4.95,
      0.0
    ],
    [
      0.6,
      5.1,
      0.0
    ],
    [
      0.6,
      5.25,
      0.0
    ],
    [
      0.6,
      5.4,
      0.0
    ],
    [
      0.6062813045960039,
      5.530988435080823,
      0.0
    ]
  ]
}