{
  "algorithm": "semantic_dstar_lite",
  "scene_file": "/Users/ishita/Documents/GitHub/BEACON-semantics/data/complex/scenes/collision_required_073.json",
  "scene_family": "collision_required",
  "workspace": [
    0,
    6,
    0,
    6
  ],
  "start": [
    5.092851069612056,
    1.6860176825121704,
    0.0
  ],
  "goal": [
    2.0976379593136456,
    4.5500236035601445,
    0.0
  ],
  "success": true,
  "summary": {
    "success": true,
    "algorithm": "semantic_dstar_lite",
    "grid_start": [
      34,
      11
    ],
    "grid_goal": [
      14,
      30
    ],
    "num_waypoints": 25,
    "path_length": 4.513,
    "lambda_occ": 5.0,
    "lambda_sem": 2.5,
    "step": 0.15,
    "robot_radius": 0.12
  },
  "planner_config": {
    "step": 0.15,
    "robot_radius": 0.12,
    "lambda_occ": 5.0,
    "lambda_sem": 2.5,
    "step_duration": 1.0,
    "dynamic_decay": 2.5
  },
  "path": [
    [
      5.092851069612056,
      1.6860176825121704,
      0.0
    ],
    [
      4.95,
      1.8,
      0.0
    ],
    [
      4.8,
      1.95,
      0.0
    ],
    [
      4.65,
      2.1,
      0.0
    ],
    [
      4.5,
      2.25,
      0.0
    ],
    [
      4.35,
      2.4,
      0.0
    ],
    [
      4.2,
      2.55,
      0.0
    ],
    [
      4.05,
      2.7,
      0.0
    ],
    [
      3.9,
      2.85,
      0.0
    ],
    [
      3.9,
      3.0,
      0.0
    ],
    [
      3.9,
      3.15,
      0.0
    ],
    [
      3.75,
      3.3,
      0.0
    ],
    [
      3.75,
      3.45,
      0.0
    ],
    [
      3.75,
      3.6,
      0.0
    ],
    [
      3.6,
      3.75,
      0.0
    ],
    [
      3.45,
      3.9,
      0.0
    ],
    [
      3.3,
      4.05,
      0.0
    ],
    [
      3.15,
      4.05,
      0.0
    ],
    [
      3.0,
      4.05,
      0.0
    ],
    [
      2.85,
      4.2,
      0.0
    ],
    [
      2.7,
      4.35,
      0.0
    ],
    [
      2.55,
      4.5,
      0.0
    ],
    [
      2.4,
      4.5,
      0.0
    ],
    [
      2.25,
      4.5,
      0.0
    ],
    [
      2.0976379593136456,
      4.5500236035601445,
      0.0
    ]
  ]
}