{
  "algorithm": "semantic_dstar_lite",
  "scene_file": "/Users/ishita/Documents/GitHub/BEACON-semantics/data/complex/scenes/collision_required_072.json",
  "scene_family": "collision_required",
  "workspace": [
    0,
    6,
    0,
    6
  ],
  "start": [
    5.273847781098525,
    0.9002446201681156,
    0.0
  ],
  "goal": [
    1.027063903025021,
    2.303677572164905,
    0.0
  ],
  "success": true,
  "summary": {
    "success": true,
    "algorithm": "semantic_dstar_lite",
    "grid_start": [
      35,
      6
    ],
    "grid_goal": [
      7,
      15
    ],
    "num_waypoints": 29,
    "path_length": 4.8076,
    "lambda_occ": 5.0,
    "lambda_sem": 2.5,
    "step": 0.15,
    "robot_radius": 0.12
  },
  "planner_config": {
    "step": 0.15,
    "robot_radius": 0.12,
    "lambda_occ": 5.0,
    "lambda_sem": 2.5,
    "step_duration": 1.0,
    "dynamic_decay": 2.5
  },
  "path": [
    [
      5.273847781098525,
      0.9002446201681156,
      0.0
    ],
    [
      5.1,
      1.05,
      0.0
    ],
    [
      4.95,
      1.2,
      0.0
    ],
    [
      4.8,
      1.35,
      0.0
    ],
    [
      4.65,
      1.5,
      0.0
    ],
    [
      4.5,
      1.5,
      0.0
    ],
    [
      4.35,
      1.5,
      0.0
    ],
    [
      4.2,
      1.5,
      0.0
    ],
    [
      4.05,
      1.5,
      0.0
    ],
    [
      3.9,
      1.5,
      0.0
    ],
    [
      3.75,
      1.5,
      0.0
    ],
    [
      3.6,
      1.5,
      0.0
    ],
    [
      3.45,
      1.5,
      0.0
    ],
    [
      3.3,
      1.5,
      0.0
    ],
    [
      3.15,
      1.5,
      0.0
    ],
    [
      3.0,
      1.5,
      0.0
    ],
    [
      2.85,
      1.5,
      0.0
    ],
    [
      2.7,
      1.65,
      0.0
    ],
    [
      2.55,
      1.8,
      0.0
    ],
    [
      2.4,
      1.8,
      0.0
    ],
    [
      2.25,
      1.8,
      0.0
    ],
    [
      2.1,
      1.8,
      0.0
    ],
    [
      1.95,
      1.8,
      0.0
    ],
    [
      1.8,
      1.95,
      0.0
    ],
    [
      1.65,
      2.1,
      0.0
    ],
    [
      1.5,
      2.25,
      0.0
    ],
    [
      1.35,
      2.25,
      0.0
    ],
    [
      1.2,
      2.25,
      0.0
    ],
    [
      1.027063903025021,
      2.303677572164905,
      0.0
    ]
  ]
}