{
  "algorithm": "semantic_dstar_lite",
  "scene_file": "/Users/ishita/Documents/GitHub/BEACON-semantics/data/complex/scenes/collision_required_045.json",
  "scene_family": "collision_required",
  "workspace": [
    0,
    6,
    0,
    6
  ],
  "start": [
    0.9782627090952225,
    2.668729054617945,
    0.0
  ],
  "goal": [
    5.266256294999681,
    5.193724936561923,
    0.0
  ],
  "success": true,
  "summary": {
    "success": true,
    "algorithm": "semantic_dstar_lite",
    "grid_start": [
      7,
      18
    ],
    "grid_goal": [
      35,
      35
    ],
    "num_waypoints": 29,
    "path_length": 5.356,
    "lambda_occ": 5.0,
    "lambda_sem": 2.5,
    "step": 0.15,
    "robot_radius": 0.12
  },
  "planner_config": {
    "step": 0.15,
    "robot_radius": 0.12,
    "lambda_occ": 5.0,
    "lambda_sem": 2.5,
    "step_duration": 1.0,
    "dynamic_decay": 2.5
  },
  "path": [
    [
      0.9782627090952225,
      2.668729054617945,
      0.0
    ],
    [
      1.2,
      2.85,
      0.0
    ],
    [
      1.35,
      2.85,
      0.0
    ],
    [
      1.5,
      3.0,
      0.0
    ],
    [
      1.65,
      3.15,
      0.0
    ],
    [
      1.8,
      3.3,
      0.0
    ],
    [
      1.95,
      3.45,
      0.0
    ],
    [
      2.1,
      3.6,
      0.0
    ],
    [
      2.25,
      3.6,
      0.0
    ],
    [
      2.4,
      3.6,
      0.0
    ],
    [
      2.55,
      3.6,
      0.0
    ],
    [
      2.7,
      3.6,
      0.0
    ],
    [
      2.85,
      3.6,
      0.0
    ],
    [
      3.0,
      3.6,
      0.0
    ],
    [
      3.15,
      3.6,
      0.0
    ],
    [
      3.3,
      3.75,
      0.0
    ],
    [
      3.45,
      3.9,
      0.0
    ],
    [
      3.6,
      4.05,
      0.0
    ],
    [
      3.75,
      4.2,
      0.0
    ],
    [
      3.9,
      4.35,
      0.0
    ],
    [
      4.05,
      4.5,
      0.0
    ],
    [
      4.2,
      4.65,
      0.0
    ],
    [
      4.35,
      4.8,
      0.0
    ],
    [
      4.5,
      4.95,
      0.0
    ],
    [
      4.65,
      5.1,
      0.0
    ],
    [
      4.8,
      5.25,
      0.0
    ],
    [
      4.95,
      5.25,
      0.0
    ],
    [
      5.1,
      5.25,
      0.0
    ],
    [
      5.266256294999681,
      5.193724936561923,
      0.0
    ]
  ]
}