{
  "algorithm": "semantic_dstar_lite",
  "scene_file": "/Users/ishita/Documents/GitHub/BEACON-semantics/data/complex/scenes/collision_required_048.json",
  "scene_family": "collision_required",
  "workspace": [
    0,
    6,
    0,
    6
  ],
  "start": [
    2.103072531130265,
    4.76879898685742,
    0.0
  ],
  "goal": [
    1.7061410306472498,
    0.45167283620315574,
    0.0
  ],
  "success": true,
  "summary": {
    "success": true,
    "algorithm": "semantic_dstar_lite",
    "grid_start": [
      14,
      32
    ],
    "grid_goal": [
      11,
      3
    ],
    "num_waypoints": 30,
    "path_length": 4.5266,
    "lambda_occ": 5.0,
    "lambda_sem": 2.5,
    "step": 0.15,
    "robot_radius": 0.12
  },
  "planner_config": {
    "step": 0.15,
    "robot_radius": 0.12,
    "lambda_occ": 5.0,
    "lambda_sem": 2.5,
    "step_duration": 1.0,
    "dynamic_decay": 2.5
  },
  "path": [
    [
      2.103072531130265,
      4.76879898685742,
      0.0
    ],
    [
      1.95,
      4.65,
      0.0
    ],
    [
      1.8,
      4.5,
      0.0
    ],
    [
      1.65,
      4.35,
      0.0
    ],
    [
      1.65,
      4.2,
      0.0
    ],
    [
      1.65,
      4.05,
      0.0
    ],
    [
      1.65,
      3.9,
      0.0
    ],
    [
      1.65,
      3.75,
      0.0
    ],
    [
      1.65,
      3.6,
      0.0
    ],
    [
      1.65,
      3.45,
      0.0
    ],
    [
      1.65,
      3.3,
      0.0
    ],
    [
      1.65,
      3.15,
      0.0
    ],
    [
      1.65,
      3.0,
      0.0
    ],
    [
      1.65,
      2.85,
      0.0
    ],
    [
      1.65,
      2.7,
      0.0
    ],
    [
      1.65,
      2.55,
      0.0
    ],
    [
      1.65,
      2.4,
      0.0
    ],
    [
      1.65,
      2.25,
      0.0
    ],
    [
      1.65,
      2.1,
      0.0
    ],
    [
      1.65,
      1.95,
      0.0
    ],
    [
      1.65,
      1.8,
      0.0
    ],
    [
      1.65,
      1.65,
      0.0
    ],
    [
      1.65,
      1.5,
      0.0
    ],
    [
      1.65,
      1.35,
      0.0
    ],
    [
      1.65,
      1.2,
      0.0
    ],
    [
      1.65,
      1.05,
      0.0
    ],
    [
      1.65,
      0.9,
      0.0
    ],
    [
      1.65,
      0.75,
      0.0
    ],
    [
      1.65,
      0.6,
      0.0
    ],
    [
      1.7061410306472498,
      0.45167283620315574,
      0.0
    ]
  ]
}