{
  "algorithm": "semantic_dstar_lite",
  "scene_file": "/Users/ishita/Documents/GitHub/BEACON-semantics/data/complex/scenes/collision_required_071.json",
  "scene_family": "collision_required",
  "workspace": [
    0,
    6,
    0,
    6
  ],
  "start": [
    1.117360223511593,
    0.7914225697475579,
    0.0
  ],
  "goal": [
    2.9704670796806436,
    4.831476072934536,
    0.0
  ],
  "success": true,
  "summary": {
    "success": true,
    "algorithm": "semantic_dstar_lite",
    "grid_start": [
      7,
      5
    ],
    "grid_goal": [
      20,
      32
    ],
    "num_waypoints": 33,
    "path_length": 5.3736,
    "lambda_occ": 5.0,
    "lambda_sem": 2.5,
    "step": 0.15,
    "robot_radius": 0.12
  },
  "planner_config": {
    "step": 0.15,
    "robot_radius": 0.12,
    "lambda_occ": 5.0,
    "lambda_sem": 2.5,
    "step_duration": 1.0,
    "dynamic_decay": 2.5
  },
  "path": [
    [
      1.117360223511593,
      0.7914225697475579,
      0.0
    ],
    [
      1.05,
      0.9,
      0.0
    ],
    [
      1.05,
      1.05,
      0.0
    ],
    [
      1.05,
      1.2,
      0.0
    ],
    [
      1.05,
      1.35,
      0.0
    ],
    [
      1.05,
      1.5,
      0.0
    ],
    [
      1.05,
      1.65,
      0.0
    ],
    [
      1.05,
      1.8,
      0.0
    ],
    [
      0.9,
      1.95,
      0.0
    ],
    [
      0.9,
      2.1,
      0.0
    ],
    [
      0.9,
      2.25,
      0.0
    ],
    [
      0.9,
      2.4,
      0.0
    ],
    [
      1.05,
      2.55,
      0.0
    ],
    [
      1.2,
      2.7,
      0.0
    ],
    [
      1.2,
      2.85,
      0.0
    ],
    [
      1.2,
      3.0,
      0.0
    ],
    [
      1.2,
      3.15,
      0.0
    ],
    [
      1.35,
      3.3,
      0.0
    ],
    [
      1.5,
      3.45,
      0.0
    ],
    [
      1.5,
      3.6,
      0.0
    ],
    [
      1.5,
      3.75,
      0.0
    ],
    [
      1.5,
      3.9,
      0.0
    ],
    [
      1.65,
      4.05,
      0.0
    ],
    [
      1.8,
      4.2,
      0.0
    ],
    [
      1.95,
      4.35,
      0.0
    ],
    [
      1.95,
      4.5,
      0.0
    ],
    [
      2.1,
      4.65,
      0.0
    ],
    [
      2.25,
      4.8,
      0.0
    ],
    [
      2.4,
      4.8,
      0.0
    ],
    [
      2.55,
      4.8,
      0.0
    ],
    [
      2.7,
      4.8,
      0.0
    ],
    [
      2.85,
      4.8,
      0.0
    ],
    [
      2.9704670796806436,
      4.831476072934536,
      0.0
    ]
  ]
}