{
  "algorithm": "semantic_dstar_lite",
  "scene_file": "/Users/ishita/Documents/GitHub/BEACON-semantics/data/complex/scenes/collision_required_034.json",
  "scene_family": "collision_required",
  "workspace": [
    0,
    6,
    0,
    6
  ],
  "start": [
    5.013137604168398,
    1.48333764408391,
    0.0
  ],
  "goal": [
    1.2224382901902724,
    3.1235769237879643,
    0.0
  ],
  "success": true,
  "summary": {
    "success": true,
    "algorithm": "semantic_dstar_lite",
    "grid_start": [
      33,
      10
    ],
    "grid_goal": [
      8,
      21
    ],
    "num_waypoints": 26,
    "path_length": 4.4722,
    "lambda_occ": 5.0,
    "lambda_sem": 2.5,
    "step": 0.15,
    "robot_radius": 0.12
  },
  "planner_config": {
    "step": 0.15,
    "robot_radius": 0.12,
    "lambda_occ": 5.0,
    "lambda_sem": 2.5,
    "step_duration": 1.0,
    "dynamic_decay": 2.5
  },
  "path": [
    [
      5.013137604168398,
      1.48333764408391,
      0.0
    ],
    [
      4.8,
      1.65,
      0.0
    ],
    [
      4.65,
      1.8,
      0.0
    ],
    [
      4.5,
      1.95,
      0.0
    ],
    [
      4.35,
      2.1,
      0.0
    ],
    [
      4.2,
      2.25,
      0.0
    ],
    [
      4.05,
      2.4,
      0.0
    ],
    [
      3.9,
      2.55,
      0.0
    ],
    [
      3.75,
      2.7,
      0.0
    ],
    [
      3.6,
      2.7,
      0.0
    ],
    [
      3.45,
      2.7,
      0.0
    ],
    [
      3.3,
      2.85,
      0.0
    ],
    [
      3.15,
      3.0,
      0.0
    ],
    [
      3.0,
      3.15,
      0.0
    ],
    [
      2.85,
      3.15,
      0.0
    ],
    [
      2.7,
      3.15,
      0.0
    ],
    [
      2.55,
      3.15,
      0.0
    ],
    [
      2.4,
      3.15,
      0.0
    ],
    [
      2.25,
      3.15,
      0.0
    ],
    [
      2.1,
      3.15,
      0.0
    ],
    [
      1.95,
      3.15,
      0.0
    ],
    [
      1.8,
      3.15,
      0.0
    ],
    [
      1.65,
      3.15,
      0.0
    ],
    [
      1.5,
      3.15,
      0.0
    ],
    [
      1.35,
      3.15,
      0.0
    ],
    [
      1.2224382901902724,
      3.1235769237879643,
      0.0
    ]
  ]
}