{
  "algorithm": "semantic_dstar_lite",
  "scene_file": "/Users/ishita/Documents/GitHub/BEACON-semantics/data/complex/scenes/collision_required_014.json",
  "scene_family": "collision_required",
  "workspace": [
    0,
    6,
    0,
    6
  ],
  "start": [
    4.557283988967977,
    3.3337646644530925,
    0.0
  ],
  "goal": [
    0.8920576126801469,
    5.3758509850855845,
    0.0
  ],
  "success": true,
  "summary": {
    "success": true,
    "algorithm": "semantic_dstar_lite",
    "grid_start": [
      30,
      22
    ],
    "grid_goal": [
      6,
      36
    ],
    "num_waypoints": 29,
    "path_length": 5.1396,
    "lambda_occ": 5.0,
    "lambda_sem": 2.5,
    "step": 0.15,
    "robot_radius": 0.12
  },
  "planner_config": {
    "step": 0.15,
    "robot_radius": 0.12,
    "lambda_occ": 5.0,
    "lambda_sem": 2.5,
    "step_duration": 1.0,
    "dynamic_decay": 2.5
  },
  "path": [
    [
      4.557283988967977,
      3.3337646644530925,
      0.0
    ],
    [
      4.35,
      3.3,
      0.0
    ],
    [
      4.2,
      3.3,
      0.0
    ],
    [
      4.05,
      3.3,
      0.0
    ],
    [
      3.9,
      3.3,
      0.0
    ],
    [
      3.75,
      3.3,
      0.0
    ],
    [
      3.6,
      3.3,
      0.0
    ],
    [
      3.45,
      3.3,
      0.0
    ],
    [
      3.3,
      3.15,
      0.0
    ],
    [
      3.15,
      3.15,
      0.0
    ],
    [
      3.0,
      3.0,
      0.0
    ],
    [
      2.85,
      3.0,
      0.0
    ],
    [
      2.7,
      3.15,
      0.0
    ],
    [
      2.7,
      3.3,
      0.0
    ],
    [
      2.7,
      3.45,
      0.0
    ],
    [
      2.7,
      3.6,
      0.0
    ],
    [
      2.55,
      3.75,
      0.0
    ],
    [
      2.55,
      3.9,
      0.0
    ],
    [
      2.4,
      4.05,
      0.0
    ],
    [
      2.25,
      4.2,
      0.0
    ],
    [
      2.1,
      4.35,
      0.0
    ],
    [
      1.95,
      4.5,
      0.0
    ],
    [
      1.8,
      4.65,
      0.0
    ],
    [
      1.65,
      4.8,
      0.0
    ],
    [
      1.5,
      4.95,
      0.0
    ],
    [
      1.35,
      5.1,
      0.0
    ],
    [
      1.2,
      5.25,
      0.0
    ],
    [
      1.05,
      5.4,
      0.0
    ],
    [
      0.8920576126801469,
      5.3758509850855845,
      0.0
    ]
  ]
}