{
  "algorithm": "semantic_dstar_lite",
  "scene_file": "/Users/ishita/Documents/GitHub/BEACON-semantics/data/complex/scenes/collision_required_046.json",
  "scene_family": "collision_required",
  "workspace": [
    0,
    6,
    0,
    6
  ],
  "start": [
    0.5446557297668736,
    3.982197209441565,
    0.0
  ],
  "goal": [
    5.063622823127622,
    1.126420952732339,
    0.0
  ],
  "success": true,
  "summary": {
    "success": true,
    "algorithm": "semantic_dstar_lite",
    "grid_start": [
      4,
      27
    ],
    "grid_goal": [
      34,
      8
    ],
    "num_waypoints": 32,
    "path_length": 5.7628,
    "lambda_occ": 5.0,
    "lambda_sem": 2.5,
    "step": 0.15,
    "robot_radius": 0.12
  },
  "planner_config": {
    "step": 0.15,
    "robot_radius": 0.12,
    "lambda_occ": 5.0,
    "lambda_sem": 2.5,
    "step_duration": 1.0,
    "dynamic_decay": 2.5
  },
  "path": [
    [
      0.5446557297668736,
      3.982197209441565,
      0.0
    ],
    [
      0.75,
      3.9,
      0.0
    ],
    [
      0.9,
      3.75,
      0.0
    ],
    [
      1.05,
      3.6,
      0.0
    ],
    [
      1.2,
      3.45,
      0.0
    ],
    [
      1.35,
      3.3,
      0.0
    ],
    [
      1.5,
      3.3,
      0.0
    ],
    [
      1.65,
      3.3,
      0.0
    ],
    [
      1.8,
      3.3,
      0.0
    ],
    [
      1.95,
      3.15,
      0.0
    ],
    [
      2.1,
      3.15,
      0.0
    ],
    [
      2.25,
      3.0,
      0.0
    ],
    [
      2.4,
      2.85,
      0.0
    ],
    [
      2.4,
      2.7,
      0.0
    ],
    [
      2.55,
      2.55,
      0.0
    ],
    [
      2.7,
      2.4,
      0.0
    ],
    [
      2.85,
      2.25,
      0.0
    ],
    [
      3.0,
      2.1,
      0.0
    ],
    [
      3.15,
      2.1,
      0.0
    ],
    [
      3.3,
      2.1,
      0.0
    ],
    [
      3.45,
      2.1,
      0.0
    ],
    [
      3.6,
      1.95,
      0.0
    ],
    [
      3.75,
      1.8,
      0.0
    ],
    [
      3.9,
      1.65,
      0.0
    ],
    [
      4.05,
      1.65,
      0.0
    ],
    [
      4.2,
      1.65,
      0.0
    ],
    [
      4.35,
      1.5,
      0.0
    ],
    [
      4.5,
      1.35,
      0.0
    ],
    [
      4.65,
      1.2,
      0.0
    ],
    [
      4.8,
      1.2,
      0.0
    ],
    [
      4.95,
      1.2,
      0.0
    ],
    [
      5.063622823127622,
      1.126420952732339,
      0.0
    ]
  ]
}