{
  "algorithm": "semantic_dstar_lite",
  "scene_file": "/Users/ishita/Documents/GitHub/BEACON-semantics/data/complex/scenes/collision_required_015.json",
  "scene_family": "collision_required",
  "workspace": [
    0,
    6,
    0,
    6
  ],
  "start": [
    4.728980467208829,
    1.1759832595598099,
    0.0
  ],
  "goal": [
    1.4966499772172568,
    5.46095832268385,
    0.0
  ],
  "success": true,
  "summary": {
    "success": true,
    "algorithm": "semantic_dstar_lite",
    "grid_start": [
      32,
      8
    ],
    "grid_goal": [
      10,
      36
    ],
    "num_waypoints": 31,
    "path_length": 5.7366,
    "lambda_occ": 5.0,
    "lambda_sem": 2.5,
    "step": 0.15,
    "robot_radius": 0.12
  },
  "planner_config": {
    "step": 0.15,
    "robot_radius": 0.12,
    "lambda_occ": 5.0,
    "lambda_sem": 2.5,
    "step_duration": 1.0,
    "dynamic_decay": 2.5
  },
  "path": [
    [
      4.728980467208829,
      1.1759832595598099,
      0.0
    ],
    [
      4.65,
      1.35,
      0.0
    ],
    [
      4.5,
      1.5,
      0.0
    ],
    [
      4.35,
      1.65,
      0.0
    ],
    [
      4.2,
      1.8,
      0.0
    ],
    [
      4.05,
      1.95,
      0.0
    ],
    [
      3.9,
      2.1,
      0.0
    ],
    [
      3.75,
      2.25,
      0.0
    ],
    [
      3.6,
      2.4,
      0.0
    ],
    [
      3.45,
      2.55,
      0.0
    ],
    [
      3.3,
      2.7,
      0.0
    ],
    [
      3.15,
      2.85,
      0.0
    ],
    [
      3.0,
      3.0,
      0.0
    ],
    [
      2.85,
      3.15,
      0.0
    ],
    [
      2.7,
      3.3,
      0.0
    ],
    [
      2.55,
      3.45,
      0.0
    ],
    [
      2.4,
      3.6,
      0.0
    ],
    [
      2.4,
      3.75,
      0.0
    ],
    [
      2.4,
      3.9,
      0.0
    ],
    [
      2.4,
      4.05,
      0.0
    ],
    [
      2.4,
      4.2,
      0.0
    ],
    [
      2.4,
      4.35,
      0.0
    ],
    [
      2.4,
      4.5,
      0.0
    ],
    [
      2.4,
      4.65,
      0.0
    ],
    [
      2.4,
      4.8,
      0.0
    ],
    [
      2.25,
      4.95,
      0.0
    ],
    [
      2.1,
      5.1,
      0.0
    ],
    [
      1.95,
      5.25,
      0.0
    ],
    [
      1.8,
      5.4,
      0.0
    ],
    [
      1.65,
      5.4,
      0.0
    ],
    [
      1.4966499772172568,
      5.46095832268385,
      0.0
    ]
  ]
}