{
  "algorithm": "semantic_dstar_lite",
  "scene_file": "/Users/ishita/Documents/GitHub/BEACON-semantics/data/complex/scenes/collision_required_031.json",
  "scene_family": "collision_required",
  "workspace": [
    0,
    6,
    0,
    6
  ],
  "start": [
    0.5122249765281824,
    0.9129362948325672,
    0.0
  ],
  "goal": [
    5.217952270081949,
    5.202739970899359,
    0.0
  ],
  "success": true,
  "summary": {
    "success": true,
    "algorithm": "semantic_dstar_lite",
    "grid_start": [
      3,
      6
    ],
    "grid_goal": [
      35,
      35
    ],
    "num_waypoints": 35,
    "path_length": 6.6858,
    "lambda_occ": 5.0,
    "lambda_sem": 2.5,
    "step": 0.15,
    "robot_radius": 0.12
  },
  "planner_config": {
    "step": 0.15,
    "robot_radius": 0.12,
    "lambda_occ": 5.0,
    "lambda_sem": 2.5,
    "step_duration": 1.0,
    "dynamic_decay": 2.5
  },
  "path": [
    [
      0.5122249765281824,
      0.9129362948325672,
      0.0
    ],
    [
      0.6,
      1.05,
      0.0
    ],
    [
      0.6,
      1.2,
      0.0
    ],
    [
      0.75,
      1.35,
      0.0
    ],
    [
      0.9,
      1.5,
      0.0
    ],
    [
      1.05,
      1.65,
      0.0
    ],
    [
      1.2,
      1.8,
      0.0
    ],
    [
      1.35,
      1.95,
      0.0
    ],
    [
      1.5,
      2.1,
      0.0
    ],
    [
      1.65,
      2.25,
      0.0
    ],
    [
      1.8,
      2.4,
      0.0
    ],
    [
      1.95,
      2.55,
      0.0
    ],
    [
      2.1,
      2.7,
      0.0
    ],
    [
      2.25,
      2.7,
      0.0
    ],
    [
      2.4,
      2.7,
      0.0
    ],
    [
      2.55,
      2.7,
      0.0
    ],
    [
      2.7,
      2.7,
      0.0
    ],
    [
      2.85,
      2.7,
      0.0
    ],
    [
      3.0,
      2.85,
      0.0
    ],
    [
      3.15,
      3.0,
      0.0
    ],
    [
      3.3,
      3.15,
      0.0
    ],
    [
      3.45,
      3.3,
      0.0
    ],
    [
      3.6,
      3.45,
      0.0
    ],
    [
      3.75,
      3.6,
      0.0
    ],
    [
      3.9,
      3.75,
      0.0
    ],
    [
      4.05,
      3.9,
      0.0
    ],
    [
      4.2,
      4.05,
      0.0
    ],
    [
      4.35,
      4.2,
      0.0
    ],
    [
      4.5,
      4.35,
      0.0
    ],
    [
      4.65,
      4.5,
      0.0
    ],
    [
      4.8,
      4.65,
      0.0
    ],
    [
      4.95,
      4.8,
      0.0
    ],
    [
      5.1,
      4.95,
      0.0
    ],
    [
      5.25,
      5.1,
      0.0
    ],
    [
      5.217952270081949,
      5.202739970899359,
      0.0
    ]
  ]
}