{
  "algorithm": "semantic_dstar_lite",
  "scene_file": "/Users/ishita/Documents/GitHub/BEACON-semantics/data/complex/scenes/collision_required_033.json",
  "scene_family": "collision_required",
  "workspace": [
    0,
    6,
    0,
    6
  ],
  "start": [
    1.1631828740073509,
    1.5939381210573897,
    0.0
  ],
  "goal": [
    4.983618908311583,
    3.4605665620876547,
    0.0
  ],
  "success": true,
  "summary": {
    "success": true,
    "algorithm": "semantic_dstar_lite",
    "grid_start": [
      8,
      11
    ],
    "grid_goal": [
      33,
      23
    ],
    "num_waypoints": 27,
    "path_length": 4.6834,
    "lambda_occ": 5.0,
    "lambda_sem": 2.5,
    "step": 0.15,
    "robot_radius": 0.12
  },
  "planner_config": {
    "step": 0.15,
    "robot_radius": 0.12,
    "lambda_occ": 5.0,
    "lambda_sem": 2.5,
    "step_duration": 1.0,
    "dynamic_decay": 2.5
  },
  "path": [
    [
      1.1631828740073509,
      1.5939381210573897,
      0.0
    ],
    [
      1.35,
      1.8,
      0.0
    ],
    [
      1.5,
      1.95,
      0.0
    ],
    [
      1.65,
      2.1,
      0.0
    ],
    [
      1.8,
      2.25,
      0.0
    ],
    [
      1.95,
      2.4,
      0.0
    ],
    [
      2.1,
      2.55,
      0.0
    ],
    [
      2.25,
      2.7,
      0.0
    ],
    [
      2.4,
      2.85,
      0.0
    ],
    [
      2.4,
      3.0,
      0.0
    ],
    [
      2.55,
      3.15,
      0.0
    ],
    [
      2.7,
      3.3,
      0.0
    ],
    [
      2.85,
      3.3,
      0.0
    ],
    [
      3.0,
      3.45,
      0.0
    ],
    [
      3.15,
      3.45,
      0.0
    ],
    [
      3.3,
      3.45,
      0.0
    ],
    [
      3.45,
      3.45,
      0.0
    ],
    [
      3.6,
      3.45,
      0.0
    ],
    [
      3.75,
      3.45,
      0.0
    ],
    [
      3.9,
      3.45,
      0.0
    ],
    [
      4.05,
      3.45,
      0.0
    ],
    [
      4.2,
      3.45,
      0.0
    ],
    [
      4.35,
      3.45,
      0.0
    ],
    [
      4.5,
      3.45,
      0.0
    ],
    [
      4.65,
      3.45,
      0.0
    ],
    [
      4.8,
      3.45,
      0.0
    ],
    [
      4.983618908311583,
      3.4605665620876547,
      0.0
    ]
  ]
}