{
  "algorithm": "semantic_dstar_lite",
  "scene_file": "/Users/ishita/Documents/GitHub/BEACON-semantics/data/complex/scenes/collision_required_005.json",
  "scene_family": "collision_required",
  "workspace": [
    0,
    6,
    0,
    6
  ],
  "start": [
    0.9660461562879543,
    0.6822150869041501,
    0.0
  ],
  "goal": [
    4.481217093259207,
    4.47444662557662,
    0.0
  ],
  "success": true,
  "summary": {
    "success": true,
    "algorithm": "semantic_dstar_lite",
    "grid_start": [
      6,
      5
    ],
    "grid_goal": [
      30,
      30
    ],
    "num_waypoints": 28,
    "path_length": 5.414,
    "lambda_occ": 5.0,
    "lambda_sem": 2.5,
    "step": 0.15,
    "robot_radius": 0.12
  },
  "planner_config": {
    "step": 0.15,
    "robot_radius": 0.12,
    "lambda_occ": 5.0,
    "lambda_sem": 2.5,
    "step_duration": 1.0,
    "dynamic_decay": 2.5
  },
  "path": [
    [
      0.9660461562879543,
      0.6822150869041501,
      0.0
    ],
    [
      1.05,
      0.9,
      0.0
    ],
    [
      1.2,
      0.9,
      0.0
    ],
    [
      1.35,
      1.05,
      0.0
    ],
    [
      1.5,
      1.2,
      0.0
    ],
    [
      1.65,
      1.35,
      0.0
    ],
    [
      1.8,
      1.5,
      0.0
    ],
    [
      1.95,
      1.65,
      0.0
    ],
    [
      2.1,
      1.8,
      0.0
    ],
    [
      2.25,
      1.95,
      0.0
    ],
    [
      2.4,
      2.1,
      0.0
    ],
    [
      2.55,
      2.25,
      0.0
    ],
    [
      2.7,
      2.4,
      0.0
    ],
    [
      2.85,
      2.4,
      0.0
    ],
    [
      3.0,
      2.55,
      0.0
    ],
    [
      3.15,
      2.7,
      0.0
    ],
    [
      3.3,
      2.85,
      0.0
    ],
    [
      3.45,
      3.0,
      0.0
    ],
    [
      3.6,
      3.15,
      0.0
    ],
    [
      3.75,
      3.3,
      0.0
    ],
    [
      3.9,
      3.45,
      0.0
    ],
    [
      4.05,
      3.6,
      0.0
    ],
    [
      4.2,
      3.75,
      0.0
    ],
    [
      4.35,
      3.9,
      0.0
    ],
    [
      4.5,
      4.05,
      0.0
    ],
    [
      4.5,
      4.2,
      0.0
    ],
    [
      4.5,
      4.35,
      0.0
    ],
    [
      4.481217093259207,
      4.47444662557662,
      0.0
    ]
  ]
}