{
  "algorithm": "semantic_dstar_lite",
  "scene_file": "/Users/ishita/Documents/GitHub/BEACON-semantics/data/complex/scenes/collision_required_029.json",
  "scene_family": "collision_required",
  "workspace": [
    0,
    6,
    0,
    6
  ],
  "start": [
    4.376155763938161,
    3.5636244165391737,
    0.0
  ],
  "goal": [
    1.4066810195876198,
    0.7435866470514165,
    0.0
  ],
  "success": true,
  "summary": {
    "success": true,
    "algorithm": "semantic_dstar_lite",
    "grid_start": [
      29,
      24
    ],
    "grid_goal": [
      9,
      5
    ],
    "num_waypoints": 23,
    "path_length": 4.2973,
    "lambda_occ": 5.0,
    "lambda_sem": 2.5,
    "step": 0.15,
    "robot_radius": 0.12
  },
  "planner_config": {
    "step": 0.15,
    "robot_radius": 0.12,
    "lambda_occ": 5.0,
    "lambda_sem": 2.5,
    "step_duration": 1.0,
    "dynamic_decay": 2.5
  },
  "path": [
    [
      4.376155763938161,
      3.5636244165391737,
      0.0
    ],
    [
      4.2,
      3.45,
      0.0
    ],
    [
      4.05,
      3.3,
      0.0
    ],
    [
      3.9,
      3.15,
      0.0
    ],
    [
      3.75,
      3.0,
      0.0
    ],
    [
      3.6,
      2.85,
      0.0
    ],
    [
      3.45,
      2.7,
      0.0
    ],
    [
      3.3,
      2.55,
      0.0
    ],
    [
      3.3,
      2.4,
      0.0
    ],
    [
      3.3,
      2.25,
      0.0
    ],
    [
      3.15,
      2.1,
      0.0
    ],
    [
      3.0,
      1.95,
      0.0
    ],
    [
      2.85,
      1.8,
      0.0
    ],
    [
      2.7,
      1.65,
      0.0
    ],
    [
      2.55,
      1.5,
      0.0
    ],
    [
      2.4,
      1.35,
      0.0
    ],
    [
      2.25,
      1.2,
      0.0
    ],
    [
      2.1,
      1.05,
      0.0
    ],
    [
      1.95,
      0.9,
      0.0
    ],
    [
      1.8,
      0.75,
      0.0
    ],
    [
      1.65,
      0.75,
      0.0
    ],
    [
      1.5,
      0.75,
      0.0
    ],
    [
      1.4066810195876198,
      0.7435866470514165,
      0.0
    ]
  ]
}