{
  "algorithm": "semantic_dstar_lite",
  "scene_file": "/Users/ishita/Documents/GitHub/BEACON-semantics/data/complex/scenes/collision_required_067.json",
  "scene_family": "collision_required",
  "workspace": [
    0,
    6,
    0,
    6
  ],
  "start": [
    4.3529859433165425,
    1.4116547431055089,
    0.0
  ],
  "goal": [
    2.2062540362322087,
    4.965796414691061,
    0.0
  ],
  "success": true,
  "summary": {
    "success": true,
    "algorithm": "semantic_dstar_lite",
    "grid_start": [
      29,
      9
    ],
    "grid_goal": [
      15,
      33
    ],
    "num_waypoints": 25,
    "path_length": 4.4772,
    "lambda_occ": 5.0,
    "lambda_sem": 2.5,
    "step": 0.15,
    "robot_radius": 0.12
  },
  "planner_config": {
    "step": 0.15,
    "robot_radius": 0.12,
    "lambda_occ": 5.0,
    "lambda_sem": 2.5,
    "step_duration": 1.0,
    "dynamic_decay": 2.5
  },
  "path": [
    [
      4.3529859433165425,
      1.4116547431055089,
      0.0
    ],
    [
      4.2,
      1.5,
      0.0
    ],
    [
      4.05,
      1.65,
      0.0
    ],
    [
      3.9,
      1.8,
      0.0
    ],
    [
      3.75,
      1.95,
      0.0
    ],
    [
      3.6,
      2.1,
      0.0
    ],
    [
      3.45,
      2.25,
      0.0
    ],
    [
      3.45,
      2.4,
      0.0
    ],
    [
      3.45,
      2.55,
      0.0
    ],
    [
      3.45,
      2.7,
      0.0
    ],
    [
      3.45,
      2.85,
      0.0
    ],
    [
      3.45,
      3.0,
      0.0
    ],
    [
      3.45,
      3.15,
      0.0
    ],
    [
      3.45,
      3.3,
      0.0
    ],
    [
      3.45,
      3.45,
      0.0
    ],
    [
      3.3,
      3.6,
      0.0
    ],
    [
      3.15,
      3.75,
      0.0
    ],
    [
      3.0,
      3.9,
      0.0
    ],
    [
      2.85,
      4.05,
      0.0
    ],
    [
      2.85,
      4.2,
      0.0
    ],
    [
      2.85,
      4.35,
      0.0
    ],
    [
      2.7,
      4.5,
      0.0
    ],
    [
      2.55,
      4.65,
      0.0
    ],
    [
      2.4,
      4.8,
      0.0
    ],
    [
      2.2062540362322087,
      4.965796414691061,
      0.0
    ]
  ]
}