{
  "algorithm": "semantic_dstar_lite",
  "scene_file": "/Users/ishita/Documents/GitHub/BEACON-semantics/data/complex/scenes/collision_required_043.json",
  "scene_family": "collision_required",
  "workspace": [
    0,
    6,
    0,
    6
  ],
  "start": [
    1.8114618466193764,
    5.205100647167105,
    0.0
  ],
  "goal": [
    1.676492082712473,
    0.8069193913499682,
    0.0
  ],
  "success": true,
  "summary": {
    "success": true,
    "algorithm": "semantic_dstar_lite",
    "grid_start": [
      12,
      35
    ],
    "grid_goal": [
      11,
      5
    ],
    "num_waypoints": 31,
    "path_length": 5.2102,
    "lambda_occ": 5.0,
    "lambda_sem": 2.5,
    "step": 0.15,
    "robot_radius": 0.12
  },
  "planner_config": {
    "step": 0.15,
    "robot_radius": 0.12,
    "lambda_occ": 5.0,
    "lambda_sem": 2.5,
    "step_duration": 1.0,
    "dynamic_decay": 2.5
  },
  "path": [
    [
      1.8114618466193764,
      5.205100647167105,
      0.0
    ],
    [
      1.8,
      5.1,
      0.0
    ],
    [
      1.95,
      4.95,
      0.0
    ],
    [
      2.1,
      4.8,
      0.0
    ],
    [
      2.1,
      4.65,
      0.0
    ],
    [
      2.1,
      4.5,
      0.0
    ],
    [
      2.1,
      4.35,
      0.0
    ],
    [
      2.1,
      4.2,
      0.0
    ],
    [
      2.1,
      4.05,
      0.0
    ],
    [
      2.1,
      3.9,
      0.0
    ],
    [
      2.1,
      3.75,
      0.0
    ],
    [
      2.1,
      3.6,
      0.0
    ],
    [
      2.25,
      3.45,
      0.0
    ],
    [
      2.4,
      3.3,
      0.0
    ],
    [
      2.55,
      3.15,
      0.0
    ],
    [
      2.7,
      3.0,
      0.0
    ],
    [
      2.55,
      2.85,
      0.0
    ],
    [
      2.4,
      2.7,
      0.0
    ],
    [
      2.4,
      2.55,
      0.0
    ],
    [
      2.25,
      2.4,
      0.0
    ],
    [
      2.25,
      2.25,
      0.0
    ],
    [
      2.25,
      2.1,
      0.0
    ],
    [
      2.1,
      1.95,
      0.0
    ],
    [
      2.1,
      1.8,
      0.0
    ],
    [
      2.1,
      1.65,
      0.0
    ],
    [
      1.95,
      1.5,
      0.0
    ],
    [
      1.8,
      1.35,
      0.0
    ],
    [
      1.65,
      1.2,
      0.0
    ],
    [
      1.65,
      1.05,
      0.0
    ],
    [
      1.65,
      0.9,
      0.0
    ],
    [
      1.676492082712473,
      0.8069193913499682,
      0.0
    ]
  ]
}