{
  "algorithm": "semantic_dstar_lite",
  "scene_file": "/Users/ishita/Documents/GitHub/BEACON-semantics/data/complex/scenes/collision_required_075.json",
  "scene_family": "collision_required",
  "workspace": [
    0,
    6,
    0,
    6
  ],
  "start": [
    1.6772680093701715,
    1.7258733479752297,
    0.0
  ],
  "goal": [
    5.1133402784284625,
    4.44195607060924,
    0.0
  ],
  "success": true,
  "summary": {
    "success": true,
    "algorithm": "semantic_dstar_lite",
    "grid_start": [
      11,
      12
    ],
    "grid_goal": [
      34,
      30
    ],
    "num_waypoints": 26,
    "path_length": 4.7628,
    "lambda_occ": 5.0,
    "lambda_sem": 2.5,
    "step": 0.15,
    "robot_radius": 0.12
  },
  "planner_config": {
    "step": 0.15,
    "robot_radius": 0.12,
    "lambda_occ": 5.0,
    "lambda_sem": 2.5,
    "step_duration": 1.0,
    "dynamic_decay": 2.5
  },
  "path": [
    [
      1.6772680093701715,
      1.7258733479752297,
      0.0
    ],
    [
      1.8,
      1.95,
      0.0
    ],
    [
      1.95,
      1.95,
      0.0
    ],
    [
      2.1,
      1.95,
      0.0
    ],
    [
      2.25,
      1.95,
      0.0
    ],
    [
      2.4,
      2.1,
      0.0
    ],
    [
      2.4,
      2.25,
      0.0
    ],
    [
      2.4,
      2.4,
      0.0
    ],
    [
      2.55,
      2.55,
      0.0
    ],
    [
      2.7,
      2.7,
      0.0
    ],
    [
      2.85,
      2.7,
      0.0
    ],
    [
      3.0,
      2.7,
      0.0
    ],
    [
      3.15,
      2.7,
      0.0
    ],
    [
      3.3,
      2.7,
      0.0
    ],
    [
      3.45,
      2.85,
      0.0
    ],
    [
      3.6,
      3.0,
      0.0
    ],
    [
      3.75,
      3.15,
      0.0
    ],
    [
      3.9,
      3.3,
      0.0
    ],
    [
      4.05,
      3.45,
      0.0
    ],
    [
      4.2,
      3.6,
      0.0
    ],
    [
      4.35,
      3.75,
      0.0
    ],
    [
      4.5,
      3.9,
      0.0
    ],
    [
      4.65,
      4.05,
      0.0
    ],
    [
      4.8,
      4.2,
      0.0
    ],
    [
      4.95,
      4.35,
      0.0
    ],
    [
      5.1133402784284625,
      4.44195607060924,
      0.0
    ]
  ]
}