{
  "algorithm": "semantic_dstar_lite",
  "scene_file": "/Users/ishita/Documents/GitHub/BEACON-semantics/data/complex/scenes/collision_required_020.json",
  "scene_family": "collision_required",
  "workspace": [
    0,
    6,
    0,
    6
  ],
  "start": [
    3.944818682370711,
    4.845825389462232,
    0.0
  ],
  "goal": [
    2.3854048768542238,
    1.0940968826654662,
    0.0
  ],
  "success": true,
  "summary": {
    "success": true,
    "algorithm": "semantic_dstar_lite",
    "grid_start": [
      26,
      32
    ],
    "grid_goal": [
      16,
      7
    ],
    "num_waypoints": 32,
    "path_length": 5.4166,
    "lambda_occ": 5.0,
    "lambda_sem": 2.5,
    "step": 0.15,
    "robot_radius": 0.12
  },
  "planner_config": {
    "step": 0.15,
    "robot_radius": 0.12,
    "lambda_occ": 5.0,
    "lambda_sem": 2.5,
    "step_duration": 1.0,
    "dynamic_decay": 2.5
  },
  "path": [
    [
      3.944818682370711,
      4.845825389462232,
      0.0
    ],
    [
      3.75,
      4.65,
      0.0
    ],
    [
      3.75,
      4.5,
      0.0
    ],
    [
      3.6,
      4.35,
      0.0
    ],
    [
      3.45,
      4.2,
      0.0
    ],
    [
      3.3,
      4.05,
      0.0
    ],
    [
      3.15,
      3.9,
      0.0
    ],
    [
      3.0,
      3.75,
      0.0
    ],
    [
      2.85,
      3.75,
      0.0
    ],
    [
      2.7,
      3.75,
      0.0
    ],
    [
      2.55,
      3.75,
      0.0
    ],
    [
      2.4,
      3.75,
      0.0
    ],
    [
      2.25,
      3.6,
      0.0
    ],
    [
      2.1,
      3.6,
      0.0
    ],
    [
      1.95,
      3.6,
      0.0
    ],
    [
      1.8,
      3.45,
      0.0
    ],
    [
      1.95,
      3.3,
      0.0
    ],
    [
      1.95,
      3.15,
      0.0
    ],
    [
      1.95,
      3.0,
      0.0
    ],
    [
      1.95,
      2.85,
      0.0
    ],
    [
      1.95,
      2.7,
      0.0
    ],
    [
      1.95,
      2.55,
      0.0
    ],
    [
      1.95,
      2.4,
      0.0
    ],
    [
      1.95,
      2.25,
      0.0
    ],
    [
      1.95,
      2.1,
      0.0
    ],
    [
      1.95,
      1.95,
      0.0
    ],
    [
      2.1,
      1.8,
      0.0
    ],
    [
      2.25,
      1.65,
      0.0
    ],
    [
      2.4,
      1.5,
      0.0
    ],
    [
      2.4,
      1.35,
      0.0
    ],
    [
      2.4,
      1.2,
      0.0
    ],
    [
      2.3854048768542238,
      1.0940968826654662,
      0.0
    ]
  ]
}