{
  "algorithm": "semantic_dstar_lite",
  "scene_file": "/Users/ishita/Documents/GitHub/BEACON-semantics/data/complex/scenes/collision_required_041.json",
  "scene_family": "collision_required",
  "workspace": [
    0,
    6,
    0,
    6
  ],
  "start": [
    4.003747217443074,
    5.35602954174645,
    0.0
  ],
  "goal": [
    4.308983408258998,
    1.0549150277022843,
    0.0
  ],
  "success": true,
  "summary": {
    "success": true,
    "algorithm": "semantic_dstar_lite",
    "grid_start": [
      27,
      36
    ],
    "grid_goal": [
      29,
      7
    ],
    "num_waypoints": 30,
    "path_length": 4.565,
    "lambda_occ": 5.0,
    "lambda_sem": 2.5,
    "step": 0.15,
    "robot_radius": 0.12
  },
  "planner_config": {
    "step": 0.15,
    "robot_radius": 0.12,
    "lambda_occ": 5.0,
    "lambda_sem": 2.5,
    "step_duration": 1.0,
    "dynamic_decay": 2.5
  },
  "path": [
    [
      4.003747217443074,
      5.35602954174645,
      0.0
    ],
    [
      4.05,
      5.25,
      0.0
    ],
    [
      4.05,
      5.1,
      0.0
    ],
    [
      4.05,
      4.95,
      0.0
    ],
    [
      4.05,
      4.8,
      0.0
    ],
    [
      4.05,
      4.65,
      0.0
    ],
    [
      4.05,
      4.5,
      0.0
    ],
    [
      4.05,
      4.35,
      0.0
    ],
    [
      4.05,
      4.2,
      0.0
    ],
    [
      4.05,
      4.05,
      0.0
    ],
    [
      4.05,
      3.9,
      0.0
    ],
    [
      4.05,
      3.75,
      0.0
    ],
    [
      4.05,
      3.6,
      0.0
    ],
    [
      3.9,
      3.45,
      0.0
    ],
    [
      3.9,
      3.3,
      0.0
    ],
    [
      3.9,
      3.15,
      0.0
    ],
    [
      3.9,
      3.0,
      0.0
    ],
    [
      3.9,
      2.85,
      0.0
    ],
    [
      3.9,
      2.7,
      0.0
    ],
    [
      3.9,
      2.55,
      0.0
    ],
    [
      3.9,
      2.4,
      0.0
    ],
    [
      3.9,
      2.25,
      0.0
    ],
    [
      3.9,
      2.1,
      0.0
    ],
    [
      3.9,
      1.95,
      0.0
    ],
    [
      4.05,
      1.8,
      0.0
    ],
    [
      4.2,
      1.65,
      0.0
    ],
    [
      4.35,
      1.5,
      0.0
    ],
    [
      4.35,
      1.35,
      0.0
    ],
    [
      4.35,
      1.2,
      0.0
    ],
    [
      4.308983408258998,
      1.0549150277022843,
      0.0
    ]
  ]
}