{
  "algorithm": "semantic_dstar_lite",
  "scene_file": "/Users/ishita/Documents/GitHub/BEACON-semantics/data/complex/scenes/collision_required_042.json",
  "scene_family": "collision_required",
  "workspace": [
    0,
    6,
    0,
    6
  ],
  "start": [
    5.498155481686637,
    1.611073371105249,
    0.0
  ],
  "goal": [
    1.9374648952700277,
    4.7168348633100345,
    0.0
  ],
  "success": true,
  "summary": {
    "success": true,
    "algorithm": "semantic_dstar_lite",
    "grid_start": [
      37,
      11
    ],
    "grid_goal": [
      13,
      31
    ],
    "num_waypoints": 25,
    "path_length": 4.9023,
    "lambda_occ": 5.0,
    "lambda_sem": 2.5,
    "step": 0.15,
    "robot_radius": 0.12
  },
  "planner_config": {
    "step": 0.15,
    "robot_radius": 0.12,
    "lambda_occ": 5.0,
    "lambda_sem": 2.5,
    "step_duration": 1.0,
    "dynamic_decay": 2.5
  },
  "path": [
    [
      5.498155481686637,
      1.611073371105249,
      0.0
    ],
    [
      5.4,
      1.8,
      0.0
    ],
    [
      5.25,
      1.95,
      0.0
    ],
    [
      5.1,
      2.1,
      0.0
    ],
    [
      4.95,
      2.25,
      0.0
    ],
    [
      4.8,
      2.4,
      0.0
    ],
    [
      4.65,
      2.55,
      0.0
    ],
    [
      4.5,
      2.7,
      0.0
    ],
    [
      4.35,
      2.85,
      0.0
    ],
    [
      4.2,
      2.85,
      0.0
    ],
    [
      4.05,
      2.85,
      0.0
    ],
    [
      3.9,
      2.85,
      0.0
    ],
    [
      3.75,
      2.85,
      0.0
    ],
    [
      3.6,
      3.0,
      0.0
    ],
    [
      3.45,
      3.15,
      0.0
    ],
    [
      3.3,
      3.3,
      0.0
    ],
    [
      3.15,
      3.45,
      0.0
    ],
    [
      3.0,
      3.6,
      0.0
    ],
    [
      2.85,
      3.75,
      0.0
    ],
    [
      2.7,
      3.9,
      0.0
    ],
    [
      2.55,
      4.05,
      0.0
    ],
    [
      2.4,
      4.2,
      0.0
    ],
    [
      2.25,
      4.35,
      0.0
    ],
    [
      2.1,
      4.5,
      0.0
    ],
    [
      1.9374648952700277,
      4.7168348633100345,
      0.0
    ]
  ]
}