{
  "algorithm": "semantic_dstar_lite",
  "scene_file": "/Users/ishita/Documents/GitHub/BEACON-semantics/data/complex/scenes/collision_required_095.json",
  "scene_family": "collision_required",
  "workspace": [
    0,
    6,
    0,
    6
  ],
  "start": [
    1.8941337909766587,
    0.8919097990122542,
    0.0
  ],
  "goal": [
    2.6792802120691435,
    5.137831556084364,
    0.0
  ],
  "success": true,
  "summary": {
    "success": true,
    "algorithm": "semantic_dstar_lite",
    "grid_start": [
      13,
      6
    ],
    "grid_goal": [
      18,
      34
    ],
    "num_waypoints": 29,
    "path_length": 4.5971,
    "lambda_occ": 5.0,
    "lambda_sem": 2.5,
    "step": 0.15,
    "robot_radius": 0.12
  },
  "planner_config": {
    "step": 0.15,
    "robot_radius": 0.12,
    "lambda_occ": 5.0,
    "lambda_sem": 2.5,
    "step_duration": 1.0,
    "dynamic_decay": 2.5
  },
  "path": [
    [
      1.8941337909766587,
      0.8919097990122542,
      0.0
    ],
    [
      2.1,
      1.05,
      0.0
    ],
    [
      2.25,
      1.2,
      0.0
    ],
    [
      2.4,
      1.35,
      0.0
    ],
    [
      2.55,
      1.5,
      0.0
    ],
    [
      2.7,
      1.65,
      0.0
    ],
    [
      2.7,
      1.8,
      0.0
    ],
    [
      2.7,
      1.95,
      0.0
    ],
    [
      2.7,
      2.1,
      0.0
    ],
    [
      2.7,
      2.25,
      0.0
    ],
    [
      2.7,
      2.4,
      0.0
    ],
    [
      2.7,
      2.55,
      0.0
    ],
    [
      2.7,
      2.7,
      0.0
    ],
    [
      2.7,
      2.85,
      0.0
    ],
    [
      2.7,
      3.0,
      0.0
    ],
    [
      2.7,
      3.15,
      0.0
    ],
    [
      2.7,
      3.3,
      0.0
    ],
    [
      2.7,
      3.45,
      0.0
    ],
    [
      2.7,
      3.6,
      0.0
    ],
    [
      2.7,
      3.75,
      0.0
    ],
    [
      2.7,
      3.9,
      0.0
    ],
    [
      2.7,
      4.05,
      0.0
    ],
    [
      2.7,
      4.2,
      0.0
    ],
    [
      2.7,
      4.35,
      0.0
    ],
    [
      2.7,
      4.5,
      0.0
    ],
    [
      2.7,
      4.65,
      0.0
    ],
    [
      2.7,
      4.8,
      0.0
    ],
    [
      2.7,
      4.95,
      0.0
    ],
    [
      2.6792802120691435,
      5.137831556084364,
      0.0
    ]
  ]
}