{
  "algorithm": "semantic_dstar_lite",
  "scene_file": "/Users/ishita/Documents/GitHub/BEACON-semantics/data/complex/scenes/collision_required_027.json",
  "scene_family": "collision_required",
  "workspace": [
    0,
    6,
    0,
    6
  ],
  "start": [
    4.940592814783915,
    0.6873282647607127,
    0.0
  ],
  "goal": [
    2.863310347975587,
    4.384946067096189,
    0.0
  ],
  "success": true,
  "summary": {
    "success": true,
    "algorithm": "semantic_dstar_lite",
    "grid_start": [
      33,
      5
    ],
    "grid_goal": [
      19,
      29
    ],
    "num_waypoints": 25,
    "path_length": 4.5481,
    "lambda_occ": 5.0,
    "lambda_sem": 2.5,
    "step": 0.15,
    "robot_radius": 0.12
  },
  "planner_config": {
    "step": 0.15,
    "robot_radius": 0.12,
    "lambda_occ": 5.0,
    "lambda_sem": 2.5,
    "step_duration": 1.0,
    "dynamic_decay": 2.5
  },
  "path": [
    [
      4.940592814783915,
      0.6873282647607127,
      0.0
    ],
    [
      4.8,
      0.9,
      0.0
    ],
    [
      4.65,
      1.05,
      0.0
    ],
    [
      4.65,
      1.2,
      0.0
    ],
    [
      4.5,
      1.35,
      0.0
    ],
    [
      4.35,
      1.5,
      0.0
    ],
    [
      4.2,
      1.65,
      0.0
    ],
    [
      4.2,
      1.8,
      0.0
    ],
    [
      4.2,
      1.95,
      0.0
    ],
    [
      4.2,
      2.1,
      0.0
    ],
    [
      4.2,
      2.25,
      0.0
    ],
    [
      4.2,
      2.4,
      0.0
    ],
    [
      4.2,
      2.55,
      0.0
    ],
    [
      4.2,
      2.7,
      0.0
    ],
    [
      4.05,
      2.85,
      0.0
    ],
    [
      3.9,
      3.0,
      0.0
    ],
    [
      3.75,
      3.15,
      0.0
    ],
    [
      3.6,
      3.3,
      0.0
    ],
    [
      3.45,
      3.45,
      0.0
    ],
    [
      3.3,
      3.6,
      0.0
    ],
    [
      3.15,
      3.75,
      0.0
    ],
    [
      3.0,
      3.9,
      0.0
    ],
    [
      2.85,
      4.05,
      0.0
    ],
    [
      2.85,
      4.2,
      0.0
    ],
    [
      2.863310347975587,
      4.384946067096189,
      0.0
    ]
  ]
}