{
  "algorithm": "semantic_dstar_lite",
  "scene_file": "/Users/ishita/Documents/GitHub/BEACON-semantics/data/complex/scenes/collision_required_028.json",
  "scene_family": "collision_required",
  "workspace": [
    0,
    6,
    0,
    6
  ],
  "start": [
    1.282780748101364,
    0.733403369014054,
    0.0
  ],
  "goal": [
    3.2659713501985945,
    5.504119722524456,
    0.0
  ],
  "success": true,
  "summary": {
    "success": true,
    "algorithm": "semantic_dstar_lite",
    "grid_start": [
      9,
      5
    ],
    "grid_goal": [
      22,
      37
    ],
    "num_waypoints": 33,
    "path_length": 5.6289,
    "lambda_occ": 5.0,
    "lambda_sem": 2.5,
    "step": 0.15,
    "robot_radius": 0.12
  },
  "planner_config": {
    "step": 0.15,
    "robot_radius": 0.12,
    "lambda_occ": 5.0,
    "lambda_sem": 2.5,
    "step_duration": 1.0,
    "dynamic_decay": 2.5
  },
  "path": [
    [
      1.282780748101364,
      0.733403369014054,
      0.0
    ],
    [
      1.5,
      0.9,
      0.0
    ],
    [
      1.5,
      1.05,
      0.0
    ],
    [
      1.5,
      1.2,
      0.0
    ],
    [
      1.5,
      1.35,
      0.0
    ],
    [
      1.5,
      1.5,
      0.0
    ],
    [
      1.5,
      1.65,
      0.0
    ],
    [
      1.5,
      1.8,
      0.0
    ],
    [
      1.5,
      1.95,
      0.0
    ],
    [
      1.5,
      2.1,
      0.0
    ],
    [
      1.5,
      2.25,
      0.0
    ],
    [
      1.5,
      2.4,
      0.0
    ],
    [
      1.5,
      2.55,
      0.0
    ],
    [
      1.5,
      2.7,
      0.0
    ],
    [
      1.65,
      2.85,
      0.0
    ],
    [
      1.8,
      3.0,
      0.0
    ],
    [
      1.95,
      3.15,
      0.0
    ],
    [
      2.1,
      3.3,
      0.0
    ],
    [
      2.25,
      3.45,
      0.0
    ],
    [
      2.4,
      3.6,
      0.0
    ],
    [
      2.55,
      3.75,
      0.0
    ],
    [
      2.7,
      3.9,
      0.0
    ],
    [
      2.85,
      4.05,
      0.0
    ],
    [
      2.85,
      4.2,
      0.0
    ],
    [
      2.85,
      4.35,
      0.0
    ],
    [
      2.85,
      4.5,
      0.0
    ],
    [
      2.85,
      4.65,
      0.0
    ],
    [
      3.0,
      4.8,
      0.0
    ],
    [
      3.15,
      4.95,
      0.0
    ],
    [
      3.3,
      5.1,
      0.0
    ],
    [
      3.3,
      5.25,
      0.0
    ],
    [
      3.3,
      5.4,
      0.0
    ],
    [
      3.2659713501985945,
      5.504119722524456,
      0.0
    ]
  ]
}