{
  "algorithm": "semantic_dstar_lite",
  "scene_file": "/Users/ishita/Documents/GitHub/BEACON-semantics/data/complex/scenes/collision_required_007.json",
  "scene_family": "collision_required",
  "workspace": [
    0,
    6,
    0,
    6
  ],
  "start": [
    3.7100215990680714,
    4.78438615434393,
    0.0
  ],
  "goal": [
    1.1204858054330367,
    0.6558852581546142,
    0.0
  ],
  "success": true,
  "summary": {
    "success": true,
    "algorithm": "semantic_dstar_lite",
    "grid_start": [
      25,
      32
    ],
    "grid_goal": [
      7,
      4
    ],
    "num_waypoints": 36,
    "path_length": 5.8708,
    "lambda_occ": 5.0,
    "lambda_sem": 2.5,
    "step": 0.15,
    "robot_radius": 0.12
  },
  "planner_config": {
    "step": 0.15,
    "robot_radius": 0.12,
    "lambda_occ": 5.0,
    "lambda_sem": 2.5,
    "step_duration": 1.0,
    "dynamic_decay": 2.5
  },
  "path": [
    [
      3.7100215990680714,
      4.78438615434393,
      0.0
    ],
    [
      3.75,
      4.65,
      0.0
    ],
    [
      3.75,
      4.5,
      0.0
    ],
    [
      3.75,
      4.35,
      0.0
    ],
    [
      3.75,
      4.2,
      0.0
    ],
    [
      3.75,
      4.05,
      0.0
    ],
    [
      3.75,
      3.9,
      0.0
    ],
    [
      3.75,
      3.75,
      0.0
    ],
    [
      3.75,
      3.6,
      0.0
    ],
    [
      3.75,
      3.45,
      0.0
    ],
    [
      3.75,
      3.3,
      0.0
    ],
    [
      3.75,
      3.15,
      0.0
    ],
    [
      3.75,
      3.0,
      0.0
    ],
    [
      3.6,
      2.85,
      0.0
    ],
    [
      3.6,
      2.7,
      0.0
    ],
    [
      3.6,
      2.55,
      0.0
    ],
    [
      3.6,
      2.4,
      0.0
    ],
    [
      3.6,
      2.25,
      0.0
    ],
    [
      3.6,
      2.1,
      0.0
    ],
    [
      3.45,
      1.95,
      0.0
    ],
    [
      3.3,
      1.8,
      0.0
    ],
    [
      3.15,
      1.8,
      0.0
    ],
    [
      3.0,
      1.8,
      0.0
    ],
    [
      2.85,
      1.8,
      0.0
    ],
    [
      2.7,
      1.8,
      0.0
    ],
    [
      2.55,
      1.8,
      0.0
    ],
    [
      2.4,
      1.65,
      0.0
    ],
    [
      2.25,
      1.5,
      0.0
    ],
    [
      2.1,
      1.35,
      0.0
    ],
    [
      1.95,
      1.2,
      0.0
    ],
    [
      1.8,
      1.05,
      0.0
    ],
    [
      1.65,
      0.9,
      0.0
    ],
    [
      1.5,
      0.75,
      0.0
    ],
    [
      1.35,
      0.6,
      0.0
    ],
    [
      1.2,
      0.6,
      0.0
    ],
    [
      1.1204858054330367,
      0.6558852581546142,
      0.0
    ]
  ]
}