{
  "algorithm": "semantic_dstar_lite",
  "scene_file": "/Users/ishita/Documents/GitHub/BEACON-semantics/data/complex/scenes/collision_required_018.json",
  "scene_family": "collision_required",
  "workspace": [
    0,
    6,
    0,
    6
  ],
  "start": [
    4.019071411136131,
    4.8651706807271085,
    0.0
  ],
  "goal": [
    3.5175200705562197,
    0.8553193806010004,
    0.0
  ],
  "success": true,
  "summary": {
    "success": true,
    "algorithm": "semantic_dstar_lite",
    "grid_start": [
      27,
      32
    ],
    "grid_goal": [
      23,
      6
    ],
    "num_waypoints": 27,
    "path_length": 4.984,
    "lambda_occ": 5.0,
    "lambda_sem": 2.5,
    "step": 0.15,
    "robot_radius": 0.12
  },
  "planner_config": {
    "step": 0.15,
    "robot_radius": 0.12,
    "lambda_occ": 5.0,
    "lambda_sem": 2.5,
    "step_duration": 1.0,
    "dynamic_decay": 2.5
  },
  "path": [
    [
      4.019071411136131,
      4.8651706807271085,
      0.0
    ],
    [
      3.9,
      4.65,
      0.0
    ],
    [
      3.75,
      4.5,
      0.0
    ],
    [
      3.6,
      4.35,
      0.0
    ],
    [
      3.45,
      4.2,
      0.0
    ],
    [
      3.3,
      4.05,
      0.0
    ],
    [
      3.15,
      3.9,
      0.0
    ],
    [
      3.0,
      3.75,
      0.0
    ],
    [
      2.85,
      3.6,
      0.0
    ],
    [
      2.7,
      3.45,
      0.0
    ],
    [
      2.55,
      3.3,
      0.0
    ],
    [
      2.55,
      3.15,
      0.0
    ],
    [
      2.55,
      3.0,
      0.0
    ],
    [
      2.55,
      2.85,
      0.0
    ],
    [
      2.7,
      2.7,
      0.0
    ],
    [
      2.85,
      2.55,
      0.0
    ],
    [
      3.0,
      2.4,
      0.0
    ],
    [
      3.0,
      2.25,
      0.0
    ],
    [
      3.0,
      2.1,
      0.0
    ],
    [
      3.0,
      1.95,
      0.0
    ],
    [
      3.0,
      1.8,
      0.0
    ],
    [
      3.15,
      1.65,
      0.0
    ],
    [
      3.3,
      1.5,
      0.0
    ],
    [
      3.45,
      1.35,
      0.0
    ],
    [
      3.45,
      1.2,
      0.0
    ],
    [
      3.45,
      1.05,
      0.0
    ],
    [
      3.5175200705562197,
      0.8553193806010004,
      0.0
    ]
  ]
}