{
  "algorithm": "semantic_dstar_lite",
  "scene_file": "/Users/ishita/Documents/GitHub/BEACON-semantics/data/complex/scenes/collision_required_003.json",
  "scene_family": "collision_required",
  "workspace": [
    0,
    6,
    0,
    6
  ],
  "start": [
    0.8863602167978528,
    0.926734781879686,
    0.0
  ],
  "goal": [
    0.670742169289606,
    5.112569597675548,
    0.0
  ],
  "success": true,
  "summary": {
    "success": true,
    "algorithm": "semantic_dstar_lite",
    "grid_start": [
      6,
      6
    ],
    "grid_goal": [
      4,
      34
    ],
    "num_waypoints": 29,
    "path_length": 4.4498,
    "lambda_occ": 5.0,
    "lambda_sem": 2.5,
    "step": 0.15,
    "robot_radius": 0.12
  },
  "planner_config": {
    "step": 0.15,
    "robot_radius": 0.12,
    "lambda_occ": 5.0,
    "lambda_sem": 2.5,
    "step_duration": 1.0,
    "dynamic_decay": 2.5
  },
  "path": [
    [
      0.8863602167978528,
      0.926734781879686,
      0.0
    ],
    [
      0.9,
      1.05,
      0.0
    ],
    [
      0.9,
      1.2,
      0.0
    ],
    [
      0.9,
      1.35,
      0.0
    ],
    [
      0.9,
      1.5,
      0.0
    ],
    [
      0.9,
      1.65,
      0.0
    ],
    [
      0.9,
      1.8,
      0.0
    ],
    [
      0.9,
      1.95,
      0.0
    ],
    [
      0.9,
      2.1,
      0.0
    ],
    [
      0.9,
      2.25,
      0.0
    ],
    [
      0.9,
      2.4,
      0.0
    ],
    [
      0.9,
      2.55,
      0.0
    ],
    [
      1.05,
      2.7,
      0.0
    ],
    [
      0.9,
      2.85,
      0.0
    ],
    [
      0.9,
      3.0,
      0.0
    ],
    [
      0.9,
      3.15,
      0.0
    ],
    [
      0.9,
      3.3,
      0.0
    ],
    [
      0.9,
      3.45,
      0.0
    ],
    [
      0.9,
      3.6,
      0.0
    ],
    [
      0.9,
      3.75,
      0.0
    ],
    [
      0.9,
      3.9,
      0.0
    ],
    [
      0.75,
      4.05,
      0.0
    ],
    [
      0.6,
      4.2,
      0.0
    ],
    [
      0.6,
      4.35,
      0.0
    ],
    [
      0.6,
      4.5,
      0.0
    ],
    [
      0.6,
      4.65,
      0.0
    ],
    [
      0.6,
      4.8,
      0.0
    ],
    [
      0.6,
      4.95,
      0.0
    ],
    [
      0.670742169289606,
      5.112569597675548,
      0.0
    ]
  ]
}