{
  "algorithm": "semantic_dstar_lite",
  "scene_file": "/Users/ishita/Documents/GitHub/BEACON-semantics/data/complex/scenes/collision_required_055.json",
  "scene_family": "collision_required",
  "workspace": [
    0,
    6,
    0,
    6
  ],
  "start": [
    0.6323157282852552,
    0.9606182885922165,
    0.0
  ],
  "goal": [
    5.31442788529215,
    4.9545409260590665,
    0.0
  ],
  "success": true,
  "summary": {
    "success": true,
    "algorithm": "semantic_dstar_lite",
    "grid_start": [
      4,
      6
    ],
    "grid_goal": [
      35,
      33
    ],
    "num_waypoints": 32,
    "path_length": 6.3154,
    "lambda_occ": 5.0,
    "lambda_sem": 2.5,
    "step": 0.15,
    "robot_radius": 0.12
  },
  "planner_config": {
    "step": 0.15,
    "robot_radius": 0.12,
    "lambda_occ": 5.0,
    "lambda_sem": 2.5,
    "step_duration": 1.0,
    "dynamic_decay": 2.5
  },
  "path": [
    [
      0.6323157282852552,
      0.9606182885922165,
      0.0
    ],
    [
      0.75,
      1.05,
      0.0
    ],
    [
      0.9,
      1.05,
      0.0
    ],
    [
      1.05,
      1.05,
      0.0
    ],
    [
      1.2,
      1.05,
      0.0
    ],
    [
      1.35,
      1.2,
      0.0
    ],
    [
      1.5,
      1.35,
      0.0
    ],
    [
      1.65,
      1.5,
      0.0
    ],
    [
      1.8,
      1.65,
      0.0
    ],
    [
      1.95,
      1.8,
      0.0
    ],
    [
      2.1,
      1.95,
      0.0
    ],
    [
      2.25,
      2.1,
      0.0
    ],
    [
      2.4,
      2.25,
      0.0
    ],
    [
      2.55,
      2.4,
      0.0
    ],
    [
      2.7,
      2.55,
      0.0
    ],
    [
      2.85,
      2.7,
      0.0
    ],
    [
      3.0,
      2.85,
      0.0
    ],
    [
      3.15,
      2.85,
      0.0
    ],
    [
      3.3,
      3.0,
      0.0
    ],
    [
      3.45,
      3.15,
      0.0
    ],
    [
      3.6,
      3.3,
      0.0
    ],
    [
      3.75,
      3.45,
      0.0
    ],
    [
      3.9,
      3.6,
      0.0
    ],
    [
      4.05,
      3.75,
      0.0
    ],
    [
      4.2,
      3.9,
      0.0
    ],
    [
      4.35,
      4.05,
      0.0
    ],
    [
      4.5,
      4.2,
      0.0
    ],
    [
      4.65,
      4.35,
      0.0
    ],
    [
      4.8,
      4.5,
      0.0
    ],
    [
      4.95,
      4.65,
      0.0
    ],
    [
      5.1,
      4.8,
      0.0
    ],
    [
      5.31442788529215,
      4.9545409260590665,
      0.0
    ]
  ]
}