{
  "algorithm": "semantic_dstar_lite",
  "scene_file": "/Users/ishita/Documents/GitHub/BEACON-semantics/data/complex/scenes/collision_required_074.json",
  "scene_family": "collision_required",
  "workspace": [
    0,
    6,
    0,
    6
  ],
  "start": [
    4.501732307810238,
    0.5802344290340016,
    0.0
  ],
  "goal": [
    4.295886208416259,
    4.838644646107117,
    0.0
  ],
  "success": true,
  "summary": {
    "success": true,
    "algorithm": "semantic_dstar_lite",
    "grid_start": [
      30,
      4
    ],
    "grid_goal": [
      29,
      32
    ],
    "num_waypoints": 29,
    "path_length": 4.821,
    "lambda_occ": 5.0,
    "lambda_sem": 2.5,
    "step": 0.15,
    "robot_radius": 0.12
  },
  "planner_config": {
    "step": 0.15,
    "robot_radius": 0.12,
    "lambda_occ": 5.0,
    "lambda_sem": 2.5,
    "step_duration": 1.0,
    "dynamic_decay": 2.5
  },
  "path": [
    [
      4.501732307810238,
      0.5802344290340016,
      0.0
    ],
    [
      4.35,
      0.75,
      0.0
    ],
    [
      4.35,
      0.9,
      0.0
    ],
    [
      4.35,
      1.05,
      0.0
    ],
    [
      4.35,
      1.2,
      0.0
    ],
    [
      4.35,
      1.35,
      0.0
    ],
    [
      4.2,
      1.5,
      0.0
    ],
    [
      4.2,
      1.65,
      0.0
    ],
    [
      4.2,
      1.8,
      0.0
    ],
    [
      4.05,
      1.95,
      0.0
    ],
    [
      4.2,
      2.1,
      0.0
    ],
    [
      4.35,
      2.25,
      0.0
    ],
    [
      4.5,
      2.4,
      0.0
    ],
    [
      4.65,
      2.55,
      0.0
    ],
    [
      4.65,
      2.7,
      0.0
    ],
    [
      4.65,
      2.85,
      0.0
    ],
    [
      4.65,
      3.0,
      0.0
    ],
    [
      4.65,
      3.15,
      0.0
    ],
    [
      4.65,
      3.3,
      0.0
    ],
    [
      4.65,
      3.45,
      0.0
    ],
    [
      4.65,
      3.6,
      0.0
    ],
    [
      4.5,
      3.75,
      0.0
    ],
    [
      4.35,
      3.9,
      0.0
    ],
    [
      4.35,
      4.05,
      0.0
    ],
    [
      4.35,
      4.2,
      0.0
    ],
    [
      4.35,
      4.35,
      0.0
    ],
    [
      4.35,
      4.5,
      0.0
    ],
    [
      4.35,
      4.65,
      0.0
    ],
    [
      4.295886208416259,
      4.838644646107117,
      0.0
    ]
  ]
}