{
  "algorithm": "semantic_dstar_lite",
  "scene_file": "/Users/ishita/Documents/GitHub/BEACON-semantics/data/complex/scenes/collision_required_085.json",
  "scene_family": "collision_required",
  "workspace": [
    0,
    6,
    0,
    6
  ],
  "start": [
    1.0484692096061463,
    4.55882969176282,
    0.0
  ],
  "goal": [
    5.47512022183664,
    1.2472672809717282,
    0.0
  ],
  "success": true,
  "summary": {
    "success": true,
    "algorithm": "semantic_dstar_lite",
    "grid_start": [
      7,
      30
    ],
    "grid_goal": [
      37,
      8
    ],
    "num_waypoints": 31,
    "path_length": 5.8515,
    "lambda_occ": 5.0,
    "lambda_sem": 2.5,
    "step": 0.15,
    "robot_radius": 0.12
  },
  "planner_config": {
    "step": 0.15,
    "robot_radius": 0.12,
    "lambda_occ": 5.0,
    "lambda_sem": 2.5,
    "step_duration": 1.0,
    "dynamic_decay": 2.5
  },
  "path": [
    [
      1.0484692096061463,
      4.55882969176282,
      0.0
    ],
    [
      1.2,
      4.35,
      0.0
    ],
    [
      1.35,
      4.35,
      0.0
    ],
    [
      1.5,
      4.35,
      0.0
    ],
    [
      1.65,
      4.35,
      0.0
    ],
    [
      1.8,
      4.35,
      0.0
    ],
    [
      1.95,
      4.2,
      0.0
    ],
    [
      2.1,
      4.05,
      0.0
    ],
    [
      2.25,
      3.9,
      0.0
    ],
    [
      2.4,
      3.75,
      0.0
    ],
    [
      2.55,
      3.6,
      0.0
    ],
    [
      2.7,
      3.45,
      0.0
    ],
    [
      2.85,
      3.3,
      0.0
    ],
    [
      3.0,
      3.15,
      0.0
    ],
    [
      3.15,
      3.15,
      0.0
    ],
    [
      3.3,
      3.0,
      0.0
    ],
    [
      3.45,
      3.0,
      0.0
    ],
    [
      3.6,
      2.85,
      0.0
    ],
    [
      3.75,
      2.7,
      0.0
    ],
    [
      3.9,
      2.55,
      0.0
    ],
    [
      4.05,
      2.4,
      0.0
    ],
    [
      4.2,
      2.25,
      0.0
    ],
    [
      4.35,
      2.1,
      0.0
    ],
    [
      4.5,
      1.95,
      0.0
    ],
    [
      4.65,
      1.8,
      0.0
    ],
    [
      4.8,
      1.65,
      0.0
    ],
    [
      4.95,
      1.5,
      0.0
    ],
    [
      5.1,
      1.35,
      0.0
    ],
    [
      5.25,
      1.2,
      0.0
    ],
    [
      5.4,
      1.2,
      0.0
    ],
    [
      5.47512022183664,
      1.2472672809717282,
      0.0
    ]
  ]
}