{
  "algorithm": "semantic_dstar_lite",
  "scene_file": "/Users/ishita/Documents/GitHub/BEACON-semantics/data/complex/scenes/collision_required_008.json",
  "scene_family": "collision_required",
  "workspace": [
    0,
    6,
    0,
    6
  ],
  "start": [
    2.827878225976776,
    5.359045580014839,
    0.0
  ],
  "goal": [
    1.4175409407668746,
    0.8602103763203075,
    0.0
  ],
  "success": true,
  "summary": {
    "success": true,
    "algorithm": "semantic_dstar_lite",
    "grid_start": [
      19,
      36
    ],
    "grid_goal": [
      9,
      6
    ],
    "num_waypoints": 31,
    "path_length": 5.3772,
    "lambda_occ": 5.0,
    "lambda_sem": 2.5,
    "step": 0.15,
    "robot_radius": 0.12
  },
  "planner_config": {
    "step": 0.15,
    "robot_radius": 0.12,
    "lambda_occ": 5.0,
    "lambda_sem": 2.5,
    "step_duration": 1.0,
    "dynamic_decay": 2.5
  },
  "path": [
    [
      2.827878225976776,
      5.359045580014839,
      0.0
    ],
    [
      2.7,
      5.25,
      0.0
    ],
    [
      2.7,
      5.1,
      0.0
    ],
    [
      2.55,
      4.95,
      0.0
    ],
    [
      2.55,
      4.8,
      0.0
    ],
    [
      2.55,
      4.65,
      0.0
    ],
    [
      2.55,
      4.5,
      0.0
    ],
    [
      2.55,
      4.35,
      0.0
    ],
    [
      2.55,
      4.2,
      0.0
    ],
    [
      2.7,
      4.05,
      0.0
    ],
    [
      2.85,
      3.9,
      0.0
    ],
    [
      2.7,
      3.75,
      0.0
    ],
    [
      2.55,
      3.6,
      0.0
    ],
    [
      2.4,
      3.45,
      0.0
    ],
    [
      2.25,
      3.3,
      0.0
    ],
    [
      2.25,
      3.15,
      0.0
    ],
    [
      2.25,
      3.0,
      0.0
    ],
    [
      2.25,
      2.85,
      0.0
    ],
    [
      2.25,
      2.7,
      0.0
    ],
    [
      2.25,
      2.55,
      0.0
    ],
    [
      2.25,
      2.4,
      0.0
    ],
    [
      2.25,
      2.25,
      0.0
    ],
    [
      2.1,
      2.1,
      0.0
    ],
    [
      1.95,
      1.95,
      0.0
    ],
    [
      1.8,
      1.8,
      0.0
    ],
    [
      1.65,
      1.65,
      0.0
    ],
    [
      1.5,
      1.5,
      0.0
    ],
    [
      1.5,
      1.35,
      0.0
    ],
    [
      1.35,
      1.2,
      0.0
    ],
    [
      1.35,
      1.05,
      0.0
    ],
    [
      1.4175409407668746,
      0.8602103763203075,
      0.0
    ]
  ]
}