{
  "algorithm": "semantic_dstar_lite",
  "scene_file": "/Users/ishita/Documents/GitHub/BEACON-semantics/data/complex/scenes/collision_required_079.json",
  "scene_family": "collision_required",
  "workspace": [
    0,
    6,
    0,
    6
  ],
  "start": [
    4.405095438444616,
    5.224446266884587,
    0.0
  ],
  "goal": [
    0.600687460569089,
    0.8283437326073522,
    0.0
  ],
  "success": true,
  "summary": {
    "success": true,
    "algorithm": "semantic_dstar_lite",
    "grid_start": [
      29,
      35
    ],
    "grid_goal": [
      4,
      6
    ],
    "num_waypoints": 32,
    "path_length": 6.1224,
    "lambda_occ": 5.0,
    "lambda_sem": 2.5,
    "step": 0.15,
    "robot_radius": 0.12
  },
  "planner_config": {
    "step": 0.15,
    "robot_radius": 0.12,
    "lambda_occ": 5.0,
    "lambda_sem": 2.5,
    "step_duration": 1.0,
    "dynamic_decay": 2.5
  },
  "path": [
    [
      4.405095438444616,
      5.224446266884587,
      0.0
    ],
    [
      4.2,
      5.1,
      0.0
    ],
    [
      4.05,
      5.1,
      0.0
    ],
    [
      3.9,
      4.95,
      0.0
    ],
    [
      3.75,
      4.8,
      0.0
    ],
    [
      3.6,
      4.65,
      0.0
    ],
    [
      3.45,
      4.5,
      0.0
    ],
    [
      3.3,
      4.35,
      0.0
    ],
    [
      3.15,
      4.2,
      0.0
    ],
    [
      3.0,
      4.05,
      0.0
    ],
    [
      2.85,
      3.9,
      0.0
    ],
    [
      2.85,
      3.75,
      0.0
    ],
    [
      2.85,
      3.6,
      0.0
    ],
    [
      2.85,
      3.45,
      0.0
    ],
    [
      2.85,
      3.3,
      0.0
    ],
    [
      2.85,
      3.15,
      0.0
    ],
    [
      2.7,
      3.0,
      0.0
    ],
    [
      2.7,
      2.85,
      0.0
    ],
    [
      2.55,
      2.7,
      0.0
    ],
    [
      2.4,
      2.55,
      0.0
    ],
    [
      2.25,
      2.4,
      0.0
    ],
    [
      2.1,
      2.25,
      0.0
    ],
    [
      1.95,
      2.1,
      0.0
    ],
    [
      1.8,
      1.95,
      0.0
    ],
    [
      1.65,
      1.8,
      0.0
    ],
    [
      1.5,
      1.65,
      0.0
    ],
    [
      1.35,
      1.5,
      0.0
    ],
    [
      1.2,
      1.35,
      0.0
    ],
    [
      1.05,
      1.2,
      0.0
    ],
    [
      0.9,
      1.05,
      0.0
    ],
    [
      0.75,
      0.9,
      0.0
    ],
    [
      0.600687460569089,
      0.8283437326073522,
      0.0
    ]
  ]
}