{
  "algorithm": "semantic_dstar_lite",
  "scene_file": "/Users/ishita/Documents/GitHub/BEACON-semantics/data/complex/scenes/collision_required_030.json",
  "scene_family": "collision_required",
  "workspace": [
    0,
    6,
    0,
    6
  ],
  "start": [
    1.302862057656075,
    3.7788490900567435,
    0.0
  ],
  "goal": [
    5.034807207547216,
    0.9764012287745487,
    0.0
  ],
  "success": true,
  "summary": {
    "success": true,
    "algorithm": "semantic_dstar_lite",
    "grid_start": [
      9,
      25
    ],
    "grid_goal": [
      34,
      7
    ],
    "num_waypoints": 26,
    "path_length": 4.8847,
    "lambda_occ": 5.0,
    "lambda_sem": 2.5,
    "step": 0.15,
    "robot_radius": 0.12
  },
  "planner_config": {
    "step": 0.15,
    "robot_radius": 0.12,
    "lambda_occ": 5.0,
    "lambda_sem": 2.5,
    "step_duration": 1.0,
    "dynamic_decay": 2.5
  },
  "path": [
    [
      1.302862057656075,
      3.7788490900567435,
      0.0
    ],
    [
      1.5,
      3.6,
      0.0
    ],
    [
      1.65,
      3.45,
      0.0
    ],
    [
      1.8,
      3.3,
      0.0
    ],
    [
      1.95,
      3.15,
      0.0
    ],
    [
      2.1,
      3.0,
      0.0
    ],
    [
      2.25,
      2.85,
      0.0
    ],
    [
      2.4,
      2.7,
      0.0
    ],
    [
      2.55,
      2.55,
      0.0
    ],
    [
      2.7,
      2.4,
      0.0
    ],
    [
      2.85,
      2.25,
      0.0
    ],
    [
      3.0,
      2.1,
      0.0
    ],
    [
      3.15,
      1.95,
      0.0
    ],
    [
      3.3,
      1.8,
      0.0
    ],
    [
      3.45,
      1.65,
      0.0
    ],
    [
      3.6,
      1.5,
      0.0
    ],
    [
      3.75,
      1.5,
      0.0
    ],
    [
      3.9,
      1.5,
      0.0
    ],
    [
      4.05,
      1.5,
      0.0
    ],
    [
      4.2,
      1.5,
      0.0
    ],
    [
      4.35,
      1.35,
      0.0
    ],
    [
      4.5,
      1.2,
      0.0
    ],
    [
      4.65,
      1.05,
      0.0
    ],
    [
      4.8,
      1.05,
      0.0
    ],
    [
      4.95,
      1.05,
      0.0
    ],
    [
      5.034807207547216,
      0.9764012287745487,
      0.0
    ]
  ]
}