{
  "algorithm": "semantic_dstar_lite",
  "scene_file": "/Users/ishita/Documents/GitHub/BEACON-semantics/data/complex/scenes/collision_required_039.json",
  "scene_family": "collision_required",
  "workspace": [
    0,
    6,
    0,
    6
  ],
  "start": [
    4.396155789448259,
    4.00270402480405,
    0.0
  ],
  "goal": [
    1.6566135933770563,
    0.536551306494836,
    0.0
  ],
  "success": true,
  "summary": {
    "success": true,
    "algorithm": "semantic_dstar_lite",
    "grid_start": [
      29,
      27
    ],
    "grid_goal": [
      11,
      4
    ],
    "num_waypoints": 24,
    "path_length": 4.6412,
    "lambda_occ": 5.0,
    "lambda_sem": 2.5,
    "step": 0.15,
    "robot_radius": 0.12
  },
  "planner_config": {
    "step": 0.15,
    "robot_radius": 0.12,
    "lambda_occ": 5.0,
    "lambda_sem": 2.5,
    "step_duration": 1.0,
    "dynamic_decay": 2.5
  },
  "path": [
    [
      4.396155789448259,
      4.00270402480405,
      0.0
    ],
    [
      4.2,
      3.9,
      0.0
    ],
    [
      4.05,
      3.75,
      0.0
    ],
    [
      3.9,
      3.6,
      0.0
    ],
    [
      3.75,
      3.45,
      0.0
    ],
    [
      3.6,
      3.3,
      0.0
    ],
    [
      3.45,
      3.15,
      0.0
    ],
    [
      3.3,
      3.0,
      0.0
    ],
    [
      3.15,
      2.85,
      0.0
    ],
    [
      3.0,
      2.7,
      0.0
    ],
    [
      2.85,
      2.55,
      0.0
    ],
    [
      2.7,
      2.4,
      0.0
    ],
    [
      2.55,
      2.25,
      0.0
    ],
    [
      2.4,
      2.1,
      0.0
    ],
    [
      2.25,
      1.95,
      0.0
    ],
    [
      2.1,
      1.8,
      0.0
    ],
    [
      2.1,
      1.65,
      0.0
    ],
    [
      2.1,
      1.5,
      0.0
    ],
    [
      1.95,
      1.35,
      0.0
    ],
    [
      1.8,
      1.2,
      0.0
    ],
    [
      1.65,
      1.05,
      0.0
    ],
    [
      1.65,
      0.9,
      0.0
    ],
    [
      1.65,
      0.75,
      0.0
    ],
    [
      1.6566135933770563,
      0.536551306494836,
      0.0
    ]
  ]
}