{
  "algorithm": "semantic_dstar_lite",
  "scene_file": "/Users/ishita/Documents/GitHub/BEACON-semantics/data/complex/scenes/collision_required_044.json",
  "scene_family": "collision_required",
  "workspace": [
    0,
    6,
    0,
    6
  ],
  "start": [
    5.386187603239434,
    3.5347690117080486,
    0.0
  ],
  "goal": [
    1.2022126034863616,
    5.247687496829391,
    0.0
  ],
  "success": true,
  "summary": {
    "success": true,
    "algorithm": "semantic_dstar_lite",
    "grid_start": [
      36,
      24
    ],
    "grid_goal": [
      8,
      35
    ],
    "num_waypoints": 29,
    "path_length": 4.9238,
    "lambda_occ": 5.0,
    "lambda_sem": 2.5,
    "step": 0.15,
    "robot_radius": 0.12
  },
  "planner_config": {
    "step": 0.15,
    "robot_radius": 0.12,
    "lambda_occ": 5.0,
    "lambda_sem": 2.5,
    "step_duration": 1.0,
    "dynamic_decay": 2.5
  },
  "path": [
    [
      5.386187603239434,
      3.5347690117080486,
      0.0
    ],
    [
      5.25,
      3.75,
      0.0
    ],
    [
      5.1,
      3.9,
      0.0
    ],
    [
      4.95,
      4.05,
      0.0
    ],
    [
      4.8,
      4.2,
      0.0
    ],
    [
      4.65,
      4.35,
      0.0
    ],
    [
      4.5,
      4.5,
      0.0
    ],
    [
      4.35,
      4.65,
      0.0
    ],
    [
      4.2,
      4.8,
      0.0
    ],
    [
      4.05,
      4.8,
      0.0
    ],
    [
      3.9,
      4.8,
      0.0
    ],
    [
      3.75,
      4.8,
      0.0
    ],
    [
      3.6,
      4.8,
      0.0
    ],
    [
      3.45,
      4.95,
      0.0
    ],
    [
      3.3,
      4.95,
      0.0
    ],
    [
      3.15,
      4.95,
      0.0
    ],
    [
      3.0,
      4.95,
      0.0
    ],
    [
      2.85,
      4.95,
      0.0
    ],
    [
      2.7,
      4.95,
      0.0
    ],
    [
      2.55,
      4.95,
      0.0
    ],
    [
      2.4,
      4.95,
      0.0
    ],
    [
      2.25,
      5.1,
      0.0
    ],
    [
      2.1,
      5.25,
      0.0
    ],
    [
      1.95,
      5.25,
      0.0
    ],
    [
      1.8,
      5.25,
      0.0
    ],
    [
      1.65,
      5.25,
      0.0
    ],
    [
      1.5,
      5.25,
      0.0
    ],
    [
      1.35,
      5.25,
      0.0
    ],
    [
      1.2022126034863616,
      5.247687496829391,
      0.0
    ]
  ]
}