{
  "algorithm": "semantic_dstar_lite",
  "scene_file": "/Users/ishita/Documents/GitHub/BEACON-semantics/data/complex/scenes/collision_required_099.json",
  "scene_family": "collision_required",
  "workspace": [
    0,
    6,
    0,
    6
  ],
  "start": [
    0.7489070572871109,
    4.672236447071816,
    0.0
  ],
  "goal": [
    4.919429132237489,
    1.734465121047501,
    0.0
  ],
  "success": true,
  "summary": {
    "success": true,
    "algorithm": "semantic_dstar_lite",
    "grid_start": [
      5,
      31
    ],
    "grid_goal": [
      33,
      12
    ],
    "num_waypoints": 29,
    "path_length": 5.3837,
    "lambda_occ": 5.0,
    "lambda_sem": 2.5,
    "step": 0.15,
    "robot_radius": 0.12
  },
  "planner_config": {
    "step": 0.15,
    "robot_radius": 0.12,
    "lambda_occ": 5.0,
    "lambda_sem": 2.5,
    "step_duration": 1.0,
    "dynamic_decay": 2.5
  },
  "path": [
    [
      0.7489070572871109,
      4.672236447071816,
      0.0
    ],
    [
      0.9,
      4.5,
      0.0
    ],
    [
      1.05,
      4.5,
      0.0
    ],
    [
      1.2,
      4.5,
      0.0
    ],
    [
      1.35,
      4.35,
      0.0
    ],
    [
      1.5,
      4.2,
      0.0
    ],
    [
      1.65,
      4.05,
      0.0
    ],
    [
      1.8,
      3.9,
      0.0
    ],
    [
      1.95,
      3.75,
      0.0
    ],
    [
      2.1,
      3.6,
      0.0
    ],
    [
      2.25,
      3.45,
      0.0
    ],
    [
      2.4,
      3.3,
      0.0
    ],
    [
      2.55,
      3.15,
      0.0
    ],
    [
      2.7,
      3.0,
      0.0
    ],
    [
      2.85,
      2.85,
      0.0
    ],
    [
      3.0,
      2.85,
      0.0
    ],
    [
      3.15,
      2.85,
      0.0
    ],
    [
      3.3,
      2.7,
      0.0
    ],
    [
      3.45,
      2.55,
      0.0
    ],
    [
      3.6,
      2.4,
      0.0
    ],
    [
      3.75,
      2.25,
      0.0
    ],
    [
      3.9,
      2.25,
      0.0
    ],
    [
      4.05,
      2.25,
      0.0
    ],
    [
      4.2,
      2.1,
      0.0
    ],
    [
      4.35,
      1.95,
      0.0
    ],
    [
      4.5,
      1.8,
      0.0
    ],
    [
      4.65,
      1.8,
      0.0
    ],
    [
      4.8,
      1.8,
      0.0
    ],
    [
      4.919429132237489,
      1.734465121047501,
      0.0
    ]
  ]
}