{
  "algorithm": "semantic_dstar_lite",
  "scene_file": "/Users/ishita/Documents/GitHub/BEACON-semantics/data/complex/scenes/collision_required_088.json",
  "scene_family": "collision_required",
  "workspace": [
    0,
    6,
    0,
    6
  ],
  "start": [
    5.0483021708449,
    2.8199605804201617,
    0.0
  ],
  "goal": [
    0.6908527702848524,
    2.8750730424091513,
    0.0
  ],
  "success": true,
  "summary": {
    "success": true,
    "algorithm": "semantic_dstar_lite",
    "grid_start": [
      34,
      19
    ],
    "grid_goal": [
      5,
      19
    ],
    "num_waypoints": 30,
    "path_length": 4.7362,
    "lambda_occ": 5.0,
    "lambda_sem": 2.5,
    "step": 0.15,
    "robot_radius": 0.12
  },
  "planner_config": {
    "step": 0.15,
    "robot_radius": 0.12,
    "lambda_occ": 5.0,
    "lambda_sem": 2.5,
    "step_duration": 1.0,
    "dynamic_decay": 2.5
  },
  "path": [
    [
      5.0483021708449,
      2.8199605804201617,
      0.0
    ],
    [
      4.95,
      2.85,
      0.0
    ],
    [
      4.8,
      2.85,
      0.0
    ],
    [
      4.65,
      2.85,
      0.0
    ],
    [
      4.5,
      2.85,
      0.0
    ],
    [
      4.35,
      3.0,
      0.0
    ],
    [
      4.2,
      3.0,
      0.0
    ],
    [
      4.05,
      3.15,
      0.0
    ],
    [
      3.9,
      3.0,
      0.0
    ],
    [
      3.75,
      2.85,
      0.0
    ],
    [
      3.6,
      2.85,
      0.0
    ],
    [
      3.45,
      2.85,
      0.0
    ],
    [
      3.3,
      2.85,
      0.0
    ],
    [
      3.15,
      2.7,
      0.0
    ],
    [
      3.0,
      2.7,
      0.0
    ],
    [
      2.85,
      2.7,
      0.0
    ],
    [
      2.7,
      2.7,
      0.0
    ],
    [
      2.55,
      2.85,
      0.0
    ],
    [
      2.4,
      2.85,
      0.0
    ],
    [
      2.25,
      2.85,
      0.0
    ],
    [
      2.1,
      2.85,
      0.0
    ],
    [
      1.95,
      2.85,
      0.0
    ],
    [
      1.8,
      2.85,
      0.0
    ],
    [
      1.65,
      2.85,
      0.0
    ],
    [
      1.5,
      2.85,
      0.0
    ],
    [
      1.35,
      2.85,
      0.0
    ],
    [
      1.2,
      2.85,
      0.0
    ],
    [
      1.05,
      2.85,
      0.0
    ],
    [
      0.9,
      2.85,
      0.0
    ],
    [
      0.6908527702848524,
      2.8750730424091513,
      0.0
    ]
  ]
}