{
  "algorithm": "semantic_dstar_lite",
  "scene_file": "/Users/ishita/Documents/GitHub/BEACON-semantics/data/complex/scenes/collision_required_081.json",
  "scene_family": "collision_required",
  "workspace": [
    0,
    6,
    0,
    6
  ],
  "start": [
    3.9411568069819856,
    0.8759518498373509,
    0.0
  ],
  "goal": [
    4.166928995120427,
    5.548680389904285,
    0.0
  ],
  "success": true,
  "summary": {
    "success": true,
    "algorithm": "semantic_dstar_lite",
    "grid_start": [
      26,
      6
    ],
    "grid_goal": [
      28,
      37
    ],
    "num_waypoints": 32,
    "path_length": 4.9472,
    "lambda_occ": 5.0,
    "lambda_sem": 2.5,
    "step": 0.15,
    "robot_radius": 0.12
  },
  "planner_config": {
    "step": 0.15,
    "robot_radius": 0.12,
    "lambda_occ": 5.0,
    "lambda_sem": 2.5,
    "step_duration": 1.0,
    "dynamic_decay": 2.5
  },
  "path": [
    [
      3.9411568069819856,
      0.8759518498373509,
      0.0
    ],
    [
      3.75,
      1.05,
      0.0
    ],
    [
      3.75,
      1.2,
      0.0
    ],
    [
      3.75,
      1.35,
      0.0
    ],
    [
      3.75,
      1.5,
      0.0
    ],
    [
      3.75,
      1.65,
      0.0
    ],
    [
      3.75,
      1.8,
      0.0
    ],
    [
      3.75,
      1.95,
      0.0
    ],
    [
      3.75,
      2.1,
      0.0
    ],
    [
      3.75,
      2.25,
      0.0
    ],
    [
      3.75,
      2.4,
      0.0
    ],
    [
      3.75,
      2.55,
      0.0
    ],
    [
      3.75,
      2.7,
      0.0
    ],
    [
      3.75,
      2.85,
      0.0
    ],
    [
      3.75,
      3.0,
      0.0
    ],
    [
      3.75,
      3.15,
      0.0
    ],
    [
      3.9,
      3.3,
      0.0
    ],
    [
      3.9,
      3.45,
      0.0
    ],
    [
      3.9,
      3.6,
      0.0
    ],
    [
      3.9,
      3.75,
      0.0
    ],
    [
      3.9,
      3.9,
      0.0
    ],
    [
      3.9,
      4.05,
      0.0
    ],
    [
      3.9,
      4.2,
      0.0
    ],
    [
      3.9,
      4.35,
      0.0
    ],
    [
      4.05,
      4.5,
      0.0
    ],
    [
      4.2,
      4.65,
      0.0
    ],
    [
      4.2,
      4.8,
      0.0
    ],
    [
      4.2,
      4.95,
      0.0
    ],
    [
      4.2,
      5.1,
      0.0
    ],
    [
      4.2,
      5.25,
      0.0
    ],
    [
      4.2,
      5.4,
      0.0
    ],
    [
      4.166928995120427,
      5.548680389904285,
      0.0
    ]
  ]
}