{
  "algorithm": "semantic_dstar_lite",
  "scene_file": "/Users/ishita/Documents/GitHub/BEACON-semantics/data/complex/scenes/collision_required_082.json",
  "scene_family": "collision_required",
  "workspace": [
    0,
    6,
    0,
    6
  ],
  "start": [
    5.466714359537583,
    5.234034657056577,
    0.0
  ],
  "goal": [
    2.233142428995915,
    2.7568136291204177,
    0.0
  ],
  "success": true,
  "summary": {
    "success": true,
    "algorithm": "semantic_dstar_lite",
    "grid_start": [
      36,
      35
    ],
    "grid_goal": [
      15,
      18
    ],
    "num_waypoints": 22,
    "path_length": 4.2752,
    "lambda_occ": 5.0,
    "lambda_sem": 2.5,
    "step": 0.15,
    "robot_radius": 0.12
  },
  "planner_config": {
    "step": 0.15,
    "robot_radius": 0.12,
    "lambda_occ": 5.0,
    "lambda_sem": 2.5,
    "step_duration": 1.0,
    "dynamic_decay": 2.5
  },
  "path": [
    [
      5.466714359537583,
      5.234034657056577,
      0.0
    ],
    [
      5.25,
      5.1,
      0.0
    ],
    [
      5.1,
      4.95,
      0.0
    ],
    [
      4.95,
      4.8,
      0.0
    ],
    [
      4.8,
      4.65,
      0.0
    ],
    [
      4.65,
      4.5,
      0.0
    ],
    [
      4.5,
      4.35,
      0.0
    ],
    [
      4.35,
      4.35,
      0.0
    ],
    [
      4.2,
      4.35,
      0.0
    ],
    [
      4.05,
      4.35,
      0.0
    ],
    [
      3.9,
      4.2,
      0.0
    ],
    [
      3.75,
      4.05,
      0.0
    ],
    [
      3.6,
      3.9,
      0.0
    ],
    [
      3.45,
      3.75,
      0.0
    ],
    [
      3.3,
      3.6,
      0.0
    ],
    [
      3.15,
      3.45,
      0.0
    ],
    [
      3.0,
      3.3,
      0.0
    ],
    [
      2.85,
      3.15,
      0.0
    ],
    [
      2.7,
      3.0,
      0.0
    ],
    [
      2.55,
      2.85,
      0.0
    ],
    [
      2.4,
      2.7,
      0.0
    ],
    [
      2.233142428995915,
      2.7568136291204177,
      0.0
    ]
  ]
}