{
  "algorithm": "semantic_dstar_lite",
  "scene_file": "/Users/ishita/Documents/GitHub/BEACON-semantics/data/complex/scenes/collision_required_010.json",
  "scene_family": "collision_required",
  "workspace": [
    0,
    6,
    0,
    6
  ],
  "start": [
    4.037220481255657,
    0.8109907476234224,
    0.0
  ],
  "goal": [
    0.47403300333593024,
    3.2931750646725813,
    0.0
  ],
  "success": true,
  "summary": {
    "success": true,
    "algorithm": "semantic_dstar_lite",
    "grid_start": [
      27,
      5
    ],
    "grid_goal": [
      3,
      22
    ],
    "num_waypoints": 25,
    "path_length": 4.5838,
    "lambda_occ": 5.0,
    "lambda_sem": 2.5,
    "step": 0.15,
    "robot_radius": 0.12
  },
  "planner_config": {
    "step": 0.15,
    "robot_radius": 0.12,
    "lambda_occ": 5.0,
    "lambda_sem": 2.5,
    "step_duration": 1.0,
    "dynamic_decay": 2.5
  },
  "path": [
    [
      4.037220481255657,
      0.8109907476234224,
      0.0
    ],
    [
      3.9,
      0.9,
      0.0
    ],
    [
      3.75,
      1.05,
      0.0
    ],
    [
      3.6,
      1.2,
      0.0
    ],
    [
      3.45,
      1.35,
      0.0
    ],
    [
      3.3,
      1.5,
      0.0
    ],
    [
      3.15,
      1.65,
      0.0
    ],
    [
      3.0,
      1.8,
      0.0
    ],
    [
      2.85,
      1.95,
      0.0
    ],
    [
      2.7,
      2.1,
      0.0
    ],
    [
      2.55,
      2.25,
      0.0
    ],
    [
      2.4,
      2.4,
      0.0
    ],
    [
      2.25,
      2.4,
      0.0
    ],
    [
      2.1,
      2.4,
      0.0
    ],
    [
      1.95,
      2.4,
      0.0
    ],
    [
      1.8,
      2.4,
      0.0
    ],
    [
      1.65,
      2.4,
      0.0
    ],
    [
      1.5,
      2.55,
      0.0
    ],
    [
      1.35,
      2.7,
      0.0
    ],
    [
      1.2,
      2.85,
      0.0
    ],
    [
      1.05,
      3.0,
      0.0
    ],
    [
      0.9,
      3.15,
      0.0
    ],
    [
      0.75,
      3.3,
      0.0
    ],
    [
      0.6,
      3.3,
      0.0
    ],
    [
      0.47403300333593024,
      3.2931750646725813,
      0.0
    ]
  ]
}