{
  "algorithm": "semantic_dstar_lite",
  "scene_file": "/Users/ishita/Documents/GitHub/BEACON-semantics/data/complex/scenes/collision_required_002.json",
  "scene_family": "collision_required",
  "workspace": [
    0,
    6,
    0,
    6
  ],
  "start": [
    2.037423193276422,
    5.492281479311108,
    0.0
  ],
  "goal": [
    5.275200263883373,
    1.668631880571283,
    0.0
  ],
  "success": true,
  "summary": {
    "success": true,
    "algorithm": "semantic_dstar_lite",
    "grid_start": [
      14,
      37
    ],
    "grid_goal": [
      35,
      11
    ],
    "num_waypoints": 28,
    "path_length": 5.296,
    "lambda_occ": 5.0,
    "lambda_sem": 2.5,
    "step": 0.15,
    "robot_radius": 0.12
  },
  "planner_config": {
    "step": 0.15,
    "robot_radius": 0.12,
    "lambda_occ": 5.0,
    "lambda_sem": 2.5,
    "step_duration": 1.0,
    "dynamic_decay": 2.5
  },
  "path": [
    [
      2.037423193276422,
      5.492281479311108,
      0.0
    ],
    [
      2.25,
      5.4,
      0.0
    ],
    [
      2.4,
      5.25,
      0.0
    ],
    [
      2.55,
      5.1,
      0.0
    ],
    [
      2.7,
      4.95,
      0.0
    ],
    [
      2.85,
      4.8,
      0.0
    ],
    [
      3.0,
      4.65,
      0.0
    ],
    [
      3.15,
      4.5,
      0.0
    ],
    [
      3.3,
      4.35,
      0.0
    ],
    [
      3.45,
      4.2,
      0.0
    ],
    [
      3.45,
      4.05,
      0.0
    ],
    [
      3.45,
      3.9,
      0.0
    ],
    [
      3.45,
      3.75,
      0.0
    ],
    [
      3.45,
      3.6,
      0.0
    ],
    [
      3.45,
      3.45,
      0.0
    ],
    [
      3.6,
      3.3,
      0.0
    ],
    [
      3.75,
      3.15,
      0.0
    ],
    [
      3.9,
      3.0,
      0.0
    ],
    [
      4.05,
      2.85,
      0.0
    ],
    [
      4.2,
      2.7,
      0.0
    ],
    [
      4.35,
      2.55,
      0.0
    ],
    [
      4.5,
      2.55,
      0.0
    ],
    [
      4.65,
      2.4,
      0.0
    ],
    [
      4.8,
      2.25,
      0.0
    ],
    [
      4.95,
      2.1,
      0.0
    ],
    [
      5.1,
      1.95,
      0.0
    ],
    [
      5.25,
      1.8,
      0.0
    ],
    [
      5.275200263883373,
      1.668631880571283,
      0.0
    ]
  ]
}