{
  "algorithm": "semantic_dstar_lite",
  "scene_file": "/Users/ishita/Documents/GitHub/BEACON-semantics/data/complex/scenes/collision_required_037.json",
  "scene_family": "collision_required",
  "workspace": [
    0,
    6,
    0,
    6
  ],
  "start": [
    1.2609812079018443,
    4.731706675057266,
    0.0
  ],
  "goal": [
    5.438118686694742,
    4.534637580768015,
    0.0
  ],
  "success": true,
  "summary": {
    "success": true,
    "algorithm": "semantic_dstar_lite",
    "grid_start": [
      8,
      32
    ],
    "grid_goal": [
      36,
      30
    ],
    "num_waypoints": 29,
    "path_length": 4.3985,
    "lambda_occ": 5.0,
    "lambda_sem": 2.5,
    "step": 0.15,
    "robot_radius": 0.12
  },
  "planner_config": {
    "step": 0.15,
    "robot_radius": 0.12,
    "lambda_occ": 5.0,
    "lambda_sem": 2.5,
    "step_duration": 1.0,
    "dynamic_decay": 2.5
  },
  "path": [
    [
      1.2609812079018443,
      4.731706675057266,
      0.0
    ],
    [
      1.35,
      4.65,
      0.0
    ],
    [
      1.5,
      4.5,
      0.0
    ],
    [
      1.65,
      4.5,
      0.0
    ],
    [
      1.8,
      4.5,
      0.0
    ],
    [
      1.95,
      4.5,
      0.0
    ],
    [
      2.1,
      4.5,
      0.0
    ],
    [
      2.25,
      4.5,
      0.0
    ],
    [
      2.4,
      4.5,
      0.0
    ],
    [
      2.55,
      4.5,
      0.0
    ],
    [
      2.7,
      4.5,
      0.0
    ],
    [
      2.85,
      4.5,
      0.0
    ],
    [
      3.0,
      4.5,
      0.0
    ],
    [
      3.15,
      4.5,
      0.0
    ],
    [
      3.3,
      4.5,
      0.0
    ],
    [
      3.45,
      4.5,
      0.0
    ],
    [
      3.6,
      4.5,
      0.0
    ],
    [
      3.75,
      4.5,
      0.0
    ],
    [
      3.9,
      4.5,
      0.0
    ],
    [
      4.05,
      4.5,
      0.0
    ],
    [
      4.2,
      4.5,
      0.0
    ],
    [
      4.35,
      4.65,
      0.0
    ],
    [
      4.5,
      4.65,
      0.0
    ],
    [
      4.65,
      4.65,
      0.0
    ],
    [
      4.8,
      4.5,
      0.0
    ],
    [
      4.95,
      4.5,
      0.0
    ],
    [
      5.1,
      4.5,
      0.0
    ],
    [
      5.25,
      4.5,
      0.0
    ],
    [
      5.438118686694742,
      4.534637580768015,
      0.0
    ]
  ]
}