{
  "algorithm": "semantic_dstar_lite",
  "scene_file": "/Users/ishita/Documents/GitHub/BEACON-semantics/data/complex/scenes/collision_required_013.json",
  "scene_family": "collision_required",
  "workspace": [
    0,
    6,
    0,
    6
  ],
  "start": [
    2.2884730746174067,
    5.462320531882979,
    0.0
  ],
  "goal": [
    3.6466216428357514,
    0.5445664765262896,
    0.0
  ],
  "success": true,
  "summary": {
    "success": true,
    "algorithm": "semantic_dstar_lite",
    "grid_start": [
      15,
      36
    ],
    "grid_goal": [
      24,
      4
    ],
    "num_waypoints": 33,
    "path_length": 5.4475,
    "lambda_occ": 5.0,
    "lambda_sem": 2.5,
    "step": 0.15,
    "robot_radius": 0.12
  },
  "planner_config": {
    "step": 0.15,
    "robot_radius": 0.12,
    "lambda_occ": 5.0,
    "lambda_sem": 2.5,
    "step_duration": 1.0,
    "dynamic_decay": 2.5
  },
  "path": [
    [
      2.2884730746174067,
      5.462320531882979,
      0.0
    ],
    [
      2.4,
      5.25,
      0.0
    ],
    [
      2.4,
      5.1,
      0.0
    ],
    [
      2.4,
      4.95,
      0.0
    ],
    [
      2.55,
      4.8,
      0.0
    ],
    [
      2.7,
      4.65,
      0.0
    ],
    [
      2.85,
      4.5,
      0.0
    ],
    [
      3.0,
      4.35,
      0.0
    ],
    [
      3.15,
      4.2,
      0.0
    ],
    [
      3.15,
      4.05,
      0.0
    ],
    [
      3.15,
      3.9,
      0.0
    ],
    [
      3.15,
      3.75,
      0.0
    ],
    [
      3.15,
      3.6,
      0.0
    ],
    [
      3.15,
      3.45,
      0.0
    ],
    [
      3.15,
      3.3,
      0.0
    ],
    [
      3.15,
      3.15,
      0.0
    ],
    [
      3.15,
      3.0,
      0.0
    ],
    [
      3.3,
      2.85,
      0.0
    ],
    [
      3.3,
      2.7,
      0.0
    ],
    [
      3.3,
      2.55,
      0.0
    ],
    [
      3.3,
      2.4,
      0.0
    ],
    [
      3.3,
      2.25,
      0.0
    ],
    [
      3.3,
      2.1,
      0.0
    ],
    [
      3.3,
      1.95,
      0.0
    ],
    [
      3.3,
      1.8,
      0.0
    ],
    [
      3.45,
      1.65,
      0.0
    ],
    [
      3.6,
      1.5,
      0.0
    ],
    [
      3.6,
      1.35,
      0.0
    ],
    [
      3.6,
      1.2,
      0.0
    ],
    [
      3.6,
      1.05,
      0.0
    ],
    [
      3.6,
      0.9,
      0.0
    ],
    [
      3.6,
      0.75,
      0.0
    ],
    [
      3.6466216428357514,
      0.5445664765262896,
      0.0
    ]
  ]
}