{
  "algorithm": "semantic_dstar_lite",
  "scene_file": "/Users/ishita/Documents/GitHub/BEACON-semantics/data/complex/scenes/collision_required_035.json",
  "scene_family": "collision_required",
  "workspace": [
    0,
    6,
    0,
    6
  ],
  "start": [
    3.029866686326344,
    4.273937456260421,
    0.0
  ],
  "goal": [
    5.102575980793016,
    0.6742706445479254,
    0.0
  ],
  "success": true,
  "summary": {
    "success": true,
    "algorithm": "semantic_dstar_lite",
    "grid_start": [
      20,
      28
    ],
    "grid_goal": [
      34,
      4
    ],
    "num_waypoints": 25,
    "path_length": 4.4376,
    "lambda_occ": 5.0,
    "lambda_sem": 2.5,
    "step": 0.15,
    "robot_radius": 0.12
  },
  "planner_config": {
    "step": 0.15,
    "robot_radius": 0.12,
    "lambda_occ": 5.0,
    "lambda_sem": 2.5,
    "step_duration": 1.0,
    "dynamic_decay": 2.5
  },
  "path": [
    [
      3.029866686326344,
      4.273937456260421,
      0.0
    ],
    [
      3.15,
      4.05,
      0.0
    ],
    [
      3.3,
      3.9,
      0.0
    ],
    [
      3.45,
      3.75,
      0.0
    ],
    [
      3.6,
      3.6,
      0.0
    ],
    [
      3.75,
      3.45,
      0.0
    ],
    [
      3.9,
      3.3,
      0.0
    ],
    [
      3.9,
      3.15,
      0.0
    ],
    [
      3.9,
      3.0,
      0.0
    ],
    [
      3.9,
      2.85,
      0.0
    ],
    [
      3.9,
      2.7,
      0.0
    ],
    [
      3.9,
      2.55,
      0.0
    ],
    [
      3.9,
      2.4,
      0.0
    ],
    [
      3.9,
      2.25,
      0.0
    ],
    [
      4.05,
      2.1,
      0.0
    ],
    [
      4.2,
      1.95,
      0.0
    ],
    [
      4.35,
      1.8,
      0.0
    ],
    [
      4.5,
      1.65,
      0.0
    ],
    [
      4.65,
      1.5,
      0.0
    ],
    [
      4.8,
      1.35,
      0.0
    ],
    [
      4.95,
      1.2,
      0.0
    ],
    [
      5.1,
      1.05,
      0.0
    ],
    [
      5.1,
      0.9,
      0.0
    ],
    [
      5.1,
      0.75,
      0.0
    ],
    [
      5.102575980793016,
      0.6742706445479254,
      0.0
    ]
  ]
}