{
  "algorithm": "semantic_dstar_lite",
  "scene_file": "/Users/ishita/Documents/GitHub/BEACON-semantics/data/complex/scenes/collision_required_054.json",
  "scene_family": "collision_required",
  "workspace": [
    0,
    6,
    0,
    6
  ],
  "start": [
    1.6742046427326644,
    2.90832024822177,
    0.0
  ],
  "goal": [
    5.337423384686725,
    0.49447588374828344,
    0.0
  ],
  "success": true,
  "summary": {
    "success": true,
    "algorithm": "semantic_dstar_lite",
    "grid_start": [
      11,
      19
    ],
    "grid_goal": [
      36,
      3
    ],
    "num_waypoints": 26,
    "path_length": 4.7234,
    "lambda_occ": 5.0,
    "lambda_sem": 2.5,
    "step": 0.15,
    "robot_radius": 0.12
  },
  "planner_config": {
    "step": 0.15,
    "robot_radius": 0.12,
    "lambda_occ": 5.0,
    "lambda_sem": 2.5,
    "step_duration": 1.0,
    "dynamic_decay": 2.5
  },
  "path": [
    [
      1.6742046427326644,
      2.90832024822177,
      0.0
    ],
    [
      1.8,
      2.7,
      0.0
    ],
    [
      1.95,
      2.55,
      0.0
    ],
    [
      2.1,
      2.4,
      0.0
    ],
    [
      2.25,
      2.25,
      0.0
    ],
    [
      2.4,
      2.1,
      0.0
    ],
    [
      2.55,
      1.95,
      0.0
    ],
    [
      2.7,
      1.8,
      0.0
    ],
    [
      2.85,
      1.65,
      0.0
    ],
    [
      3.0,
      1.5,
      0.0
    ],
    [
      3.15,
      1.35,
      0.0
    ],
    [
      3.3,
      1.2,
      0.0
    ],
    [
      3.45,
      1.05,
      0.0
    ],
    [
      3.6,
      0.9,
      0.0
    ],
    [
      3.75,
      0.9,
      0.0
    ],
    [
      3.9,
      0.9,
      0.0
    ],
    [
      4.05,
      0.9,
      0.0
    ],
    [
      4.2,
      0.9,
      0.0
    ],
    [
      4.35,
      0.9,
      0.0
    ],
    [
      4.5,
      0.9,
      0.0
    ],
    [
      4.65,
      0.75,
      0.0
    ],
    [
      4.8,
      0.6,
      0.0
    ],
    [
      4.95,
      0.45,
      0.0
    ],
    [
      5.1,
      0.45,
      0.0
    ],
    [
      5.25,
      0.45,
      0.0
    ],
    [
      5.337423384686725,
      0.49447588374828344,
      0.0
    ]
  ]
}