{
  "algorithm": "semantic_dstar_lite",
  "scene_file": "/Users/ishita/Documents/GitHub/BEACON-semantics/data/complex/scenes/collision_required_096.json",
  "scene_family": "collision_required",
  "workspace": [
    0,
    6,
    0,
    6
  ],
  "start": [
    5.090087017314093,
    2.9838622882335613,
    0.0
  ],
  "goal": [
    0.9538962571664387,
    1.7557789587351598,
    0.0
  ],
  "success": true,
  "summary": {
    "success": true,
    "algorithm": "semantic_dstar_lite",
    "grid_start": [
      34,
      20
    ],
    "grid_goal": [
      6,
      12
    ],
    "num_waypoints": 29,
    "path_length": 4.7587,
    "lambda_occ": 5.0,
    "lambda_sem": 2.5,
    "step": 0.15,
    "robot_radius": 0.12
  },
  "planner_config": {
    "step": 0.15,
    "robot_radius": 0.12,
    "lambda_occ": 5.0,
    "lambda_sem": 2.5,
    "step_duration": 1.0,
    "dynamic_decay": 2.5
  },
  "path": [
    [
      5.090087017314093,
      2.9838622882335613,
      0.0
    ],
    [
      4.95,
      2.85,
      0.0
    ],
    [
      4.8,
      2.7,
      0.0
    ],
    [
      4.65,
      2.55,
      0.0
    ],
    [
      4.5,
      2.55,
      0.0
    ],
    [
      4.35,
      2.55,
      0.0
    ],
    [
      4.2,
      2.55,
      0.0
    ],
    [
      4.05,
      2.55,
      0.0
    ],
    [
      3.9,
      2.55,
      0.0
    ],
    [
      3.75,
      2.55,
      0.0
    ],
    [
      3.6,
      2.55,
      0.0
    ],
    [
      3.45,
      2.55,
      0.0
    ],
    [
      3.3,
      2.7,
      0.0
    ],
    [
      3.15,
      2.55,
      0.0
    ],
    [
      3.0,
      2.55,
      0.0
    ],
    [
      2.85,
      2.4,
      0.0
    ],
    [
      2.7,
      2.25,
      0.0
    ],
    [
      2.55,
      2.25,
      0.0
    ],
    [
      2.4,
      2.25,
      0.0
    ],
    [
      2.25,
      2.25,
      0.0
    ],
    [
      2.1,
      2.25,
      0.0
    ],
    [
      1.95,
      2.25,
      0.0
    ],
    [
      1.8,
      2.25,
      0.0
    ],
    [
      1.65,
      2.1,
      0.0
    ],
    [
      1.5,
      1.95,
      0.0
    ],
    [
      1.35,
      1.8,
      0.0
    ],
    [
      1.2,
      1.8,
      0.0
    ],
    [
      1.05,
      1.8,
      0.0
    ],
    [
      0.9538962571664387,
      1.7557789587351598,
      0.0
    ]
  ]
}