{
  "algorithm": "semantic_dstar_lite",
  "scene_file": "/Users/ishita/Documents/GitHub/BEACON-semantics/data/complex/scenes/collision_required_056.json",
  "scene_family": "collision_required",
  "workspace": [
    0,
    6,
    0,
    6
  ],
  "start": [
    0.8088356158246148,
    1.015779362161966,
    0.0
  ],
  "goal": [
    4.952420863760802,
    2.517124140569167,
    0.0
  ],
  "success": true,
  "summary": {
    "success": true,
    "algorithm": "semantic_dstar_lite",
    "grid_start": [
      5,
      7
    ],
    "grid_goal": [
      33,
      17
    ],
    "num_waypoints": 29,
    "path_length": 4.8207,
    "lambda_occ": 5.0,
    "lambda_sem": 2.5,
    "step": 0.15,
    "robot_radius": 0.12
  },
  "planner_config": {
    "step": 0.15,
    "robot_radius": 0.12,
    "lambda_occ": 5.0,
    "lambda_sem": 2.5,
    "step_duration": 1.0,
    "dynamic_decay": 2.5
  },
  "path": [
    [
      0.8088356158246148,
      1.015779362161966,
      0.0
    ],
    [
      0.9,
      1.2,
      0.0
    ],
    [
      1.05,
      1.35,
      0.0
    ],
    [
      1.2,
      1.5,
      0.0
    ],
    [
      1.35,
      1.65,
      0.0
    ],
    [
      1.5,
      1.8,
      0.0
    ],
    [
      1.65,
      1.95,
      0.0
    ],
    [
      1.8,
      2.1,
      0.0
    ],
    [
      1.95,
      2.1,
      0.0
    ],
    [
      2.1,
      2.1,
      0.0
    ],
    [
      2.25,
      2.1,
      0.0
    ],
    [
      2.4,
      2.1,
      0.0
    ],
    [
      2.55,
      2.1,
      0.0
    ],
    [
      2.7,
      2.25,
      0.0
    ],
    [
      2.85,
      2.25,
      0.0
    ],
    [
      3.0,
      2.25,
      0.0
    ],
    [
      3.15,
      2.25,
      0.0
    ],
    [
      3.3,
      2.25,
      0.0
    ],
    [
      3.45,
      2.25,
      0.0
    ],
    [
      3.6,
      2.25,
      0.0
    ],
    [
      3.75,
      2.25,
      0.0
    ],
    [
      3.9,
      2.4,
      0.0
    ],
    [
      4.05,
      2.55,
      0.0
    ],
    [
      4.2,
      2.55,
      0.0
    ],
    [
      4.35,
      2.55,
      0.0
    ],
    [
      4.5,
      2.55,
      0.0
    ],
    [
      4.65,
      2.55,
      0.0
    ],
    [
      4.8,
      2.55,
      0.0
    ],
    [
      4.952420863760802,
      2.517124140569167,
      0.0
    ]
  ]
}