{
  "algorithm": "semantic_dstar_lite",
  "scene_file": "/Users/ishita/Documents/GitHub/BEACON-semantics/data/complex/scenes/collision_required_090.json",
  "scene_family": "collision_required",
  "workspace": [
    0,
    6,
    0,
    6
  ],
  "start": [
    4.555425905767492,
    1.8436131888636822,
    0.0
  ],
  "goal": [
    0.8791096612717104,
    3.5776951677283613,
    0.0
  ],
  "success": true,
  "summary": {
    "success": true,
    "algorithm": "semantic_dstar_lite",
    "grid_start": [
      30,
      12
    ],
    "grid_goal": [
      6,
      24
    ],
    "num_waypoints": 25,
    "path_length": 4.3871,
    "lambda_occ": 5.0,
    "lambda_sem": 2.5,
    "step": 0.15,
    "robot_radius": 0.12
  },
  "planner_config": {
    "step": 0.15,
    "robot_radius": 0.12,
    "lambda_occ": 5.0,
    "lambda_sem": 2.5,
    "step_duration": 1.0,
    "dynamic_decay": 2.5
  },
  "path": [
    [
      4.555425905767492,
      1.8436131888636822,
      0.0
    ],
    [
      4.35,
      1.95,
      0.0
    ],
    [
      4.2,
      2.1,
      0.0
    ],
    [
      4.05,
      2.25,
      0.0
    ],
    [
      3.9,
      2.4,
      0.0
    ],
    [
      3.75,
      2.4,
      0.0
    ],
    [
      3.6,
      2.55,
      0.0
    ],
    [
      3.45,
      2.55,
      0.0
    ],
    [
      3.3,
      2.55,
      0.0
    ],
    [
      3.15,
      2.55,
      0.0
    ],
    [
      3.0,
      2.55,
      0.0
    ],
    [
      2.85,
      2.55,
      0.0
    ],
    [
      2.7,
      2.55,
      0.0
    ],
    [
      2.55,
      2.55,
      0.0
    ],
    [
      2.4,
      2.55,
      0.0
    ],
    [
      2.25,
      2.7,
      0.0
    ],
    [
      2.1,
      2.85,
      0.0
    ],
    [
      1.95,
      3.0,
      0.0
    ],
    [
      1.8,
      3.15,
      0.0
    ],
    [
      1.65,
      3.3,
      0.0
    ],
    [
      1.5,
      3.45,
      0.0
    ],
    [
      1.35,
      3.6,
      0.0
    ],
    [
      1.2,
      3.6,
      0.0
    ],
    [
      1.05,
      3.6,
      0.0
    ],
    [
      0.8791096612717104,
      3.5776951677283613,
      0.0
    ]
  ]
}