{
  "algorithm": "semantic_dstar_lite",
  "scene_file": "/Users/ishita/Documents/GitHub/BEACON-semantics/data/complex/scenes/collision_required_060.json",
  "scene_family": "collision_required",
  "workspace": [
    0,
    6,
    0,
    6
  ],
  "start": [
    5.505392328730558,
    2.985000541267734,
    0.0
  ],
  "goal": [
    2.056381814032643,
    0.78050684817582,
    0.0
  ],
  "success": true,
  "summary": {
    "success": true,
    "algorithm": "semantic_dstar_lite",
    "grid_start": [
      37,
      20
    ],
    "grid_goal": [
      14,
      5
    ],
    "num_waypoints": 29,
    "path_length": 4.8265,
    "lambda_occ": 5.0,
    "lambda_sem": 2.5,
    "step": 0.15,
    "robot_radius": 0.12
  },
  "planner_config": {
    "step": 0.15,
    "robot_radius": 0.12,
    "lambda_occ": 5.0,
    "lambda_sem": 2.5,
    "step_duration": 1.0,
    "dynamic_decay": 2.5
  },
  "path": [
    [
      5.505392328730558,
      2.985000541267734,
      0.0
    ],
    [
      5.4,
      2.85,
      0.0
    ],
    [
      5.25,
      2.7,
      0.0
    ],
    [
      5.1,
      2.55,
      0.0
    ],
    [
      4.95,
      2.4,
      0.0
    ],
    [
      4.8,
      2.4,
      0.0
    ],
    [
      4.65,
      2.4,
      0.0
    ],
    [
      4.5,
      2.4,
      0.0
    ],
    [
      4.35,
      2.25,
      0.0
    ],
    [
      4.2,
      2.1,
      0.0
    ],
    [
      4.05,
      1.95,
      0.0
    ],
    [
      3.9,
      1.8,
      0.0
    ],
    [
      3.9,
      1.65,
      0.0
    ],
    [
      3.9,
      1.5,
      0.0
    ],
    [
      3.9,
      1.35,
      0.0
    ],
    [
      3.75,
      1.2,
      0.0
    ],
    [
      3.75,
      1.05,
      0.0
    ],
    [
      3.75,
      0.9,
      0.0
    ],
    [
      3.6,
      0.75,
      0.0
    ],
    [
      3.45,
      0.75,
      0.0
    ],
    [
      3.3,
      0.75,
      0.0
    ],
    [
      3.15,
      0.75,
      0.0
    ],
    [
      3.0,
      0.75,
      0.0
    ],
    [
      2.85,
      0.75,
      0.0
    ],
    [
      2.7,
      0.75,
      0.0
    ],
    [
      2.55,
      0.75,
      0.0
    ],
    [
      2.4,
      0.75,
      0.0
    ],
    [
      2.25,
      0.75,
      0.0
    ],
    [
      2.056381814032643,
      0.78050684817582,
      0.0
    ]
  ]
}