{
  "algorithm": "semantic_dstar_lite",
  "scene_file": "/Users/ishita/Documents/GitHub/BEACON-semantics/data/complex/scenes/collision_required_040.json",
  "scene_family": "collision_required",
  "workspace": [
    0,
    6,
    0,
    6
  ],
  "start": [
    0.5577466167374601,
    0.9733659749096166,
    0.0
  ],
  "goal": [
    4.9161414896609665,
    0.6714062360218962,
    0.0
  ],
  "success": true,
  "summary": {
    "success": true,
    "algorithm": "semantic_dstar_lite",
    "grid_start": [
      4,
      6
    ],
    "grid_goal": [
      33,
      4
    ],
    "num_waypoints": 30,
    "path_length": 5.0402,
    "lambda_occ": 5.0,
    "lambda_sem": 2.5,
    "step": 0.15,
    "robot_radius": 0.12
  },
  "planner_config": {
    "step": 0.15,
    "robot_radius": 0.12,
    "lambda_occ": 5.0,
    "lambda_sem": 2.5,
    "step_duration": 1.0,
    "dynamic_decay": 2.5
  },
  "path": [
    [
      0.5577466167374601,
      0.9733659749096166,
      0.0
    ],
    [
      0.75,
      0.75,
      0.0
    ],
    [
      0.9,
      0.6,
      0.0
    ],
    [
      1.05,
      0.6,
      0.0
    ],
    [
      1.2,
      0.6,
      0.0
    ],
    [
      1.35,
      0.6,
      0.0
    ],
    [
      1.5,
      0.6,
      0.0
    ],
    [
      1.65,
      0.6,
      0.0
    ],
    [
      1.8,
      0.6,
      0.0
    ],
    [
      1.95,
      0.45,
      0.0
    ],
    [
      2.1,
      0.3,
      0.0
    ],
    [
      2.25,
      0.15,
      0.0
    ],
    [
      2.4,
      0.0,
      0.0
    ],
    [
      2.55,
      0.15,
      0.0
    ],
    [
      2.7,
      0.15,
      0.0
    ],
    [
      2.85,
      0.15,
      0.0
    ],
    [
      3.0,
      0.15,
      0.0
    ],
    [
      3.15,
      0.15,
      0.0
    ],
    [
      3.3,
      0.15,
      0.0
    ],
    [
      3.45,
      0.15,
      0.0
    ],
    [
      3.6,
      0.15,
      0.0
    ],
    [
      3.75,
      0.15,
      0.0
    ],
    [
      3.9,
      0.15,
      0.0
    ],
    [
      4.05,
      0.15,
      0.0
    ],
    [
      4.2,
      0.3,
      0.0
    ],
    [
      4.35,
      0.45,
      0.0
    ],
    [
      4.5,
      0.6,
      0.0
    ],
    [
      4.65,
      0.6,
      0.0
    ],
    [
      4.8,
      0.6,
      0.0
    ],
    [
      4.9161414896609665,
      0.6714062360218962,
      0.0
    ]
  ]
}