{
  "algorithm": "semantic_dstar_lite",
  "scene_file": "/Users/ishita/Documents/GitHub/BEACON-semantics/data/complex/scenes/collision_required_049.json",
  "scene_family": "collision_required",
  "workspace": [
    0,
    6,
    0,
    6
  ],
  "start": [
    1.0063531227370828,
    0.7094089822883838,
    0.0
  ],
  "goal": [
    4.1444958669867065,
    5.269960552962342,
    0.0
  ],
  "success": true,
  "summary": {
    "success": true,
    "algorithm": "semantic_dstar_lite",
    "grid_start": [
      7,
      5
    ],
    "grid_goal": [
      28,
      35
    ],
    "num_waypoints": 31,
    "path_length": 5.8467,
    "lambda_occ": 5.0,
    "lambda_sem": 2.5,
    "step": 0.15,
    "robot_radius": 0.12
  },
  "planner_config": {
    "step": 0.15,
    "robot_radius": 0.12,
    "lambda_occ": 5.0,
    "lambda_sem": 2.5,
    "step_duration": 1.0,
    "dynamic_decay": 2.5
  },
  "path": [
    [
      1.0063531227370828,
      0.7094089822883838,
      0.0
    ],
    [
      1.2,
      0.9,
      0.0
    ],
    [
      1.2,
      1.05,
      0.0
    ],
    [
      1.2,
      1.2,
      0.0
    ],
    [
      1.35,
      1.35,
      0.0
    ],
    [
      1.5,
      1.5,
      0.0
    ],
    [
      1.65,
      1.65,
      0.0
    ],
    [
      1.8,
      1.8,
      0.0
    ],
    [
      1.95,
      1.95,
      0.0
    ],
    [
      2.1,
      2.1,
      0.0
    ],
    [
      2.25,
      2.25,
      0.0
    ],
    [
      2.4,
      2.4,
      0.0
    ],
    [
      2.55,
      2.55,
      0.0
    ],
    [
      2.7,
      2.7,
      0.0
    ],
    [
      2.85,
      2.85,
      0.0
    ],
    [
      3.0,
      3.0,
      0.0
    ],
    [
      3.15,
      3.15,
      0.0
    ],
    [
      3.15,
      3.3,
      0.0
    ],
    [
      3.15,
      3.45,
      0.0
    ],
    [
      3.15,
      3.6,
      0.0
    ],
    [
      3.15,
      3.75,
      0.0
    ],
    [
      3.15,
      3.9,
      0.0
    ],
    [
      3.15,
      4.05,
      0.0
    ],
    [
      3.15,
      4.2,
      0.0
    ],
    [
      3.3,
      4.35,
      0.0
    ],
    [
      3.45,
      4.5,
      0.0
    ],
    [
      3.6,
      4.65,
      0.0
    ],
    [
      3.75,
      4.8,
      0.0
    ],
    [
      3.9,
      4.95,
      0.0
    ],
    [
      4.05,
      5.1,
      0.0
    ],
    [
      4.1444958669867065,
      5.269960552962342,
      0.0
    ]
  ]
}