{
  "algorithm": "semantic_dstar_lite",
  "scene_file": "/Users/ishita/Documents/GitHub/BEACON-semantics/data/complex/scenes/collision_required_052.json",
  "scene_family": "collision_required",
  "workspace": [
    0,
    6,
    0,
    6
  ],
  "start": [
    0.8629431464896018,
    2.6037465851817823,
    0.0
  ],
  "goal": [
    5.2976943132146515,
    0.5194855387189125,
    0.0
  ],
  "success": true,
  "summary": {
    "success": true,
    "algorithm": "semantic_dstar_lite",
    "grid_start": [
      6,
      17
    ],
    "grid_goal": [
      35,
      3
    ],
    "num_waypoints": 31,
    "path_length": 5.4317,
    "lambda_occ": 5.0,
    "lambda_sem": 2.5,
    "step": 0.15,
    "robot_radius": 0.12
  },
  "planner_config": {
    "step": 0.15,
    "robot_radius": 0.12,
    "lambda_occ": 5.0,
    "lambda_sem": 2.5,
    "step_duration": 1.0,
    "dynamic_decay": 2.5
  },
  "path": [
    [
      0.8629431464896018,
      2.6037465851817823,
      0.0
    ],
    [
      1.05,
      2.4,
      0.0
    ],
    [
      1.2,
      2.4,
      0.0
    ],
    [
      1.35,
      2.4,
      0.0
    ],
    [
      1.5,
      2.4,
      0.0
    ],
    [
      1.65,
      2.4,
      0.0
    ],
    [
      1.8,
      2.4,
      0.0
    ],
    [
      1.95,
      2.4,
      0.0
    ],
    [
      2.1,
      2.25,
      0.0
    ],
    [
      2.25,
      2.1,
      0.0
    ],
    [
      2.4,
      1.95,
      0.0
    ],
    [
      2.55,
      1.8,
      0.0
    ],
    [
      2.7,
      1.65,
      0.0
    ],
    [
      2.7,
      1.5,
      0.0
    ],
    [
      2.85,
      1.35,
      0.0
    ],
    [
      3.0,
      1.2,
      0.0
    ],
    [
      3.15,
      1.05,
      0.0
    ],
    [
      3.3,
      0.9,
      0.0
    ],
    [
      3.45,
      0.9,
      0.0
    ],
    [
      3.6,
      0.9,
      0.0
    ],
    [
      3.75,
      0.9,
      0.0
    ],
    [
      3.9,
      0.9,
      0.0
    ],
    [
      4.05,
      0.9,
      0.0
    ],
    [
      4.2,
      0.9,
      0.0
    ],
    [
      4.35,
      0.9,
      0.0
    ],
    [
      4.5,
      0.75,
      0.0
    ],
    [
      4.65,
      0.6,
      0.0
    ],
    [
      4.8,
      0.45,
      0.0
    ],
    [
      4.95,
      0.45,
      0.0
    ],
    [
      5.1,
      0.45,
      0.0
    ],
    [
      5.2976943132146515,
      0.5194855387189125,
      0.0
    ]
  ]
}