{
  "algorithm": "semantic_dstar_lite",
  "scene_file": "/Users/ishita/Documents/GitHub/BEACON-semantics/data/complex/scenes/collision_required_061.json",
  "scene_family": "collision_required",
  "workspace": [
    0,
    6,
    0,
    6
  ],
  "start": [
    1.9234428000780865,
    5.117487602722741,
    0.0
  ],
  "goal": [
    3.318323557447525,
    0.7877014320073368,
    0.0
  ],
  "success": true,
  "summary": {
    "success": true,
    "algorithm": "semantic_dstar_lite",
    "grid_start": [
      13,
      34
    ],
    "grid_goal": [
      22,
      5
    ],
    "num_waypoints": 30,
    "path_length": 4.9042,
    "lambda_occ": 5.0,
    "lambda_sem": 2.5,
    "step": 0.15,
    "robot_radius": 0.12
  },
  "planner_config": {
    "step": 0.15,
    "robot_radius": 0.12,
    "lambda_occ": 5.0,
    "lambda_sem": 2.5,
    "step_duration": 1.0,
    "dynamic_decay": 2.5
  },
  "path": [
    [
      1.9234428000780865,
      5.117487602722741,
      0.0
    ],
    [
      2.1,
      4.95,
      0.0
    ],
    [
      2.25,
      4.8,
      0.0
    ],
    [
      2.25,
      4.65,
      0.0
    ],
    [
      2.25,
      4.5,
      0.0
    ],
    [
      2.25,
      4.35,
      0.0
    ],
    [
      2.25,
      4.2,
      0.0
    ],
    [
      2.25,
      4.05,
      0.0
    ],
    [
      2.25,
      3.9,
      0.0
    ],
    [
      2.25,
      3.75,
      0.0
    ],
    [
      2.25,
      3.6,
      0.0
    ],
    [
      2.25,
      3.45,
      0.0
    ],
    [
      2.25,
      3.3,
      0.0
    ],
    [
      2.25,
      3.15,
      0.0
    ],
    [
      2.4,
      3.0,
      0.0
    ],
    [
      2.4,
      2.85,
      0.0
    ],
    [
      2.4,
      2.7,
      0.0
    ],
    [
      2.55,
      2.55,
      0.0
    ],
    [
      2.7,
      2.4,
      0.0
    ],
    [
      2.85,
      2.25,
      0.0
    ],
    [
      2.85,
      2.1,
      0.0
    ],
    [
      2.85,
      1.95,
      0.0
    ],
    [
      2.85,
      1.8,
      0.0
    ],
    [
      2.85,
      1.65,
      0.0
    ],
    [
      3.0,
      1.5,
      0.0
    ],
    [
      3.15,
      1.35,
      0.0
    ],
    [
      3.3,
      1.2,
      0.0
    ],
    [
      3.3,
      1.05,
      0.0
    ],
    [
      3.3,
      0.9,
      0.0
    ],
    [
      3.318323557447525,
      0.7877014320073368,
      0.0
    ]
  ]
}