{
  "algorithm": "semantic_dstar_lite",
  "scene_file": "/Users/ishita/Documents/GitHub/BEACON-semantics/data/complex/scenes/collision_required_026.json",
  "scene_family": "collision_required",
  "workspace": [
    0,
    6,
    0,
    6
  ],
  "start": [
    5.115983953074355,
    3.9464172403166176,
    0.0
  ],
  "goal": [
    0.5755023694161233,
    2.688089612960337,
    0.0
  ],
  "success": true,
  "summary": {
    "success": true,
    "algorithm": "semantic_dstar_lite",
    "grid_start": [
      34,
      26
    ],
    "grid_goal": [
      4,
      18
    ],
    "num_waypoints": 31,
    "path_length": 5.1913,
    "lambda_occ": 5.0,
    "lambda_sem": 2.5,
    "step": 0.15,
    "robot_radius": 0.12
  },
  "planner_config": {
    "step": 0.15,
    "robot_radius": 0.12,
    "lambda_occ": 5.0,
    "lambda_sem": 2.5,
    "step_duration": 1.0,
    "dynamic_decay": 2.5
  },
  "path": [
    [
      5.115983953074355,
      3.9464172403166176,
      0.0
    ],
    [
      4.95,
      3.75,
      0.0
    ],
    [
      4.8,
      3.6,
      0.0
    ],
    [
      4.65,
      3.6,
      0.0
    ],
    [
      4.5,
      3.6,
      0.0
    ],
    [
      4.35,
      3.6,
      0.0
    ],
    [
      4.2,
      3.6,
      0.0
    ],
    [
      4.05,
      3.6,
      0.0
    ],
    [
      3.9,
      3.6,
      0.0
    ],
    [
      3.75,
      3.6,
      0.0
    ],
    [
      3.6,
      3.6,
      0.0
    ],
    [
      3.45,
      3.6,
      0.0
    ],
    [
      3.3,
      3.6,
      0.0
    ],
    [
      3.15,
      3.6,
      0.0
    ],
    [
      3.0,
      3.6,
      0.0
    ],
    [
      2.85,
      3.6,
      0.0
    ],
    [
      2.7,
      3.6,
      0.0
    ],
    [
      2.55,
      3.6,
      0.0
    ],
    [
      2.4,
      3.75,
      0.0
    ],
    [
      2.25,
      3.75,
      0.0
    ],
    [
      2.1,
      3.6,
      0.0
    ],
    [
      1.95,
      3.6,
      0.0
    ],
    [
      1.8,
      3.6,
      0.0
    ],
    [
      1.65,
      3.45,
      0.0
    ],
    [
      1.5,
      3.3,
      0.0
    ],
    [
      1.35,
      3.15,
      0.0
    ],
    [
      1.2,
      3.0,
      0.0
    ],
    [
      1.05,
      2.85,
      0.0
    ],
    [
      0.9,
      2.7,
      0.0
    ],
    [
      0.75,
      2.7,
      0.0
    ],
    [
      0.5755023694161233,
      2.688089612960337,
      0.0
    ]
  ]
}