{
  "algorithm": "semantic_dstar_lite",
  "scene_file": "/Users/ishita/Documents/GitHub/BEACON-semantics/data/complex/scenes/collision_required_070.json",
  "scene_family": "collision_required",
  "workspace": [
    0,
    6,
    0,
    6
  ],
  "start": [
    4.916388942011841,
    1.6150339968071479,
    0.0
  ],
  "goal": [
    0.8181471070740429,
    4.194255429969474,
    0.0
  ],
  "success": true,
  "summary": {
    "success": true,
    "algorithm": "semantic_dstar_lite",
    "grid_start": [
      33,
      11
    ],
    "grid_goal": [
      5,
      28
    ],
    "num_waypoints": 36,
    "path_length": 6.1009,
    "lambda_occ": 5.0,
    "lambda_sem": 2.5,
    "step": 0.15,
    "robot_radius": 0.12
  },
  "planner_config": {
    "step": 0.15,
    "robot_radius": 0.12,
    "lambda_occ": 5.0,
    "lambda_sem": 2.5,
    "step_duration": 1.0,
    "dynamic_decay": 2.5
  },
  "path": [
    [
      4.916388942011841,
      1.6150339968071479,
      0.0
    ],
    [
      4.8,
      1.65,
      0.0
    ],
    [
      4.65,
      1.65,
      0.0
    ],
    [
      4.5,
      1.5,
      0.0
    ],
    [
      4.35,
      1.35,
      0.0
    ],
    [
      4.2,
      1.5,
      0.0
    ],
    [
      4.05,
      1.65,
      0.0
    ],
    [
      3.9,
      1.65,
      0.0
    ],
    [
      3.75,
      1.65,
      0.0
    ],
    [
      3.6,
      1.65,
      0.0
    ],
    [
      3.45,
      1.65,
      0.0
    ],
    [
      3.3,
      1.65,
      0.0
    ],
    [
      3.15,
      1.65,
      0.0
    ],
    [
      3.0,
      1.65,
      0.0
    ],
    [
      2.85,
      1.65,
      0.0
    ],
    [
      2.7,
      1.65,
      0.0
    ],
    [
      2.55,
      1.65,
      0.0
    ],
    [
      2.4,
      1.65,
      0.0
    ],
    [
      2.25,
      1.65,
      0.0
    ],
    [
      2.1,
      1.8,
      0.0
    ],
    [
      1.95,
      1.95,
      0.0
    ],
    [
      1.8,
      2.1,
      0.0
    ],
    [
      1.65,
      2.25,
      0.0
    ],
    [
      1.5,
      2.4,
      0.0
    ],
    [
      1.35,
      2.55,
      0.0
    ],
    [
      1.2,
      2.7,
      0.0
    ],
    [
      1.2,
      2.85,
      0.0
    ],
    [
      1.2,
      3.0,
      0.0
    ],
    [
      1.2,
      3.15,
      0.0
    ],
    [
      1.2,
      3.3,
      0.0
    ],
    [
      1.05,
      3.45,
      0.0
    ],
    [
      0.9,
      3.6,
      0.0
    ],
    [
      0.75,
      3.75,
      0.0
    ],
    [
      0.75,
      3.9,
      0.0
    ],
    [
      0.75,
      4.05,
      0.0
    ],
    [
      0.8181471070740429,
      4.194255429969474,
      0.0
    ]
  ]
}