{
  "algorithm": "semantic_dstar_lite",
  "scene_file": "/Users/ishita/Documents/GitHub/BEACON-semantics/data/complex/scenes/collision_required_019.json",
  "scene_family": "collision_required",
  "workspace": [
    0,
    6,
    0,
    6
  ],
  "start": [
    3.864231012982598,
    4.9614403613941045,
    0.0
  ],
  "goal": [
    3.3255563198332747,
    0.7560117360370511,
    0.0
  ],
  "success": true,
  "summary": {
    "success": true,
    "algorithm": "semantic_dstar_lite",
    "grid_start": [
      26,
      33
    ],
    "grid_goal": [
      22,
      5
    ],
    "num_waypoints": 29,
    "path_length": 4.4304,
    "lambda_occ": 5.0,
    "lambda_sem": 2.5,
    "step": 0.15,
    "robot_radius": 0.12
  },
  "planner_config": {
    "step": 0.15,
    "robot_radius": 0.12,
    "lambda_occ": 5.0,
    "lambda_sem": 2.5,
    "step_duration": 1.0,
    "dynamic_decay": 2.5
  },
  "path": [
    [
      3.864231012982598,
      4.9614403613941045,
      0.0
    ],
    [
      3.75,
      4.8,
      0.0
    ],
    [
      3.75,
      4.65,
      0.0
    ],
    [
      3.75,
      4.5,
      0.0
    ],
    [
      3.75,
      4.35,
      0.0
    ],
    [
      3.75,
      4.2,
      0.0
    ],
    [
      3.75,
      4.05,
      0.0
    ],
    [
      3.75,
      3.9,
      0.0
    ],
    [
      3.75,
      3.75,
      0.0
    ],
    [
      3.75,
      3.6,
      0.0
    ],
    [
      3.75,
      3.45,
      0.0
    ],
    [
      3.75,
      3.3,
      0.0
    ],
    [
      3.75,
      3.15,
      0.0
    ],
    [
      3.75,
      3.0,
      0.0
    ],
    [
      3.75,
      2.85,
      0.0
    ],
    [
      3.75,
      2.7,
      0.0
    ],
    [
      3.75,
      2.55,
      0.0
    ],
    [
      3.75,
      2.4,
      0.0
    ],
    [
      3.75,
      2.25,
      0.0
    ],
    [
      3.75,
      2.1,
      0.0
    ],
    [
      3.75,
      1.95,
      0.0
    ],
    [
      3.75,
      1.8,
      0.0
    ],
    [
      3.75,
      1.65,
      0.0
    ],
    [
      3.75,
      1.5,
      0.0
    ],
    [
      3.75,
      1.35,
      0.0
    ],
    [
      3.6,
      1.2,
      0.0
    ],
    [
      3.45,
      1.05,
      0.0
    ],
    [
      3.3,
      0.9,
      0.0
    ],
    [
      3.3255563198332747,
      0.7560117360370511,
      0.0
    ]
  ]
}