{
  "algorithm": "semantic_dstar_lite",
  "scene_file": "/Users/ishita/Documents/GitHub/BEACON-semantics/data/complex/scenes/collision_required_023.json",
  "scene_family": "collision_required",
  "workspace": [
    0,
    6,
    0,
    6
  ],
  "start": [
    4.455659038043163,
    4.666538489310487,
    0.0
  ],
  "goal": [
    2.73788016742117,
    0.8799378176114234,
    0.0
  ],
  "success": true,
  "summary": {
    "success": true,
    "algorithm": "semantic_dstar_lite",
    "grid_start": [
      30,
      31
    ],
    "grid_goal": [
      18,
      6
    ],
    "num_waypoints": 26,
    "path_length": 4.5049,
    "lambda_occ": 5.0,
    "lambda_sem": 2.5,
    "step": 0.15,
    "robot_radius": 0.12
  },
  "planner_config": {
    "step": 0.15,
    "robot_radius": 0.12,
    "lambda_occ": 5.0,
    "lambda_sem": 2.5,
    "step_duration": 1.0,
    "dynamic_decay": 2.5
  },
  "path": [
    [
      4.455659038043163,
      4.666538489310487,
      0.0
    ],
    [
      4.35,
      4.5,
      0.0
    ],
    [
      4.2,
      4.35,
      0.0
    ],
    [
      4.05,
      4.2,
      0.0
    ],
    [
      3.9,
      4.05,
      0.0
    ],
    [
      3.75,
      3.9,
      0.0
    ],
    [
      3.6,
      3.75,
      0.0
    ],
    [
      3.45,
      3.6,
      0.0
    ],
    [
      3.3,
      3.45,
      0.0
    ],
    [
      3.15,
      3.3,
      0.0
    ],
    [
      3.15,
      3.15,
      0.0
    ],
    [
      3.15,
      3.0,
      0.0
    ],
    [
      3.0,
      2.85,
      0.0
    ],
    [
      3.0,
      2.7,
      0.0
    ],
    [
      3.0,
      2.55,
      0.0
    ],
    [
      3.0,
      2.4,
      0.0
    ],
    [
      3.0,
      2.25,
      0.0
    ],
    [
      3.0,
      2.1,
      0.0
    ],
    [
      2.85,
      1.95,
      0.0
    ],
    [
      2.85,
      1.8,
      0.0
    ],
    [
      2.85,
      1.65,
      0.0
    ],
    [
      2.7,
      1.5,
      0.0
    ],
    [
      2.7,
      1.35,
      0.0
    ],
    [
      2.7,
      1.2,
      0.0
    ],
    [
      2.7,
      1.05,
      0.0
    ],
    [
      2.73788016742117,
      0.8799378176114234,
      0.0
    ]
  ]
}