{
  "algorithm": "semantic_dstar_lite",
  "scene_file": "/Users/ishita/Documents/GitHub/BEACON-semantics/data/complex/scenes/collision_required_076.json",
  "scene_family": "collision_required",
  "workspace": [
    0,
    6,
    0,
    6
  ],
  "start": [
    3.6009542044248564,
    2.1517834211857236,
    0.0
  ],
  "goal": [
    0.861488571173022,
    5.385478763295524,
    0.0
  ],
  "success": true,
  "summary": {
    "success": true,
    "algorithm": "semantic_dstar_lite",
    "grid_start": [
      24,
      14
    ],
    "grid_goal": [
      6,
      36
    ],
    "num_waypoints": 23,
    "path_length": 4.4064,
    "lambda_occ": 5.0,
    "lambda_sem": 2.5,
    "step": 0.15,
    "robot_radius": 0.12
  },
  "planner_config": {
    "step": 0.15,
    "robot_radius": 0.12,
    "lambda_occ": 5.0,
    "lambda_sem": 2.5,
    "step_duration": 1.0,
    "dynamic_decay": 2.5
  },
  "path": [
    [
      3.6009542044248564,
      2.1517834211857236,
      0.0
    ],
    [
      3.45,
      2.25,
      0.0
    ],
    [
      3.3,
      2.4,
      0.0
    ],
    [
      3.15,
      2.55,
      0.0
    ],
    [
      3.0,
      2.7,
      0.0
    ],
    [
      2.85,
      2.85,
      0.0
    ],
    [
      2.7,
      3.0,
      0.0
    ],
    [
      2.55,
      3.15,
      0.0
    ],
    [
      2.55,
      3.3,
      0.0
    ],
    [
      2.55,
      3.45,
      0.0
    ],
    [
      2.4,
      3.6,
      0.0
    ],
    [
      2.4,
      3.75,
      0.0
    ],
    [
      2.4,
      3.9,
      0.0
    ],
    [
      2.25,
      4.05,
      0.0
    ],
    [
      2.1,
      4.2,
      0.0
    ],
    [
      1.95,
      4.35,
      0.0
    ],
    [
      1.8,
      4.5,
      0.0
    ],
    [
      1.65,
      4.65,
      0.0
    ],
    [
      1.5,
      4.8,
      0.0
    ],
    [
      1.35,
      4.95,
      0.0
    ],
    [
      1.2,
      5.1,
      0.0
    ],
    [
      1.05,
      5.25,
      0.0
    ],
    [
      0.861488571173022,
      5.385478763295524,
      0.0
    ]
  ]
}