{
  "algorithm": "semantic_dstar_lite",
  "scene_file": "/Users/ishita/Documents/GitHub/BEACON-semantics/data/complex/scenes/collision_required_036.json",
  "scene_family": "collision_required",
  "workspace": [
    0,
    6,
    0,
    6
  ],
  "start": [
    2.1217671800542877,
    0.9176242853970041,
    0.0
  ],
  "goal": [
    3.2106584366989623,
    5.0138565392300665,
    0.0
  ],
  "success": true,
  "summary": {
    "success": true,
    "algorithm": "semantic_dstar_lite",
    "grid_start": [
      14,
      6
    ],
    "grid_goal": [
      21,
      33
    ],
    "num_waypoints": 29,
    "path_length": 4.8658,
    "lambda_occ": 5.0,
    "lambda_sem": 2.5,
    "step": 0.15,
    "robot_radius": 0.12
  },
  "planner_config": {
    "step": 0.15,
    "robot_radius": 0.12,
    "lambda_occ": 5.0,
    "lambda_sem": 2.5,
    "step_duration": 1.0,
    "dynamic_decay": 2.5
  },
  "path": [
    [
      2.1217671800542877,
      0.9176242853970041,
      0.0
    ],
    [
      2.25,
      1.05,
      0.0
    ],
    [
      2.4,
      1.2,
      0.0
    ],
    [
      2.55,
      1.35,
      0.0
    ],
    [
      2.7,
      1.5,
      0.0
    ],
    [
      2.85,
      1.5,
      0.0
    ],
    [
      3.0,
      1.65,
      0.0
    ],
    [
      3.0,
      1.8,
      0.0
    ],
    [
      3.0,
      1.95,
      0.0
    ],
    [
      3.0,
      2.1,
      0.0
    ],
    [
      3.0,
      2.25,
      0.0
    ],
    [
      3.0,
      2.4,
      0.0
    ],
    [
      3.0,
      2.55,
      0.0
    ],
    [
      3.0,
      2.7,
      0.0
    ],
    [
      3.0,
      2.85,
      0.0
    ],
    [
      3.0,
      3.0,
      0.0
    ],
    [
      3.0,
      3.15,
      0.0
    ],
    [
      2.85,
      3.3,
      0.0
    ],
    [
      2.85,
      3.45,
      0.0
    ],
    [
      2.85,
      3.6,
      0.0
    ],
    [
      2.85,
      3.75,
      0.0
    ],
    [
      2.7,
      3.9,
      0.0
    ],
    [
      2.7,
      4.05,
      0.0
    ],
    [
      2.7,
      4.2,
      0.0
    ],
    [
      2.85,
      4.35,
      0.0
    ],
    [
      3.0,
      4.5,
      0.0
    ],
    [
      3.15,
      4.65,
      0.0
    ],
    [
      3.15,
      4.8,
      0.0
    ],
    [
      3.2106584366989623,
      5.0138565392300665,
      0.0
    ]
  ]
}