{
  "algorithm": "semantic_dstar_lite",
  "scene_file": "/Users/ishita/Documents/GitHub/BEACON-semantics/data/complex/scenes/collision_required_087.json",
  "scene_family": "collision_required",
  "workspace": [
    0,
    6,
    0,
    6
  ],
  "start": [
    0.551106441053761,
    1.3461813656929469,
    0.0
  ],
  "goal": [
    4.522680458523614,
    2.227412497535059,
    0.0
  ],
  "success": true,
  "summary": {
    "success": true,
    "algorithm": "semantic_dstar_lite",
    "grid_start": [
      4,
      9
    ],
    "grid_goal": [
      30,
      15
    ],
    "num_waypoints": 27,
    "path_length": 4.4605,
    "lambda_occ": 5.0,
    "lambda_sem": 2.5,
    "step": 0.15,
    "robot_radius": 0.12
  },
  "planner_config": {
    "step": 0.15,
    "robot_radius": 0.12,
    "lambda_occ": 5.0,
    "lambda_sem": 2.5,
    "step_duration": 1.0,
    "dynamic_decay": 2.5
  },
  "path": [
    [
      0.551106441053761,
      1.3461813656929469,
      0.0
    ],
    [
      0.75,
      1.5,
      0.0
    ],
    [
      0.9,
      1.65,
      0.0
    ],
    [
      1.05,
      1.8,
      0.0
    ],
    [
      1.2,
      1.8,
      0.0
    ],
    [
      1.35,
      1.8,
      0.0
    ],
    [
      1.5,
      1.8,
      0.0
    ],
    [
      1.65,
      1.8,
      0.0
    ],
    [
      1.8,
      1.95,
      0.0
    ],
    [
      1.95,
      1.95,
      0.0
    ],
    [
      2.1,
      1.95,
      0.0
    ],
    [
      2.25,
      1.95,
      0.0
    ],
    [
      2.4,
      1.95,
      0.0
    ],
    [
      2.55,
      1.95,
      0.0
    ],
    [
      2.7,
      1.95,
      0.0
    ],
    [
      2.85,
      1.95,
      0.0
    ],
    [
      3.0,
      1.95,
      0.0
    ],
    [
      3.15,
      1.95,
      0.0
    ],
    [
      3.3,
      1.95,
      0.0
    ],
    [
      3.45,
      1.8,
      0.0
    ],
    [
      3.6,
      1.8,
      0.0
    ],
    [
      3.75,
      1.95,
      0.0
    ],
    [
      3.9,
      2.1,
      0.0
    ],
    [
      4.05,
      2.25,
      0.0
    ],
    [
      4.2,
      2.25,
      0.0
    ],
    [
      4.35,
      2.25,
      0.0
    ],
    [
      4.522680458523614,
      2.227412497535059,
      0.0
    ]
  ]
}