{
  "algorithm": "semantic_dstar_lite",
  "scene_file": "/Users/ishita/Documents/GitHub/BEACON-semantics/data/complex/scenes/collision_required_059.json",
  "scene_family": "collision_required",
  "workspace": [
    0,
    6,
    0,
    6
  ],
  "start": [
    0.4687688490758669,
    2.9971689699573134,
    0.0
  ],
  "goal": [
    4.595423373824971,
    0.590889439585282,
    0.0
  ],
  "success": true,
  "summary": {
    "success": true,
    "algorithm": "semantic_dstar_lite",
    "grid_start": [
      3,
      20
    ],
    "grid_goal": [
      31,
      4
    ],
    "num_waypoints": 34,
    "path_length": 5.6329,
    "lambda_occ": 5.0,
    "lambda_sem": 2.5,
    "step": 0.15,
    "robot_radius": 0.12
  },
  "planner_config": {
    "step": 0.15,
    "robot_radius": 0.12,
    "lambda_occ": 5.0,
    "lambda_sem": 2.5,
    "step_duration": 1.0,
    "dynamic_decay": 2.5
  },
  "path": [
    [
      0.4687688490758669,
      2.9971689699573134,
      0.0
    ],
    [
      0.6,
      3.0,
      0.0
    ],
    [
      0.75,
      3.0,
      0.0
    ],
    [
      0.9,
      3.0,
      0.0
    ],
    [
      1.05,
      3.0,
      0.0
    ],
    [
      1.2,
      3.0,
      0.0
    ],
    [
      1.35,
      3.0,
      0.0
    ],
    [
      1.5,
      3.0,
      0.0
    ],
    [
      1.65,
      3.0,
      0.0
    ],
    [
      1.8,
      3.0,
      0.0
    ],
    [
      1.95,
      3.0,
      0.0
    ],
    [
      2.1,
      3.0,
      0.0
    ],
    [
      2.25,
      3.0,
      0.0
    ],
    [
      2.4,
      3.0,
      0.0
    ],
    [
      2.55,
      3.0,
      0.0
    ],
    [
      2.7,
      3.0,
      0.0
    ],
    [
      2.85,
      3.0,
      0.0
    ],
    [
      3.0,
      3.0,
      0.0
    ],
    [
      3.15,
      2.85,
      0.0
    ],
    [
      3.3,
      2.7,
      0.0
    ],
    [
      3.45,
      2.55,
      0.0
    ],
    [
      3.6,
      2.4,
      0.0
    ],
    [
      3.75,
      2.25,
      0.0
    ],
    [
      3.9,
      2.1,
      0.0
    ],
    [
      4.05,
      1.95,
      0.0
    ],
    [
      4.2,
      1.8,
      0.0
    ],
    [
      4.2,
      1.65,
      0.0
    ],
    [
      4.2,
      1.5,
      0.0
    ],
    [
      4.35,
      1.35,
      0.0
    ],
    [
      4.5,
      1.2,
      0.0
    ],
    [
      4.65,
      1.05,
      0.0
    ],
    [
      4.65,
      0.9,
      0.0
    ],
    [
      4.65,
      0.75,
      0.0
    ],
    [
      4.595423373824971,
      0.590889439585282,
      0.0
    ]
  ]
}