{
  "algorithm": "semantic_dstar_lite",
  "scene_file": "/Users/ishita/Documents/GitHub/BEACON-semantics/data/complex/scenes/collision_required_021.json",
  "scene_family": "collision_required",
  "workspace": [
    0,
    6,
    0,
    6
  ],
  "start": [
    5.243815124949418,
    2.956106193534431,
    0.0
  ],
  "goal": [
    0.8541200036760457,
    1.2462741066091279,
    0.0
  ],
  "success": true,
  "summary": {
    "success": true,
    "algorithm": "semantic_dstar_lite",
    "grid_start": [
      35,
      20
    ],
    "grid_goal": [
      6,
      8
    ],
    "num_waypoints": 35,
    "path_length": 6.2443,
    "lambda_occ": 5.0,
    "lambda_sem": 2.5,
    "step": 0.15,
    "robot_radius": 0.12
  },
  "planner_config": {
    "step": 0.15,
    "robot_radius": 0.12,
    "lambda_occ": 5.0,
    "lambda_sem": 2.5,
    "step_duration": 1.0,
    "dynamic_decay": 2.5
  },
  "path": [
    [
      5.243815124949418,
      2.956106193534431,
      0.0
    ],
    [
      5.1,
      3.0,
      0.0
    ],
    [
      4.95,
      3.0,
      0.0
    ],
    [
      4.8,
      3.0,
      0.0
    ],
    [
      4.65,
      3.0,
      0.0
    ],
    [
      4.5,
      3.0,
      0.0
    ],
    [
      4.35,
      3.15,
      0.0
    ],
    [
      4.2,
      3.3,
      0.0
    ],
    [
      4.05,
      3.45,
      0.0
    ],
    [
      3.9,
      3.6,
      0.0
    ],
    [
      3.75,
      3.6,
      0.0
    ],
    [
      3.6,
      3.6,
      0.0
    ],
    [
      3.45,
      3.6,
      0.0
    ],
    [
      3.3,
      3.75,
      0.0
    ],
    [
      3.15,
      3.9,
      0.0
    ],
    [
      3.0,
      3.9,
      0.0
    ],
    [
      2.85,
      3.9,
      0.0
    ],
    [
      2.7,
      3.75,
      0.0
    ],
    [
      2.55,
      3.6,
      0.0
    ],
    [
      2.4,
      3.45,
      0.0
    ],
    [
      2.25,
      3.3,
      0.0
    ],
    [
      2.1,
      3.15,
      0.0
    ],
    [
      1.95,
      3.0,
      0.0
    ],
    [
      1.8,
      2.85,
      0.0
    ],
    [
      1.65,
      2.7,
      0.0
    ],
    [
      1.5,
      2.55,
      0.0
    ],
    [
      1.35,
      2.4,
      0.0
    ],
    [
      1.35,
      2.25,
      0.0
    ],
    [
      1.35,
      2.1,
      0.0
    ],
    [
      1.2,
      1.95,
      0.0
    ],
    [
      1.05,
      1.8,
      0.0
    ],
    [
      0.9,
      1.65,
      0.0
    ],
    [
      0.9,
      1.5,
      0.0
    ],
    [
      0.9,
      1.35,
      0.0
    ],
    [
      0.8541200036760457,
      1.2462741066091279,
      0.0
    ]
  ]
}