{
  "algorithm": "semantic_dstar_lite",
  "scene_file": "/Users/ishita/Documents/GitHub/BEACON-semantics/data/complex/scenes/collision_required_011.json",
  "scene_family": "collision_required",
  "workspace": [
    0,
    6,
    0,
    6
  ],
  "start": [
    5.360748254878722,
    3.893212460246223,
    0.0
  ],
  "goal": [
    1.4825605493744158,
    4.9979866193911375,
    0.0
  ],
  "success": true,
  "summary": {
    "success": true,
    "algorithm": "semantic_dstar_lite",
    "grid_start": [
      36,
      26
    ],
    "grid_goal": [
      10,
      33
    ],
    "num_waypoints": 27,
    "path_length": 4.3389,
    "lambda_occ": 5.0,
    "lambda_sem": 2.5,
    "step": 0.15,
    "robot_radius": 0.12
  },
  "planner_config": {
    "step": 0.15,
    "robot_radius": 0.12,
    "lambda_occ": 5.0,
    "lambda_sem": 2.5,
    "step_duration": 1.0,
    "dynamic_decay": 2.5
  },
  "path": [
    [
      5.360748254878722,
      3.893212460246223,
      0.0
    ],
    [
      5.25,
      4.05,
      0.0
    ],
    [
      5.1,
      4.2,
      0.0
    ],
    [
      4.95,
      4.35,
      0.0
    ],
    [
      4.8,
      4.35,
      0.0
    ],
    [
      4.65,
      4.5,
      0.0
    ],
    [
      4.5,
      4.5,
      0.0
    ],
    [
      4.35,
      4.5,
      0.0
    ],
    [
      4.2,
      4.5,
      0.0
    ],
    [
      4.05,
      4.5,
      0.0
    ],
    [
      3.9,
      4.5,
      0.0
    ],
    [
      3.75,
      4.65,
      0.0
    ],
    [
      3.6,
      4.65,
      0.0
    ],
    [
      3.45,
      4.65,
      0.0
    ],
    [
      3.3,
      4.65,
      0.0
    ],
    [
      3.15,
      4.65,
      0.0
    ],
    [
      3.0,
      4.65,
      0.0
    ],
    [
      2.85,
      4.65,
      0.0
    ],
    [
      2.7,
      4.65,
      0.0
    ],
    [
      2.55,
      4.8,
      0.0
    ],
    [
      2.4,
      4.95,
      0.0
    ],
    [
      2.25,
      4.95,
      0.0
    ],
    [
      2.1,
      4.95,
      0.0
    ],
    [
      1.95,
      4.95,
      0.0
    ],
    [
      1.8,
      4.95,
      0.0
    ],
    [
      1.65,
      4.95,
      0.0
    ],
    [
      1.4825605493744158,
      4.9979866193911375,
      0.0
    ]
  ]
}