{
  "algorithm": "semantic_dstar_lite",
  "scene_file": "/Users/ishita/Documents/GitHub/BEACON-semantics/data/complex/scenes/collision_required_017.json",
  "scene_family": "collision_required",
  "workspace": [
    0,
    6,
    0,
    6
  ],
  "start": [
    1.3990464616548997,
    0.5091943701457896,
    0.0
  ],
  "goal": [
    1.7066142343874868,
    5.016853281961329,
    0.0
  ],
  "success": true,
  "summary": {
    "success": true,
    "algorithm": "semantic_dstar_lite",
    "grid_start": [
      9,
      3
    ],
    "grid_goal": [
      11,
      33
    ],
    "num_waypoints": 31,
    "path_length": 4.7463,
    "lambda_occ": 5.0,
    "lambda_sem": 2.5,
    "step": 0.15,
    "robot_radius": 0.12
  },
  "planner_config": {
    "step": 0.15,
    "robot_radius": 0.12,
    "lambda_occ": 5.0,
    "lambda_sem": 2.5,
    "step_duration": 1.0,
    "dynamic_decay": 2.5
  },
  "path": [
    [
      1.3990464616548997,
      0.5091943701457896,
      0.0
    ],
    [
      1.5,
      0.6,
      0.0
    ],
    [
      1.65,
      0.75,
      0.0
    ],
    [
      1.65,
      0.9,
      0.0
    ],
    [
      1.65,
      1.05,
      0.0
    ],
    [
      1.65,
      1.2,
      0.0
    ],
    [
      1.65,
      1.35,
      0.0
    ],
    [
      1.65,
      1.5,
      0.0
    ],
    [
      1.65,
      1.65,
      0.0
    ],
    [
      1.65,
      1.8,
      0.0
    ],
    [
      1.65,
      1.95,
      0.0
    ],
    [
      1.65,
      2.1,
      0.0
    ],
    [
      1.65,
      2.25,
      0.0
    ],
    [
      1.65,
      2.4,
      0.0
    ],
    [
      1.8,
      2.55,
      0.0
    ],
    [
      1.65,
      2.7,
      0.0
    ],
    [
      1.65,
      2.85,
      0.0
    ],
    [
      1.65,
      3.0,
      0.0
    ],
    [
      1.65,
      3.15,
      0.0
    ],
    [
      1.65,
      3.3,
      0.0
    ],
    [
      1.65,
      3.45,
      0.0
    ],
    [
      1.65,
      3.6,
      0.0
    ],
    [
      1.65,
      3.75,
      0.0
    ],
    [
      1.65,
      3.9,
      0.0
    ],
    [
      1.65,
      4.05,
      0.0
    ],
    [
      1.65,
      4.2,
      0.0
    ],
    [
      1.65,
      4.35,
      0.0
    ],
    [
      1.65,
      4.5,
      0.0
    ],
    [
      1.65,
      4.65,
      0.0
    ],
    [
      1.65,
      4.8,
      0.0
    ],
    [
      1.7066142343874868,
      5.016853281961329,
      0.0
    ]
  ]
}