{
  "algorithm": "semantic_dstar_lite",
  "scene_file": "/Users/ishita/Documents/GitHub/BEACON-semantics/data/complex/scenes/cluttered/000.json",
  "scene_family": "cluttered",
  "workspace": [
    0,
    6,
    0,
    6
  ],
  "start": [
    0.5254128268790088,
    4.844597319479239,
    0.0
  ],
  "goal": [
    3.7224340647943155,
    1.1316821734167182,
    0.0
  ],
  "success": true,
  "summary": {
    "success": true,
    "algorithm": "semantic_dstar_lite",
    "grid_start": [
      4,
      32
    ],
    "grid_goal": [
      25,
      8
    ],
    "num_waypoints": 54,
    "path_length": 8.7442,
    "lambda_occ": 5.0,
    "lambda_sem": 2.5,
    "step": 0.15,
    "robot_radius": 0.12
  },
  "planner_config": {
    "step": 0.15,
    "robot_radius": 0.12,
    "lambda_occ": 5.0,
    "lambda_sem": 2.5,
    "step_duration": 1.0,
    "dynamic_decay": 2.5
  },
  "path": [
    [
      0.5254128268790088,
      4.844597319479239,
      0.0
    ],
    [
      0.6,
      4.65,
      0.0
    ],
    [
      0.45,
      4.5,
      0.0
    ],
    [
      0.3,
      4.35,
      0.0
    ],
    [
      0.3,
      4.2,
      0.0
    ],
    [
      0.3,
      4.05,
      0.0
    ],
    [
      0.3,
      3.9,
      0.0
    ],
    [
      0.3,
      3.75,
      0.0
    ],
    [
      0.3,
      3.6,
      0.0
    ],
    [
      0.3,
      3.45,
      0.0
    ],
    [
      0.3,
      3.3,
      0.0
    ],
    [
      0.3,
      3.15,
      0.0
    ],
    [
      0.3,
      3.0,
      0.0
    ],
    [
      0.3,
      2.85,
      0.0
    ],
    [
      0.3,
      2.7,
      0.0
    ],
    [
      0.3,
      2.55,
      0.0
    ],
    [
      0.3,
      2.4,
      0.0
    ],
    [
      0.3,
      2.25,
      0.0
    ],
    [
      0.3,
      2.1,
      0.0
    ],
    [
      0.3,
      1.95,
      0.0
    ],
    [
      0.3,
      1.8,
      0.0
    ],
    [
      0.45,
      1.65,
      0.0
    ],
    [
      0.6,
      1.5,
      0.0
    ],
    [
      0.75,
      1.35,
      0.0
    ],
    [
      0.75,
      1.2,
      0.0
    ],
    [
      0.75,
      1.05,
      0.0
    ],
    [
      0.75,
      0.9,
      0.0
    ],
    [
      0.75,
      0.75,
      0.0
    ],
    [
      0.75,
      0.6,
      0.0
    ],
    [
      0.75,
      0.45,
      0.0
    ],
    [
      0.75,
      0.3,
      0.0
    ],
    [
      0.75,
      0.15,
      0.0
    ],
    [
      0.9,
      0.0,
      0.0
    ],
    [
      1.05,
      0.0,
      0.0
    ],
    [
      1.2,
      0.0,
      0.0
    ],
    [
      1.35,
      0.0,
      0.0
    ],
    [
      1.5,
      0.15,
      0.0
    ],
    [
      1.5,
      0.3,
      0.0
    ],
    [
      1.5,
      0.45,
      0.0
    ],
    [
      1.65,
      0.6,
      0.0
    ],
    [
      1.8,
      0.75,
      0.0
    ],
    [
      1.95,
      0.9,
      0.0
    ],
    [
      2.1,
      1.05,
      0.0
    ],
    [
      2.25,
      1.05,
      0.0
    ],
    [
      2.4,
      1.05,
      0.0
    ],
    [
      2.55,
      1.05,
      0.0
    ],
    [
      2.7,
      1.05,
      0.0
    ],
    [
      2.85,
      1.05,
      0.0
    ],
    [
      3.0,
      1.05,
      0.0
    ],
    [
      3.15,
      1.05,
      0.0
    ],
    [
      3.3,
      1.05,
      0.0
    ],
    [
      3.45,
      1.2,
      0.0
    ],
    [
      3.6,
      1.2,
      0.0
    ],
    [
      3.7224340647943155,
      1.1316821734167182,
      0.0
    ]
  ]
}