{
  "algorithm": "semantic_dstar_lite",
  "scene_file": "/Users/ishita/Documents/GitHub/BEACON-semantics/data/complex/scenes/cluttered/001.json",
  "scene_family": "cluttered",
  "workspace": [
    0,
    6,
    0,
    6
  ],
  "start": [
    3.4581902121414902,
    1.2506624944292148,
    0.0
  ],
  "goal": [
    0.9403586587569782,
    5.029681953131986,
    0.0
  ],
  "success": true,
  "summary": {
    "success": true,
    "algorithm": "semantic_dstar_lite",
    "grid_start": [
      23,
      8
    ],
    "grid_goal": [
      6,
      34
    ],
    "num_waypoints": 41,
    "path_length": 7.2188,
    "lambda_occ": 5.0,
    "lambda_sem": 2.5,
    "step": 0.15,
    "robot_radius": 0.12
  },
  "planner_config": {
    "step": 0.15,
    "robot_radius": 0.12,
    "lambda_occ": 5.0,
    "lambda_sem": 2.5,
    "step_duration": 1.0,
    "dynamic_decay": 2.5
  },
  "path": [
    [
      3.4581902121414902,
      1.2506624944292148,
      0.0
    ],
    [
      3.3,
      1.35,
      0.0
    ],
    [
      3.15,
      1.5,
      0.0
    ],
    [
      3.0,
      1.65,
      0.0
    ],
    [
      2.85,
      1.8,
      0.0
    ],
    [
      2.7,
      1.95,
      0.0
    ],
    [
      2.55,
      2.1,
      0.0
    ],
    [
      2.4,
      2.1,
      0.0
    ],
    [
      2.25,
      2.1,
      0.0
    ],
    [
      2.1,
      2.1,
      0.0
    ],
    [
      1.95,
      2.1,
      0.0
    ],
    [
      1.8,
      2.1,
      0.0
    ],
    [
      1.65,
      1.95,
      0.0
    ],
    [
      1.5,
      1.95,
      0.0
    ],
    [
      1.35,
      1.95,
      0.0
    ],
    [
      1.2,
      1.8,
      0.0
    ],
    [
      1.05,
      1.8,
      0.0
    ],
    [
      0.9,
      1.65,
      0.0
    ],
    [
      0.75,
      1.8,
      0.0
    ],
    [
      0.6,
      1.95,
      0.0
    ],
    [
      0.6,
      2.1,
      0.0
    ],
    [
      0.6,
      2.25,
      0.0
    ],
    [
      0.6,
      2.4,
      0.0
    ],
    [
      0.6,
      2.55,
      0.0
    ],
    [
      0.45,
      2.7,
      0.0
    ],
    [
      0.45,
      2.85,
      0.0
    ],
    [
      0.45,
      3.0,
      0.0
    ],
    [
      0.3,
      3.15,
      0.0
    ],
    [
      0.15,
      3.3,
      0.0
    ],
    [
      0.0,
      3.45,
      0.0
    ],
    [
      0.0,
      3.6,
      0.0
    ],
    [
      0.15,
      3.75,
      0.0
    ],
    [
      0.15,
      3.9,
      0.0
    ],
    [
      0.3,
      4.05,
      0.0
    ],
    [
      0.45,
      4.2,
      0.0
    ],
    [
      0.6,
      4.35,
      0.0
    ],
    [
      0.75,
      4.5,
      0.0
    ],
    [
      0.9,
      4.65,
      0.0
    ],
    [
      0.9,
      4.8,
      0.0
    ],
    [
      0.9,
      4.95,
      0.0
    ],
    [
      0.9403586587569782,
      5.029681953131986,
      0.0
    ]
  ]
}