{
  "algorithm": "d_star_lite",
  "scene_file": "/Users/ishita/Documents/GitHub/BEACON-semantics/data/complex/scenes/collision_required_057.json",
  "scene_family": "collision_required",
  "workspace": [
    0,
    6,
    0,
    6
  ],
  "planning_mode": "collision_free",
  "grid_step": 0.15,
  "robot_radius": 0.12,
  "start": [
    3.434515555186967,
    4.220576221097656,
    0.0
  ],
  "goal": [
    0.4658608491953461,
    0.9835031972999695,
    0.0
  ],
  "success": true,
  "summary": {
    "success": true,
    "grid_start": [
      23,
      28
    ],
    "grid_goal": [
      3,
      7
    ],
    "num_waypoints": 26,
    "path_length": 4.7489
  },
  "path": [
    [
      3.434515555186967,
      4.220576221097656,
      0.0
    ],
    [
      3.3,
      4.05,
      0.0
    ],
    [
      3.15,
      3.9,
      0.0
    ],
    [
      3.0,
      3.75,
      0.0
    ],
    [
      2.85,
      3.6,
      0.0
    ],
    [
      2.7,
      3.45,
      0.0
    ],
    [
      2.55,
      3.3,
      0.0
    ],
    [
      2.4,
      3.15,
      0.0
    ],
    [
      2.25,
      3.0,
      0.0
    ],
    [
      2.25,
      2.85,
      0.0
    ],
    [
      2.1,
      2.7,
      0.0
    ],
    [
      2.1,
      2.55,
      0.0
    ],
    [
      2.1,
      2.4,
      0.0
    ],
    [
      1.95,
      2.25,
      0.0
    ],
    [
      1.8,
      2.1,
      0.0
    ],
    [
      1.65,
      1.95,
      0.0
    ],
    [
      1.65,
      1.8,
      0.0
    ],
    [
      1.5,
      1.65,
      0.0
    ],
    [
      1.5,
      1.5,
      0.0
    ],
    [
      1.35,
      1.35,
      0.0
    ],
    [
      1.2,
      1.2,
      0.0
    ],
    [
      1.05,
      1.05,
      0.0
    ],
    [
      0.9,
      1.05,
      0.0
    ],
    [
      0.75,
      1.05,
      0.0
    ],
    [
      0.6,
      1.05,
      0.0
    ],
    [
      0.4658608491953461,
      0.9835031972999695,
      0.0
    ]
  ]
}