{
  "algorithm": "d_star_lite",
  "scene_file": "/Users/ishita/Documents/GitHub/BEACON-semantics/data/complex/scenes/collision_required_004.json",
  "scene_family": "collision_required",
  "workspace": [
    0,
    6,
    0,
    6
  ],
  "planning_mode": "collision_free",
  "grid_step": 0.15,
  "robot_radius": 0.12,
  "start": [
    0.8792450591496149,
    1.4825754708356835,
    0.0
  ],
  "goal": [
    5.112141035226574,
    2.1034365270193858,
    0.0
  ],
  "success": true,
  "summary": {
    "success": true,
    "grid_start": [
      6,
      10
    ],
    "grid_goal": [
      34,
      14
    ],
    "num_waypoints": 29,
    "path_length": 5.2279
  },
  "path": [
    [
      0.8792450591496149,
      1.4825754708356835,
      0.0
    ],
    [
      1.05,
      1.5,
      0.0
    ],
    [
      1.2,
      1.5,
      0.0
    ],
    [
      1.35,
      1.35,
      0.0
    ],
    [
      1.5,
      1.35,
      0.0
    ],
    [
      1.65,
      1.35,
      0.0
    ],
    [
      1.8,
      1.35,
      0.0
    ],
    [
      1.95,
      1.35,
      0.0
    ],
    [
      2.1,
      1.2,
      0.0
    ],
    [
      2.25,
      1.2,
      0.0
    ],
    [
      2.4,
      1.05,
      0.0
    ],
    [
      2.55,
      0.9,
      0.0
    ],
    [
      2.7,
      0.75,
      0.0
    ],
    [
      2.85,
      0.6,
      0.0
    ],
    [
      3.0,
      0.6,
      0.0
    ],
    [
      3.15,
      0.6,
      0.0
    ],
    [
      3.3,
      0.6,
      0.0
    ],
    [
      3.45,
      0.75,
      0.0
    ],
    [
      3.6,
      0.9,
      0.0
    ],
    [
      3.75,
      1.05,
      0.0
    ],
    [
      3.9,
      1.2,
      0.0
    ],
    [
      4.05,
      1.35,
      0.0
    ],
    [
      4.2,
      1.5,
      0.0
    ],
    [
      4.35,
      1.65,
      0.0
    ],
    [
      4.5,
      1.8,
      0.0
    ],
    [
      4.65,
      1.95,
      0.0
    ],
    [
      4.8,
      2.1,
      0.0
    ],
    [
      4.95,
      2.1,
      0.0
    ],
    [
      5.112141035226574,
      2.1034365270193858,
      0.0
    ]
  ]
}