{
  "algorithm": "d_star_lite",
  "scene_file": "/Users/ishita/Documents/GitHub/BEACON-semantics/data/complex/scenes/collision_required_092.json",
  "scene_family": "collision_required",
  "workspace": [
    0,
    6,
    0,
    6
  ],
  "planning_mode": "collision_free",
  "grid_step": 0.15,
  "robot_radius": 0.12,
  "start": [
    3.197642629470432,
    5.220472130904738,
    0.0
  ],
  "goal": [
    4.677098332047381,
    1.3694412647167873,
    0.0
  ],
  "success": true,
  "summary": {
    "success": true,
    "grid_start": [
      21,
      35
    ],
    "grid_goal": [
      31,
      9
    ],
    "num_waypoints": 27,
    "path_length": 4.4506
  },
  "path": [
    [
      3.197642629470432,
      5.220472130904738,
      0.0
    ],
    [
      3.3,
      5.1,
      0.0
    ],
    [
      3.45,
      4.95,
      0.0
    ],
    [
      3.6,
      4.8,
      0.0
    ],
    [
      3.75,
      4.65,
      0.0
    ],
    [
      3.75,
      4.5,
      0.0
    ],
    [
      3.75,
      4.35,
      0.0
    ],
    [
      3.75,
      4.2,
      0.0
    ],
    [
      3.75,
      4.05,
      0.0
    ],
    [
      3.75,
      3.9,
      0.0
    ],
    [
      3.75,
      3.75,
      0.0
    ],
    [
      3.75,
      3.6,
      0.0
    ],
    [
      3.75,
      3.45,
      0.0
    ],
    [
      3.75,
      3.3,
      0.0
    ],
    [
      3.9,
      3.15,
      0.0
    ],
    [
      3.9,
      3.0,
      0.0
    ],
    [
      4.05,
      2.85,
      0.0
    ],
    [
      4.2,
      2.7,
      0.0
    ],
    [
      4.2,
      2.55,
      0.0
    ],
    [
      4.2,
      2.4,
      0.0
    ],
    [
      4.2,
      2.25,
      0.0
    ],
    [
      4.35,
      2.1,
      0.0
    ],
    [
      4.5,
      1.95,
      0.0
    ],
    [
      4.65,
      1.8,
      0.0
    ],
    [
      4.65,
      1.65,
      0.0
    ],
    [
      4.65,
      1.5,
      0.0
    ],
    [
      4.677098332047381,
      1.3694412647167873,
      0.0
    ]
  ]
}