{
  "algorithm": "d_star_lite",
  "scene_file": "/Users/ishita/Documents/GitHub/BEACON-semantics/data/complex/scenes/collision_required_050.json",
  "scene_family": "collision_required",
  "workspace": [
    0,
    6,
    0,
    6
  ],
  "planning_mode": "collision_free",
  "grid_step": 0.15,
  "robot_radius": 0.12,
  "start": [
    1.6593461491556025,
    3.3050859699300426,
    0.0
  ],
  "goal": [
    4.7512936076984165,
    0.5501196800778834,
    0.0
  ],
  "success": true,
  "summary": {
    "success": true,
    "grid_start": [
      11,
      22
    ],
    "grid_goal": [
      32,
      4
    ],
    "num_waypoints": 23,
    "path_length": 4.3164
  },
  "path": [
    [
      1.6593461491556025,
      3.3050859699300426,
      0.0
    ],
    [
      1.8,
      3.15,
      0.0
    ],
    [
      1.95,
      3.0,
      0.0
    ],
    [
      2.1,
      2.85,
      0.0
    ],
    [
      2.25,
      2.7,
      0.0
    ],
    [
      2.4,
      2.55,
      0.0
    ],
    [
      2.55,
      2.4,
      0.0
    ],
    [
      2.7,
      2.25,
      0.0
    ],
    [
      2.85,
      2.1,
      0.0
    ],
    [
      2.85,
      1.95,
      0.0
    ],
    [
      3.0,
      1.8,
      0.0
    ],
    [
      3.15,
      1.65,
      0.0
    ],
    [
      3.3,
      1.5,
      0.0
    ],
    [
      3.45,
      1.35,
      0.0
    ],
    [
      3.6,
      1.2,
      0.0
    ],
    [
      3.75,
      1.2,
      0.0
    ],
    [
      3.9,
      1.2,
      0.0
    ],
    [
      4.05,
      1.05,
      0.0
    ],
    [
      4.2,
      0.9,
      0.0
    ],
    [
      4.35,
      0.75,
      0.0
    ],
    [
      4.5,
      0.6,
      0.0
    ],
    [
      4.65,
      0.6,
      0.0
    ],
    [
      4.7512936076984165,
      0.5501196800778834,
      0.0
    ]
  ]
}