{
  "algorithm": "d_star_lite",
  "scene_file": "/Users/ishita/Documents/GitHub/BEACON-semantics/data/complex/scenes/collision_required_096.json",
  "scene_family": "collision_required",
  "workspace": [
    0,
    6,
    0,
    6
  ],
  "planning_mode": "collision_free",
  "grid_step": 0.15,
  "robot_radius": 0.12,
  "start": [
    2.680159638780151,
    0.8456630882034026,
    0.0
  ],
  "goal": [
    3.0099080990178395,
    5.446480565414091,
    0.0
  ],
  "success": true,
  "summary": {
    "success": true,
    "grid_start": [
      18,
      6
    ],
    "grid_goal": [
      20,
      36
    ],
    "num_waypoints": 31,
    "path_length": 4.9731
  },
  "path": [
    [
      2.680159638780151,
      0.8456630882034026,
      0.0
    ],
    [
      2.85,
      1.05,
      0.0
    ],
    [
      3.0,
      1.2,
      0.0
    ],
    [
      3.0,
      1.35,
      0.0
    ],
    [
      3.0,
      1.5,
      0.0
    ],
    [
      3.0,
      1.65,
      0.0
    ],
    [
      3.0,
      1.8,
      0.0
    ],
    [
      3.0,
      1.95,
      0.0
    ],
    [
      3.0,
      2.1,
      0.0
    ],
    [
      3.0,
      2.25,
      0.0
    ],
    [
      2.85,
      2.4,
      0.0
    ],
    [
      2.85,
      2.55,
      0.0
    ],
    [
      3.0,
      2.7,
      0.0
    ],
    [
      3.0,
      2.85,
      0.0
    ],
    [
      3.0,
      3.0,
      0.0
    ],
    [
      3.0,
      3.15,
      0.0
    ],
    [
      3.15,
      3.3,
      0.0
    ],
    [
      3.0,
      3.45,
      0.0
    ],
    [
      3.0,
      3.6,
      0.0
    ],
    [
      3.0,
      3.75,
      0.0
    ],
    [
      3.0,
      3.9,
      0.0
    ],
    [
      3.0,
      4.05,
      0.0
    ],
    [
      3.0,
      4.2,
      0.0
    ],
    [
      3.0,
      4.35,
      0.0
    ],
    [
      3.0,
      4.5,
      0.0
    ],
    [
      3.0,
      4.65,
      0.0
    ],
    [
      3.0,
      4.8,
      0.0
    ],
    [
      3.0,
      4.95,
      0.0
    ],
    [
      3.0,
      5.1,
      0.0
    ],
    [
      3.0,
      5.25,
      0.0
    ],
    [
      3.0099080990178395,
      5.446480565414091,
      0.0
    ]
  ]
}