{
  "algorithm": "d_star_lite",
  "scene_file": "/Users/ishita/Documents/GitHub/BEACON-semantics/data/complex/scenes/collision_required_088.json",
  "scene_family": "collision_required",
  "workspace": [
    0,
    6,
    0,
    6
  ],
  "planning_mode": "collision_free",
  "grid_step": 0.15,
  "robot_radius": 0.12,
  "start": [
    5.530766692583888,
    3.8971637764973823,
    0.0
  ],
  "goal": [
    1.825391037568627,
    0.5231558522106886,
    0.0
  ],
  "success": true,
  "summary": {
    "success": true,
    "grid_start": [
      37,
      26
    ],
    "grid_goal": [
      12,
      3
    ],
    "num_waypoints": 26,
    "path_length": 5.1583
  },
  "path": [
    [
      5.530766692583888,
      3.8971637764973823,
      0.0
    ],
    [
      5.4,
      3.75,
      0.0
    ],
    [
      5.25,
      3.6,
      0.0
    ],
    [
      5.1,
      3.45,
      0.0
    ],
    [
      4.95,
      3.3,
      0.0
    ],
    [
      4.8,
      3.15,
      0.0
    ],
    [
      4.65,
      3.0,
      0.0
    ],
    [
      4.5,
      2.85,
      0.0
    ],
    [
      4.35,
      2.7,
      0.0
    ],
    [
      4.2,
      2.55,
      0.0
    ],
    [
      4.05,
      2.4,
      0.0
    ],
    [
      3.9,
      2.25,
      0.0
    ],
    [
      3.75,
      2.1,
      0.0
    ],
    [
      3.6,
      1.95,
      0.0
    ],
    [
      3.45,
      1.8,
      0.0
    ],
    [
      3.3,
      1.65,
      0.0
    ],
    [
      3.15,
      1.5,
      0.0
    ],
    [
      3.0,
      1.35,
      0.0
    ],
    [
      2.85,
      1.2,
      0.0
    ],
    [
      2.7,
      1.05,
      0.0
    ],
    [
      2.55,
      0.9,
      0.0
    ],
    [
      2.4,
      0.75,
      0.0
    ],
    [
      2.25,
      0.6,
      0.0
    ],
    [
      2.1,
      0.45,
      0.0
    ],
    [
      1.95,
      0.45,
      0.0
    ],
    [
      1.825391037568627,
      0.5231558522106886,
      0.0
    ]
  ]
}