{
  "algorithm": "d_star_lite",
  "scene_file": "/Users/ishita/Documents/GitHub/BEACON-semantics/data/complex/scenes/collision_required_052.json",
  "scene_family": "collision_required",
  "workspace": [
    0,
    6,
    0,
    6
  ],
  "planning_mode": "collision_free",
  "grid_step": 0.15,
  "robot_radius": 0.12,
  "start": [
    5.501113233788464,
    1.458812482548514,
    0.0
  ],
  "goal": [
    1.5236316493115265,
    2.4578179126618647,
    0.0
  ],
  "success": true,
  "summary": {
    "success": true,
    "grid_start": [
      37,
      10
    ],
    "grid_goal": [
      10,
      16
    ],
    "num_waypoints": 28,
    "path_length": 4.4159
  },
  "path": [
    [
      5.501113233788464,
      1.458812482548514,
      0.0
    ],
    [
      5.4,
      1.65,
      0.0
    ],
    [
      5.25,
      1.8,
      0.0
    ],
    [
      5.1,
      1.95,
      0.0
    ],
    [
      4.95,
      1.95,
      0.0
    ],
    [
      4.8,
      1.95,
      0.0
    ],
    [
      4.65,
      1.95,
      0.0
    ],
    [
      4.5,
      1.95,
      0.0
    ],
    [
      4.35,
      1.95,
      0.0
    ],
    [
      4.2,
      1.95,
      0.0
    ],
    [
      4.05,
      1.95,
      0.0
    ],
    [
      3.9,
      1.95,
      0.0
    ],
    [
      3.75,
      2.1,
      0.0
    ],
    [
      3.6,
      2.1,
      0.0
    ],
    [
      3.45,
      2.1,
      0.0
    ],
    [
      3.3,
      2.1,
      0.0
    ],
    [
      3.15,
      2.1,
      0.0
    ],
    [
      3.0,
      2.1,
      0.0
    ],
    [
      2.85,
      2.1,
      0.0
    ],
    [
      2.7,
      2.1,
      0.0
    ],
    [
      2.55,
      2.25,
      0.0
    ],
    [
      2.4,
      2.4,
      0.0
    ],
    [
      2.25,
      2.4,
      0.0
    ],
    [
      2.1,
      2.4,
      0.0
    ],
    [
      1.95,
      2.4,
      0.0
    ],
    [
      1.8,
      2.4,
      0.0
    ],
    [
      1.65,
      2.4,
      0.0
    ],
    [
      1.5236316493115265,
      2.4578179126618647,
      0.0
    ]
  ]
}