{
  "algorithm": "d_star_lite",
  "scene_file": "/Users/ishita/Documents/GitHub/BEACON-semantics/data/complex/scenes/collision_required_046.json",
  "scene_family": "collision_required",
  "workspace": [
    0,
    6,
    0,
    6
  ],
  "planning_mode": "collision_free",
  "grid_step": 0.15,
  "robot_radius": 0.12,
  "start": [
    4.582743140795074,
    0.6256177195172363,
    0.0
  ],
  "goal": [
    1.247654185546531,
    5.529488405347692,
    0.0
  ],
  "success": true,
  "summary": {
    "success": true,
    "grid_start": [
      31,
      4
    ],
    "grid_goal": [
      8,
      37
    ],
    "num_waypoints": 34,
    "path_length": 6.3043
  },
  "path": [
    [
      4.582743140795074,
      0.6256177195172363,
      0.0
    ],
    [
      4.5,
      0.75,
      0.0
    ],
    [
      4.5,
      0.9,
      0.0
    ],
    [
      4.5,
      1.05,
      0.0
    ],
    [
      4.5,
      1.2,
      0.0
    ],
    [
      4.35,
      1.35,
      0.0
    ],
    [
      4.2,
      1.5,
      0.0
    ],
    [
      4.05,
      1.65,
      0.0
    ],
    [
      3.9,
      1.8,
      0.0
    ],
    [
      3.75,
      1.95,
      0.0
    ],
    [
      3.6,
      2.1,
      0.0
    ],
    [
      3.45,
      2.25,
      0.0
    ],
    [
      3.3,
      2.4,
      0.0
    ],
    [
      3.15,
      2.55,
      0.0
    ],
    [
      3.0,
      2.7,
      0.0
    ],
    [
      2.85,
      2.85,
      0.0
    ],
    [
      2.7,
      3.0,
      0.0
    ],
    [
      2.55,
      3.15,
      0.0
    ],
    [
      2.4,
      3.3,
      0.0
    ],
    [
      2.25,
      3.45,
      0.0
    ],
    [
      2.1,
      3.6,
      0.0
    ],
    [
      1.95,
      3.75,
      0.0
    ],
    [
      1.8,
      3.9,
      0.0
    ],
    [
      1.65,
      4.05,
      0.0
    ],
    [
      1.65,
      4.2,
      0.0
    ],
    [
      1.65,
      4.35,
      0.0
    ],
    [
      1.65,
      4.5,
      0.0
    ],
    [
      1.65,
      4.65,
      0.0
    ],
    [
      1.5,
      4.8,
      0.0
    ],
    [
      1.35,
      4.95,
      0.0
    ],
    [
      1.2,
      5.1,
      0.0
    ],
    [
      1.2,
      5.25,
      0.0
    ],
    [
      1.2,
      5.4,
      0.0
    ],
    [
      1.247654185546531,
      5.529488405347692,
      0.0
    ]
  ]
}