{
  "algorithm": "d_star_lite",
  "scene_file": "/Users/ishita/Documents/GitHub/BEACON-semantics/data/complex/scenes/collision_required_082.json",
  "scene_family": "collision_required",
  "workspace": [
    0,
    6,
    0,
    6
  ],
  "planning_mode": "collision_free",
  "grid_step": 0.15,
  "robot_radius": 0.12,
  "start": [
    0.7502528693387576,
    3.683076235837759,
    0.0
  ],
  "goal": [
    5.330737712263497,
    0.7881140192427027,
    0.0
  ],
  "success": true,
  "summary": {
    "success": true,
    "grid_start": [
      5,
      25
    ],
    "grid_goal": [
      36,
      5
    ],
    "num_waypoints": 41,
    "path_length": 6.5819
  },
  "path": [
    [
      0.7502528693387576,
      3.683076235837759,
      0.0
    ],
    [
      0.9,
      3.6,
      0.0
    ],
    [
      0.9,
      3.45,
      0.0
    ],
    [
      0.9,
      3.3,
      0.0
    ],
    [
      0.9,
      3.15,
      0.0
    ],
    [
      0.9,
      3.0,
      0.0
    ],
    [
      0.9,
      2.85,
      0.0
    ],
    [
      0.9,
      2.7,
      0.0
    ],
    [
      0.9,
      2.55,
      0.0
    ],
    [
      0.9,
      2.4,
      0.0
    ],
    [
      0.9,
      2.25,
      0.0
    ],
    [
      1.05,
      2.1,
      0.0
    ],
    [
      1.2,
      1.95,
      0.0
    ],
    [
      1.35,
      1.95,
      0.0
    ],
    [
      1.5,
      1.95,
      0.0
    ],
    [
      1.65,
      1.95,
      0.0
    ],
    [
      1.8,
      1.95,
      0.0
    ],
    [
      1.95,
      1.95,
      0.0
    ],
    [
      2.1,
      1.95,
      0.0
    ],
    [
      2.25,
      1.95,
      0.0
    ],
    [
      2.4,
      1.95,
      0.0
    ],
    [
      2.55,
      1.95,
      0.0
    ],
    [
      2.7,
      1.8,
      0.0
    ],
    [
      2.85,
      1.65,
      0.0
    ],
    [
      3.0,
      1.5,
      0.0
    ],
    [
      3.15,
      1.35,
      0.0
    ],
    [
      3.3,
      1.2,
      0.0
    ],
    [
      3.45,
      1.2,
      0.0
    ],
    [
      3.6,
      1.2,
      0.0
    ],
    [
      3.75,
      1.2,
      0.0
    ],
    [
      3.9,
      1.2,
      0.0
    ],
    [
      4.05,
      1.2,
      0.0
    ],
    [
      4.2,
      1.2,
      0.0
    ],
    [
      4.35,
      1.2,
      0.0
    ],
    [
      4.5,
      1.2,
      0.0
    ],
    [
      4.65,
      1.05,
      0.0
    ],
    [
      4.8,
      0.9,
      0.0
    ],
    [
      4.95,
      0.75,
      0.0
    ],
    [
      5.1,
      0.75,
      0.0
    ],
    [
      5.25,
      0.75,
      0.0
    ],
    [
      5.330737712263497,
      0.7881140192427027,
      0.0
    ]
  ]
}