{
  "algorithm": "d_star_lite",
  "scene_file": "/Users/ishita/Documents/GitHub/BEACON-semantics/data/complex/scenes/collision_required_058.json",
  "scene_family": "collision_required",
  "workspace": [
    0,
    6,
    0,
    6
  ],
  "planning_mode": "collision_free",
  "grid_step": 0.15,
  "robot_radius": 0.12,
  "start": [
    0.9928738756464868,
    3.381088976802763,
    0.0
  ],
  "goal": [
    4.971633942587266,
    2.6353776018011525,
    0.0
  ],
  "success": true,
  "summary": {
    "success": true,
    "grid_start": [
      7,
      23
    ],
    "grid_goal": [
      33,
      18
    ],
    "num_waypoints": 27,
    "path_length": 4.2544
  },
  "path": [
    [
      0.9928738756464868,
      3.381088976802763,
      0.0
    ],
    [
      1.2,
      3.3,
      0.0
    ],
    [
      1.35,
      3.15,
      0.0
    ],
    [
      1.5,
      3.0,
      0.0
    ],
    [
      1.65,
      3.0,
      0.0
    ],
    [
      1.8,
      3.0,
      0.0
    ],
    [
      1.95,
      3.0,
      0.0
    ],
    [
      2.1,
      3.0,
      0.0
    ],
    [
      2.25,
      3.0,
      0.0
    ],
    [
      2.4,
      2.85,
      0.0
    ],
    [
      2.55,
      2.85,
      0.0
    ],
    [
      2.7,
      2.7,
      0.0
    ],
    [
      2.85,
      2.7,
      0.0
    ],
    [
      3.0,
      2.7,
      0.0
    ],
    [
      3.15,
      2.7,
      0.0
    ],
    [
      3.3,
      2.7,
      0.0
    ],
    [
      3.45,
      2.7,
      0.0
    ],
    [
      3.6,
      2.7,
      0.0
    ],
    [
      3.75,
      2.7,
      0.0
    ],
    [
      3.9,
      2.7,
      0.0
    ],
    [
      4.05,
      2.7,
      0.0
    ],
    [
      4.2,
      2.7,
      0.0
    ],
    [
      4.35,
      2.7,
      0.0
    ],
    [
      4.5,
      2.7,
      0.0
    ],
    [
      4.65,
      2.7,
      0.0
    ],
    [
      4.8,
      2.7,
      0.0
    ],
    [
      4.971633942587266,
      2.6353776018011525,
      0.0
    ]
  ]
}