{
  "algorithm": "d_star_lite",
  "scene_file": "/Users/ishita/Documents/GitHub/BEACON-semantics/data/complex/scenes/collision_required_062.json",
  "scene_family": "collision_required",
  "workspace": [
    0,
    6,
    0,
    6
  ],
  "planning_mode": "collision_free",
  "grid_step": 0.15,
  "robot_radius": 0.12,
  "start": [
    4.743088994810537,
    1.6780318823127203,
    0.0
  ],
  "goal": [
    0.4781545282755957,
    2.6619269725292276,
    0.0
  ],
  "success": true,
  "summary": {
    "success": true,
    "grid_start": [
      32,
      11
    ],
    "grid_goal": [
      3,
      18
    ],
    "num_waypoints": 30,
    "path_length": 4.7039
  },
  "path": [
    [
      4.743088994810537,
      1.6780318823127203,
      0.0
    ],
    [
      4.65,
      1.8,
      0.0
    ],
    [
      4.5,
      1.95,
      0.0
    ],
    [
      4.35,
      1.95,
      0.0
    ],
    [
      4.2,
      1.95,
      0.0
    ],
    [
      4.05,
      1.95,
      0.0
    ],
    [
      3.9,
      1.95,
      0.0
    ],
    [
      3.75,
      1.95,
      0.0
    ],
    [
      3.6,
      1.95,
      0.0
    ],
    [
      3.45,
      1.95,
      0.0
    ],
    [
      3.3,
      1.95,
      0.0
    ],
    [
      3.15,
      1.95,
      0.0
    ],
    [
      3.0,
      1.95,
      0.0
    ],
    [
      2.85,
      1.95,
      0.0
    ],
    [
      2.7,
      1.95,
      0.0
    ],
    [
      2.55,
      2.1,
      0.0
    ],
    [
      2.4,
      2.1,
      0.0
    ],
    [
      2.25,
      2.25,
      0.0
    ],
    [
      2.1,
      2.25,
      0.0
    ],
    [
      1.95,
      2.25,
      0.0
    ],
    [
      1.8,
      2.25,
      0.0
    ],
    [
      1.65,
      2.25,
      0.0
    ],
    [
      1.5,
      2.25,
      0.0
    ],
    [
      1.35,
      2.25,
      0.0
    ],
    [
      1.2,
      2.4,
      0.0
    ],
    [
      1.05,
      2.55,
      0.0
    ],
    [
      0.9,
      2.7,
      0.0
    ],
    [
      0.75,
      2.7,
      0.0
    ],
    [
      0.6,
      2.7,
      0.0
    ],
    [
      0.4781545282755957,
      2.6619269725292276,
      0.0
    ]
  ]
}