{
  "algorithm": "d_star_lite",
  "scene_file": "/Users/ishita/Documents/GitHub/BEACON-semantics/data/complex/scenes/collision_required_042.json",
  "scene_family": "collision_required",
  "workspace": [
    0,
    6,
    0,
    6
  ],
  "planning_mode": "collision_free",
  "grid_step": 0.15,
  "robot_radius": 0.12,
  "start": [
    4.974824611935544,
    1.0594786371178049,
    0.0
  ],
  "goal": [
    1.8371057917867433,
    4.738105233451655,
    0.0
  ],
  "success": true,
  "summary": {
    "success": true,
    "grid_start": [
      33,
      7
    ],
    "grid_goal": [
      12,
      32
    ],
    "num_waypoints": 29,
    "path_length": 5.3093
  },
  "path": [
    [
      4.974824611935544,
      1.0594786371178049,
      0.0
    ],
    [
      4.8,
      1.2,
      0.0
    ],
    [
      4.65,
      1.35,
      0.0
    ],
    [
      4.5,
      1.5,
      0.0
    ],
    [
      4.35,
      1.65,
      0.0
    ],
    [
      4.2,
      1.8,
      0.0
    ],
    [
      4.05,
      1.95,
      0.0
    ],
    [
      3.9,
      2.1,
      0.0
    ],
    [
      3.75,
      2.25,
      0.0
    ],
    [
      3.75,
      2.4,
      0.0
    ],
    [
      3.75,
      2.55,
      0.0
    ],
    [
      3.75,
      2.7,
      0.0
    ],
    [
      3.6,
      2.85,
      0.0
    ],
    [
      3.45,
      3.0,
      0.0
    ],
    [
      3.45,
      3.15,
      0.0
    ],
    [
      3.45,
      3.3,
      0.0
    ],
    [
      3.45,
      3.45,
      0.0
    ],
    [
      3.45,
      3.6,
      0.0
    ],
    [
      3.3,
      3.75,
      0.0
    ],
    [
      3.15,
      3.9,
      0.0
    ],
    [
      3.0,
      4.05,
      0.0
    ],
    [
      2.85,
      4.2,
      0.0
    ],
    [
      2.7,
      4.2,
      0.0
    ],
    [
      2.55,
      4.2,
      0.0
    ],
    [
      2.4,
      4.35,
      0.0
    ],
    [
      2.25,
      4.5,
      0.0
    ],
    [
      2.1,
      4.65,
      0.0
    ],
    [
      1.95,
      4.8,
      0.0
    ],
    [
      1.8371057917867433,
      4.738105233451655,
      0.0
    ]
  ]
}