{
  "algorithm": "d_star_lite",
  "scene_file": "/Users/ishita/Documents/GitHub/BEACON-semantics/data/complex/scenes/collision_required_034.json",
  "scene_family": "collision_required",
  "workspace": [
    0,
    6,
    0,
    6
  ],
  "planning_mode": "collision_free",
  "grid_step": 0.15,
  "robot_radius": 0.12,
  "start": [
    1.280691098960653,
    1.6884035122168322,
    0.0
  ],
  "goal": [
    5.475201037850588,
    3.7752781670549265,
    0.0
  ],
  "success": true,
  "summary": {
    "success": true,
    "grid_start": [
      9,
      11
    ],
    "grid_goal": [
      37,
      25
    ],
    "num_waypoints": 29,
    "path_length": 5.0331
  },
  "path": [
    [
      1.280691098960653,
      1.6884035122168322,
      0.0
    ],
    [
      1.5,
      1.8,
      0.0
    ],
    [
      1.65,
      1.95,
      0.0
    ],
    [
      1.8,
      2.1,
      0.0
    ],
    [
      1.95,
      2.25,
      0.0
    ],
    [
      2.1,
      2.4,
      0.0
    ],
    [
      2.25,
      2.55,
      0.0
    ],
    [
      2.4,
      2.7,
      0.0
    ],
    [
      2.55,
      2.85,
      0.0
    ],
    [
      2.7,
      3.0,
      0.0
    ],
    [
      2.85,
      3.0,
      0.0
    ],
    [
      3.0,
      3.0,
      0.0
    ],
    [
      3.15,
      3.15,
      0.0
    ],
    [
      3.3,
      3.15,
      0.0
    ],
    [
      3.45,
      3.15,
      0.0
    ],
    [
      3.6,
      3.15,
      0.0
    ],
    [
      3.75,
      3.15,
      0.0
    ],
    [
      3.9,
      3.3,
      0.0
    ],
    [
      4.05,
      3.3,
      0.0
    ],
    [
      4.2,
      3.3,
      0.0
    ],
    [
      4.35,
      3.3,
      0.0
    ],
    [
      4.5,
      3.3,
      0.0
    ],
    [
      4.65,
      3.3,
      0.0
    ],
    [
      4.8,
      3.45,
      0.0
    ],
    [
      4.95,
      3.6,
      0.0
    ],
    [
      5.1,
      3.75,
      0.0
    ],
    [
      5.25,
      3.75,
      0.0
    ],
    [
      5.4,
      3.75,
      0.0
    ],
    [
      5.475201037850588,
      3.7752781670549265,
      0.0
    ]
  ]
}