{
  "algorithm": "d_star_lite",
  "scene_file": "/Users/ishita/Documents/GitHub/BEACON-semantics/data/complex/scenes/collision_required_075.json",
  "scene_family": "collision_required",
  "workspace": [
    0,
    6,
    0,
    6
  ],
  "planning_mode": "collision_free",
  "grid_step": 0.15,
  "robot_radius": 0.12,
  "start": [
    0.7470502745836516,
    4.914396680860863,
    0.0
  ],
  "goal": [
    4.944779973563752,
    0.6096452922779315,
    0.0
  ],
  "success": true,
  "summary": {
    "success": true,
    "grid_start": [
      5,
      33
    ],
    "grid_goal": [
      33,
      4
    ],
    "num_waypoints": 32,
    "path_length": 6.2394
  },
  "path": [
    [
      0.7470502745836516,
      4.914396680860863,
      0.0
    ],
    [
      0.9,
      4.8,
      0.0
    ],
    [
      1.05,
      4.8,
      0.0
    ],
    [
      1.2,
      4.65,
      0.0
    ],
    [
      1.35,
      4.5,
      0.0
    ],
    [
      1.5,
      4.35,
      0.0
    ],
    [
      1.65,
      4.2,
      0.0
    ],
    [
      1.8,
      4.05,
      0.0
    ],
    [
      1.95,
      3.9,
      0.0
    ],
    [
      2.1,
      3.75,
      0.0
    ],
    [
      2.25,
      3.6,
      0.0
    ],
    [
      2.4,
      3.45,
      0.0
    ],
    [
      2.55,
      3.3,
      0.0
    ],
    [
      2.7,
      3.15,
      0.0
    ],
    [
      2.85,
      3.0,
      0.0
    ],
    [
      3.0,
      2.85,
      0.0
    ],
    [
      3.15,
      2.7,
      0.0
    ],
    [
      3.3,
      2.55,
      0.0
    ],
    [
      3.45,
      2.4,
      0.0
    ],
    [
      3.6,
      2.25,
      0.0
    ],
    [
      3.75,
      2.1,
      0.0
    ],
    [
      3.9,
      1.95,
      0.0
    ],
    [
      4.05,
      1.8,
      0.0
    ],
    [
      4.2,
      1.65,
      0.0
    ],
    [
      4.2,
      1.5,
      0.0
    ],
    [
      4.2,
      1.35,
      0.0
    ],
    [
      4.2,
      1.2,
      0.0
    ],
    [
      4.35,
      1.05,
      0.0
    ],
    [
      4.5,
      0.9,
      0.0
    ],
    [
      4.65,
      0.75,
      0.0
    ],
    [
      4.8,
      0.6,
      0.0
    ],
    [
      4.944779973563752,
      0.6096452922779315,
      0.0
    ]
  ]
}