{
  "algorithm": "d_star_lite",
  "scene_file": "/Users/ishita/Documents/GitHub/BEACON-semantics/data/complex/scenes/collision_required_027.json",
  "scene_family": "collision_required",
  "workspace": [
    0,
    6,
    0,
    6
  ],
  "planning_mode": "collision_free",
  "grid_step": 0.15,
  "robot_radius": 0.12,
  "start": [
    1.961115248959163,
    0.6134394952837767,
    0.0
  ],
  "goal": [
    0.8157595471658446,
    5.028554364816201,
    0.0
  ],
  "success": true,
  "summary": {
    "success": true,
    "grid_start": [
      13,
      4
    ],
    "grid_goal": [
      5,
      34
    ],
    "num_waypoints": 31,
    "path_length": 4.9486
  },
  "path": [
    [
      1.961115248959163,
      0.6134394952837767,
      0.0
    ],
    [
      1.8,
      0.75,
      0.0
    ],
    [
      1.65,
      0.9,
      0.0
    ],
    [
      1.65,
      1.05,
      0.0
    ],
    [
      1.65,
      1.2,
      0.0
    ],
    [
      1.65,
      1.35,
      0.0
    ],
    [
      1.65,
      1.5,
      0.0
    ],
    [
      1.65,
      1.65,
      0.0
    ],
    [
      1.65,
      1.8,
      0.0
    ],
    [
      1.65,
      1.95,
      0.0
    ],
    [
      1.65,
      2.1,
      0.0
    ],
    [
      1.65,
      2.25,
      0.0
    ],
    [
      1.65,
      2.4,
      0.0
    ],
    [
      1.65,
      2.55,
      0.0
    ],
    [
      1.65,
      2.7,
      0.0
    ],
    [
      1.65,
      2.85,
      0.0
    ],
    [
      1.5,
      3.0,
      0.0
    ],
    [
      1.5,
      3.15,
      0.0
    ],
    [
      1.35,
      3.3,
      0.0
    ],
    [
      1.2,
      3.45,
      0.0
    ],
    [
      1.2,
      3.6,
      0.0
    ],
    [
      1.2,
      3.75,
      0.0
    ],
    [
      1.2,
      3.9,
      0.0
    ],
    [
      1.2,
      4.05,
      0.0
    ],
    [
      1.2,
      4.2,
      0.0
    ],
    [
      1.05,
      4.35,
      0.0
    ],
    [
      0.9,
      4.5,
      0.0
    ],
    [
      0.75,
      4.65,
      0.0
    ],
    [
      0.75,
      4.8,
      0.0
    ],
    [
      0.75,
      4.95,
      0.0
    ],
    [
      0.8157595471658446,
      5.028554364816201,
      0.0
    ]
  ]
}