{
  "algorithm": "d_star_lite",
  "scene_file": "/Users/ishita/Documents/GitHub/BEACON-semantics/data/complex/scenes/collision_required_061.json",
  "scene_family": "collision_required",
  "workspace": [
    0,
    6,
    0,
    6
  ],
  "planning_mode": "collision_free",
  "grid_step": 0.15,
  "robot_radius": 0.12,
  "start": [
    1.2049651550006488,
    3.4767207205458353,
    0.0
  ],
  "goal": [
    5.39999833508267,
    3.1904852959717034,
    0.0
  ],
  "success": true,
  "summary": {
    "success": true,
    "grid_start": [
      8,
      23
    ],
    "grid_goal": [
      36,
      21
    ],
    "num_waypoints": 29,
    "path_length": 4.5756
  },
  "path": [
    [
      1.2049651550006488,
      3.4767207205458353,
      0.0
    ],
    [
      1.35,
      3.45,
      0.0
    ],
    [
      1.5,
      3.45,
      0.0
    ],
    [
      1.65,
      3.45,
      0.0
    ],
    [
      1.8,
      3.45,
      0.0
    ],
    [
      1.95,
      3.45,
      0.0
    ],
    [
      2.1,
      3.45,
      0.0
    ],
    [
      2.25,
      3.45,
      0.0
    ],
    [
      2.4,
      3.45,
      0.0
    ],
    [
      2.55,
      3.45,
      0.0
    ],
    [
      2.7,
      3.45,
      0.0
    ],
    [
      2.85,
      3.45,
      0.0
    ],
    [
      3.0,
      3.45,
      0.0
    ],
    [
      3.15,
      3.6,
      0.0
    ],
    [
      3.3,
      3.6,
      0.0
    ],
    [
      3.45,
      3.6,
      0.0
    ],
    [
      3.6,
      3.6,
      0.0
    ],
    [
      3.75,
      3.6,
      0.0
    ],
    [
      3.9,
      3.6,
      0.0
    ],
    [
      4.05,
      3.6,
      0.0
    ],
    [
      4.2,
      3.6,
      0.0
    ],
    [
      4.35,
      3.75,
      0.0
    ],
    [
      4.5,
      3.75,
      0.0
    ],
    [
      4.65,
      3.75,
      0.0
    ],
    [
      4.8,
      3.6,
      0.0
    ],
    [
      4.95,
      3.45,
      0.0
    ],
    [
      5.1,
      3.3,
      0.0
    ],
    [
      5.25,
      3.15,
      0.0
    ],
    [
      5.39999833508267,
      3.1904852959717034,
      0.0
    ]
  ]
}