{
  "algorithm": "d_star_lite",
  "scene_file": "/Users/ishita/Documents/GitHub/BEACON-semantics/data/complex/scenes/collision_required_089.json",
  "scene_family": "collision_required",
  "workspace": [
    0,
    6,
    0,
    6
  ],
  "planning_mode": "collision_free",
  "grid_step": 0.15,
  "robot_radius": 0.12,
  "start": [
    1.3079520609587245,
    5.265199397731645,
    0.0
  ],
  "goal": [
    2.5487841712924646,
    1.4552133135532874,
    0.0
  ],
  "success": true,
  "summary": {
    "success": true,
    "grid_start": [
      9,
      35
    ],
    "grid_goal": [
      17,
      10
    ],
    "num_waypoints": 28,
    "path_length": 5.0058
  },
  "path": [
    [
      1.3079520609587245,
      5.265199397731645,
      0.0
    ],
    [
      1.5,
      5.1,
      0.0
    ],
    [
      1.65,
      4.95,
      0.0
    ],
    [
      1.8,
      4.8,
      0.0
    ],
    [
      1.95,
      4.8,
      0.0
    ],
    [
      2.1,
      4.65,
      0.0
    ],
    [
      2.25,
      4.65,
      0.0
    ],
    [
      2.4,
      4.5,
      0.0
    ],
    [
      2.55,
      4.35,
      0.0
    ],
    [
      2.7,
      4.2,
      0.0
    ],
    [
      2.85,
      4.05,
      0.0
    ],
    [
      3.0,
      3.9,
      0.0
    ],
    [
      3.15,
      3.75,
      0.0
    ],
    [
      3.15,
      3.6,
      0.0
    ],
    [
      3.15,
      3.45,
      0.0
    ],
    [
      3.0,
      3.3,
      0.0
    ],
    [
      3.0,
      3.15,
      0.0
    ],
    [
      3.0,
      3.0,
      0.0
    ],
    [
      3.0,
      2.85,
      0.0
    ],
    [
      3.0,
      2.7,
      0.0
    ],
    [
      3.0,
      2.55,
      0.0
    ],
    [
      3.0,
      2.4,
      0.0
    ],
    [
      2.85,
      2.25,
      0.0
    ],
    [
      2.7,
      2.1,
      0.0
    ],
    [
      2.55,
      1.95,
      0.0
    ],
    [
      2.55,
      1.8,
      0.0
    ],
    [
      2.55,
      1.65,
      0.0
    ],
    [
      2.5487841712924646,
      1.4552133135532874,
      0.0
    ]
  ]
}