{
  "algorithm": "d_star_lite",
  "scene_file": "/Users/ishita/Documents/GitHub/BEACON-semantics/data/complex/scenes/collision_required_091.json",
  "scene_family": "collision_required",
  "workspace": [
    0,
    6,
    0,
    6
  ],
  "planning_mode": "collision_free",
  "grid_step": 0.15,
  "robot_radius": 0.12,
  "start": [
    0.607437860688312,
    1.4512227486569913,
    0.0
  ],
  "goal": [
    4.049715797394216,
    4.499420086397822,
    0.0
  ],
  "success": true,
  "summary": {
    "success": true,
    "grid_start": [
      4,
      10
    ],
    "grid_goal": [
      27,
      30
    ],
    "num_waypoints": 24,
    "path_length": 4.7245
  },
  "path": [
    [
      0.607437860688312,
      1.4512227486569913,
      0.0
    ],
    [
      0.75,
      1.65,
      0.0
    ],
    [
      0.9,
      1.8,
      0.0
    ],
    [
      1.05,
      1.95,
      0.0
    ],
    [
      1.2,
      2.1,
      0.0
    ],
    [
      1.35,
      2.25,
      0.0
    ],
    [
      1.5,
      2.4,
      0.0
    ],
    [
      1.65,
      2.55,
      0.0
    ],
    [
      1.8,
      2.7,
      0.0
    ],
    [
      1.95,
      2.7,
      0.0
    ],
    [
      2.1,
      2.7,
      0.0
    ],
    [
      2.25,
      2.85,
      0.0
    ],
    [
      2.4,
      2.85,
      0.0
    ],
    [
      2.55,
      3.0,
      0.0
    ],
    [
      2.7,
      3.15,
      0.0
    ],
    [
      2.85,
      3.3,
      0.0
    ],
    [
      3.0,
      3.45,
      0.0
    ],
    [
      3.15,
      3.6,
      0.0
    ],
    [
      3.3,
      3.75,
      0.0
    ],
    [
      3.45,
      3.9,
      0.0
    ],
    [
      3.6,
      4.05,
      0.0
    ],
    [
      3.75,
      4.2,
      0.0
    ],
    [
      3.9,
      4.35,
      0.0
    ],
    [
      4.049715797394216,
      4.499420086397822,
      0.0
    ]
  ]
}