{
  "algorithm": "d_star_lite",
  "scene_file": "/Users/ishita/Documents/GitHub/BEACON-semantics/data/complex/scenes/collision_required_006.json",
  "scene_family": "collision_required",
  "workspace": [
    0,
    6,
    0,
    6
  ],
  "planning_mode": "collision_free",
  "grid_step": 0.15,
  "robot_radius": 0.12,
  "start": [
    1.4073960285715228,
    2.2240409272375743,
    0.0
  ],
  "goal": [
    5.389446680853212,
    1.1799255367464558,
    0.0
  ],
  "success": true,
  "summary": {
    "success": true,
    "grid_start": [
      9,
      15
    ],
    "grid_goal": [
      36,
      8
    ],
    "num_waypoints": 29,
    "path_length": 4.6306
  },
  "path": [
    [
      1.4073960285715228,
      2.2240409272375743,
      0.0
    ],
    [
      1.5,
      2.1,
      0.0
    ],
    [
      1.65,
      1.95,
      0.0
    ],
    [
      1.8,
      1.95,
      0.0
    ],
    [
      1.95,
      1.95,
      0.0
    ],
    [
      2.1,
      1.95,
      0.0
    ],
    [
      2.25,
      1.95,
      0.0
    ],
    [
      2.4,
      1.95,
      0.0
    ],
    [
      2.55,
      1.95,
      0.0
    ],
    [
      2.7,
      1.95,
      0.0
    ],
    [
      2.85,
      1.95,
      0.0
    ],
    [
      3.0,
      1.95,
      0.0
    ],
    [
      3.15,
      1.95,
      0.0
    ],
    [
      3.3,
      1.8,
      0.0
    ],
    [
      3.45,
      1.8,
      0.0
    ],
    [
      3.6,
      1.8,
      0.0
    ],
    [
      3.75,
      1.65,
      0.0
    ],
    [
      3.9,
      1.5,
      0.0
    ],
    [
      4.05,
      1.35,
      0.0
    ],
    [
      4.05,
      1.2,
      0.0
    ],
    [
      4.2,
      1.05,
      0.0
    ],
    [
      4.35,
      1.05,
      0.0
    ],
    [
      4.5,
      1.05,
      0.0
    ],
    [
      4.65,
      1.05,
      0.0
    ],
    [
      4.8,
      1.2,
      0.0
    ],
    [
      4.95,
      1.2,
      0.0
    ],
    [
      5.1,
      1.2,
      0.0
    ],
    [
      5.25,
      1.2,
      0.0
    ],
    [
      5.389446680853212,
      1.1799255367464558,
      0.0
    ]
  ]
}