{
  "algorithm": "d_star_lite",
  "scene_file": "/Users/ishita/Documents/GitHub/BEACON-semantics/data/complex/scenes/collision_required_038.json",
  "scene_family": "collision_required",
  "workspace": [
    0,
    6,
    0,
    6
  ],
  "planning_mode": "collision_free",
  "grid_step": 0.15,
  "robot_radius": 0.12,
  "start": [
    0.6324918610200524,
    0.5682985410862431,
    0.0
  ],
  "goal": [
    4.314382814835276,
    3.8989771748136928,
    0.0
  ],
  "success": true,
  "summary": {
    "success": true,
    "grid_start": [
      4,
      4
    ],
    "grid_goal": [
      29,
      26
    ],
    "num_waypoints": 36,
    "path_length": 6.1273
  },
  "path": [
    [
      0.6324918610200524,
      0.5682985410862431,
      0.0
    ],
    [
      0.75,
      0.75,
      0.0
    ],
    [
      0.9,
      0.75,
      0.0
    ],
    [
      1.05,
      0.75,
      0.0
    ],
    [
      1.2,
      0.75,
      0.0
    ],
    [
      1.35,
      0.9,
      0.0
    ],
    [
      1.5,
      1.05,
      0.0
    ],
    [
      1.65,
      1.2,
      0.0
    ],
    [
      1.8,
      1.35,
      0.0
    ],
    [
      1.95,
      1.5,
      0.0
    ],
    [
      2.1,
      1.65,
      0.0
    ],
    [
      2.25,
      1.8,
      0.0
    ],
    [
      2.25,
      1.95,
      0.0
    ],
    [
      2.25,
      2.1,
      0.0
    ],
    [
      2.25,
      2.25,
      0.0
    ],
    [
      2.25,
      2.4,
      0.0
    ],
    [
      2.4,
      2.55,
      0.0
    ],
    [
      2.55,
      2.55,
      0.0
    ],
    [
      2.7,
      2.55,
      0.0
    ],
    [
      2.85,
      2.55,
      0.0
    ],
    [
      3.0,
      2.55,
      0.0
    ],
    [
      3.15,
      2.55,
      0.0
    ],
    [
      3.3,
      2.55,
      0.0
    ],
    [
      3.45,
      2.55,
      0.0
    ],
    [
      3.6,
      2.55,
      0.0
    ],
    [
      3.75,
      2.55,
      0.0
    ],
    [
      3.9,
      2.55,
      0.0
    ],
    [
      4.05,
      2.7,
      0.0
    ],
    [
      4.2,
      2.85,
      0.0
    ],
    [
      4.35,
      3.0,
      0.0
    ],
    [
      4.5,
      3.15,
      0.0
    ],
    [
      4.5,
      3.3,
      0.0
    ],
    [
      4.35,
      3.45,
      0.0
    ],
    [
      4.35,
      3.6,
      0.0
    ],
    [
      4.35,
      3.75,
      0.0
    ],
    [
      4.314382814835276,
      3.8989771748136928,
      0.0
    ]
  ]
}