{
  "algorithm": "d_star_lite",
  "scene_file": "/Users/ishita/Documents/GitHub/BEACON-semantics/data/complex/scenes/collision_required_047.json",
  "scene_family": "collision_required",
  "workspace": [
    0,
    6,
    0,
    6
  ],
  "planning_mode": "collision_free",
  "grid_step": 0.15,
  "robot_radius": 0.12,
  "start": [
    3.5521812496896583,
    0.9198970337160295,
    0.0
  ],
  "goal": [
    1.037438436880286,
    4.951283683212394,
    0.0
  ],
  "success": true,
  "summary": {
    "success": true,
    "grid_start": [
      24,
      6
    ],
    "grid_goal": [
      7,
      33
    ],
    "num_waypoints": 31,
    "path_length": 5.325
  },
  "path": [
    [
      3.5521812496896583,
      0.9198970337160295,
      0.0
    ],
    [
      3.45,
      1.05,
      0.0
    ],
    [
      3.3,
      1.2,
      0.0
    ],
    [
      3.15,
      1.35,
      0.0
    ],
    [
      3.0,
      1.5,
      0.0
    ],
    [
      2.85,
      1.65,
      0.0
    ],
    [
      2.7,
      1.8,
      0.0
    ],
    [
      2.55,
      1.95,
      0.0
    ],
    [
      2.4,
      2.1,
      0.0
    ],
    [
      2.25,
      2.25,
      0.0
    ],
    [
      2.1,
      2.25,
      0.0
    ],
    [
      1.95,
      2.25,
      0.0
    ],
    [
      1.8,
      2.25,
      0.0
    ],
    [
      1.65,
      2.4,
      0.0
    ],
    [
      1.5,
      2.55,
      0.0
    ],
    [
      1.35,
      2.7,
      0.0
    ],
    [
      1.35,
      2.85,
      0.0
    ],
    [
      1.35,
      3.0,
      0.0
    ],
    [
      1.35,
      3.15,
      0.0
    ],
    [
      1.35,
      3.3,
      0.0
    ],
    [
      1.35,
      3.45,
      0.0
    ],
    [
      1.35,
      3.6,
      0.0
    ],
    [
      1.35,
      3.75,
      0.0
    ],
    [
      1.2,
      3.9,
      0.0
    ],
    [
      1.05,
      4.05,
      0.0
    ],
    [
      1.05,
      4.2,
      0.0
    ],
    [
      1.05,
      4.35,
      0.0
    ],
    [
      1.05,
      4.5,
      0.0
    ],
    [
      1.05,
      4.65,
      0.0
    ],
    [
      1.05,
      4.8,
      0.0
    ],
    [
      1.037438436880286,
      4.951283683212394,
      0.0
    ]
  ]
}