{
  "algorithm": "d_star_lite",
  "scene_file": "/Users/ishita/Documents/GitHub/BEACON-semantics/data/complex/scenes/collision_required_044.json",
  "scene_family": "collision_required",
  "workspace": [
    0,
    6,
    0,
    6
  ],
  "planning_mode": "collision_free",
  "grid_step": 0.15,
  "robot_radius": 0.12,
  "start": [
    4.981734625880183,
    4.991491591527614,
    0.0
  ],
  "goal": [
    0.7024658188465598,
    2.365017633593272,
    0.0
  ],
  "success": true,
  "summary": {
    "success": true,
    "grid_start": [
      33,
      33
    ],
    "grid_goal": [
      5,
      16
    ],
    "num_waypoints": 36,
    "path_length": 6.2223
  },
  "path": [
    [
      4.981734625880183,
      4.991491591527614,
      0.0
    ],
    [
      4.8,
      4.8,
      0.0
    ],
    [
      4.8,
      4.65,
      0.0
    ],
    [
      4.8,
      4.5,
      0.0
    ],
    [
      4.8,
      4.35,
      0.0
    ],
    [
      4.65,
      4.2,
      0.0
    ],
    [
      4.5,
      4.05,
      0.0
    ],
    [
      4.35,
      3.9,
      0.0
    ],
    [
      4.2,
      3.75,
      0.0
    ],
    [
      4.05,
      3.6,
      0.0
    ],
    [
      3.9,
      3.45,
      0.0
    ],
    [
      3.75,
      3.3,
      0.0
    ],
    [
      3.75,
      3.15,
      0.0
    ],
    [
      3.75,
      3.0,
      0.0
    ],
    [
      3.75,
      2.85,
      0.0
    ],
    [
      3.75,
      2.7,
      0.0
    ],
    [
      3.6,
      2.55,
      0.0
    ],
    [
      3.45,
      2.4,
      0.0
    ],
    [
      3.3,
      2.4,
      0.0
    ],
    [
      3.15,
      2.4,
      0.0
    ],
    [
      3.0,
      2.4,
      0.0
    ],
    [
      2.85,
      2.4,
      0.0
    ],
    [
      2.7,
      2.4,
      0.0
    ],
    [
      2.55,
      2.4,
      0.0
    ],
    [
      2.4,
      2.4,
      0.0
    ],
    [
      2.25,
      2.4,
      0.0
    ],
    [
      2.1,
      2.4,
      0.0
    ],
    [
      1.95,
      2.4,
      0.0
    ],
    [
      1.8,
      2.4,
      0.0
    ],
    [
      1.65,
      2.25,
      0.0
    ],
    [
      1.5,
      2.1,
      0.0
    ],
    [
      1.35,
      2.25,
      0.0
    ],
    [
      1.2,
      2.4,
      0.0
    ],
    [
      1.05,
      2.4,
      0.0
    ],
    [
      0.9,
      2.4,
      0.0
    ],
    [
      0.7024658188465598,
      2.365017633593272,
      0.0
    ]
  ]
}