{
  "algorithm": "d_star_lite",
  "scene_file": "/Users/ishita/Documents/GitHub/BEACON-semantics/data/complex/scenes/collision_required_066.json",
  "scene_family": "collision_required",
  "workspace": [
    0,
    6,
    0,
    6
  ],
  "planning_mode": "collision_free",
  "grid_step": 0.15,
  "robot_radius": 0.12,
  "start": [
    2.470189335223659,
    4.752438702236123,
    0.0
  ],
  "goal": [
    0.7958591519585798,
    0.9747156428366743,
    0.0
  ],
  "success": true,
  "summary": {
    "success": true,
    "grid_start": [
      16,
      32
    ],
    "grid_goal": [
      5,
      6
    ],
    "num_waypoints": 30,
    "path_length": 4.8159
  },
  "path": [
    [
      2.470189335223659,
      4.752438702236123,
      0.0
    ],
    [
      2.25,
      4.65,
      0.0
    ],
    [
      2.1,
      4.5,
      0.0
    ],
    [
      1.95,
      4.5,
      0.0
    ],
    [
      1.8,
      4.5,
      0.0
    ],
    [
      1.65,
      4.5,
      0.0
    ],
    [
      1.5,
      4.35,
      0.0
    ],
    [
      1.35,
      4.2,
      0.0
    ],
    [
      1.2,
      4.05,
      0.0
    ],
    [
      1.2,
      3.9,
      0.0
    ],
    [
      1.2,
      3.75,
      0.0
    ],
    [
      1.2,
      3.6,
      0.0
    ],
    [
      1.2,
      3.45,
      0.0
    ],
    [
      1.2,
      3.3,
      0.0
    ],
    [
      1.2,
      3.15,
      0.0
    ],
    [
      1.05,
      3.0,
      0.0
    ],
    [
      1.05,
      2.85,
      0.0
    ],
    [
      1.05,
      2.7,
      0.0
    ],
    [
      1.05,
      2.55,
      0.0
    ],
    [
      1.05,
      2.4,
      0.0
    ],
    [
      1.05,
      2.25,
      0.0
    ],
    [
      1.05,
      2.1,
      0.0
    ],
    [
      0.9,
      1.95,
      0.0
    ],
    [
      0.75,
      1.8,
      0.0
    ],
    [
      0.75,
      1.65,
      0.0
    ],
    [
      0.75,
      1.5,
      0.0
    ],
    [
      0.75,
      1.35,
      0.0
    ],
    [
      0.75,
      1.2,
      0.0
    ],
    [
      0.75,
      1.05,
      0.0
    ],
    [
      0.7958591519585798,
      0.9747156428366743,
      0.0
    ]
  ]
}