{
  "algorithm": "d_star_lite",
  "scene_file": "/Users/ishita/Documents/GitHub/BEACON-semantics/data/complex/scenes/collision_required_051.json",
  "scene_family": "collision_required",
  "workspace": [
    0,
    6,
    0,
    6
  ],
  "planning_mode": "collision_free",
  "grid_step": 0.15,
  "robot_radius": 0.12,
  "start": [
    4.935126042499708,
    5.339978116863503,
    0.0
  ],
  "goal": [
    1.0425670772778248,
    1.4801830343028877,
    0.0
  ],
  "success": true,
  "summary": {
    "success": true,
    "grid_start": [
      33,
      36
    ],
    "grid_goal": [
      7,
      10
    ],
    "num_waypoints": 30,
    "path_length": 5.7487
  },
  "path": [
    [
      4.935126042499708,
      5.339978116863503,
      0.0
    ],
    [
      4.8,
      5.25,
      0.0
    ],
    [
      4.8,
      5.1,
      0.0
    ],
    [
      4.8,
      4.95,
      0.0
    ],
    [
      4.65,
      4.8,
      0.0
    ],
    [
      4.5,
      4.65,
      0.0
    ],
    [
      4.35,
      4.5,
      0.0
    ],
    [
      4.2,
      4.35,
      0.0
    ],
    [
      4.05,
      4.2,
      0.0
    ],
    [
      3.9,
      4.05,
      0.0
    ],
    [
      3.75,
      3.9,
      0.0
    ],
    [
      3.6,
      3.75,
      0.0
    ],
    [
      3.45,
      3.6,
      0.0
    ],
    [
      3.3,
      3.45,
      0.0
    ],
    [
      3.15,
      3.3,
      0.0
    ],
    [
      3.15,
      3.15,
      0.0
    ],
    [
      3.0,
      3.0,
      0.0
    ],
    [
      2.85,
      2.85,
      0.0
    ],
    [
      2.7,
      2.7,
      0.0
    ],
    [
      2.55,
      2.55,
      0.0
    ],
    [
      2.4,
      2.4,
      0.0
    ],
    [
      2.25,
      2.25,
      0.0
    ],
    [
      2.1,
      2.25,
      0.0
    ],
    [
      1.95,
      2.25,
      0.0
    ],
    [
      1.8,
      2.25,
      0.0
    ],
    [
      1.65,
      2.1,
      0.0
    ],
    [
      1.5,
      1.95,
      0.0
    ],
    [
      1.35,
      1.8,
      0.0
    ],
    [
      1.2,
      1.65,
      0.0
    ],
    [
      1.0425670772778248,
      1.4801830343028877,
      0.0
    ]
  ]
}