{
  "algorithm": "d_star_lite",
  "scene_file": "/Users/ishita/Documents/GitHub/BEACON-semantics/data/complex/scenes/collision_required_056.json",
  "scene_family": "collision_required",
  "workspace": [
    0,
    6,
    0,
    6
  ],
  "planning_mode": "collision_free",
  "grid_step": 0.15,
  "robot_radius": 0.12,
  "start": [
    4.8597815612270425,
    5.192301759475037,
    0.0
  ],
  "goal": [
    3.445833565672455,
    0.4850490903283112,
    0.0
  ],
  "success": true,
  "summary": {
    "success": true,
    "grid_start": [
      32,
      35
    ],
    "grid_goal": [
      23,
      3
    ],
    "num_waypoints": 33,
    "path_length": 5.5898
  },
  "path": [
    [
      4.8597815612270425,
      5.192301759475037,
      0.0
    ],
    [
      4.65,
      5.1,
      0.0
    ],
    [
      4.65,
      4.95,
      0.0
    ],
    [
      4.5,
      4.8,
      0.0
    ],
    [
      4.35,
      4.65,
      0.0
    ],
    [
      4.2,
      4.5,
      0.0
    ],
    [
      4.05,
      4.35,
      0.0
    ],
    [
      3.9,
      4.2,
      0.0
    ],
    [
      3.75,
      4.05,
      0.0
    ],
    [
      3.75,
      3.9,
      0.0
    ],
    [
      3.75,
      3.75,
      0.0
    ],
    [
      3.75,
      3.6,
      0.0
    ],
    [
      3.75,
      3.45,
      0.0
    ],
    [
      3.75,
      3.3,
      0.0
    ],
    [
      3.75,
      3.15,
      0.0
    ],
    [
      3.75,
      3.0,
      0.0
    ],
    [
      3.6,
      2.85,
      0.0
    ],
    [
      3.45,
      2.7,
      0.0
    ],
    [
      3.3,
      2.55,
      0.0
    ],
    [
      3.3,
      2.4,
      0.0
    ],
    [
      3.15,
      2.25,
      0.0
    ],
    [
      3.15,
      2.1,
      0.0
    ],
    [
      3.15,
      1.95,
      0.0
    ],
    [
      3.15,
      1.8,
      0.0
    ],
    [
      3.15,
      1.65,
      0.0
    ],
    [
      3.3,
      1.5,
      0.0
    ],
    [
      3.45,
      1.35,
      0.0
    ],
    [
      3.45,
      1.2,
      0.0
    ],
    [
      3.45,
      1.05,
      0.0
    ],
    [
      3.45,
      0.9,
      0.0
    ],
    [
      3.45,
      0.75,
      0.0
    ],
    [
      3.45,
      0.6,
      0.0
    ],
    [
      3.445833565672455,
      0.4850490903283112,
      0.0
    ]
  ]
}