{
  "algorithm": "d_star_lite",
  "scene_file": "/Users/ishita/Documents/GitHub/BEACON-semantics/data/complex/scenes/collision_required_049.json",
  "scene_family": "collision_required",
  "workspace": [
    0,
    6,
    0,
    6
  ],
  "planning_mode": "collision_free",
  "grid_step": 0.15,
  "robot_radius": 0.12,
  "start": [
    3.01517654088865,
    1.6583846513635292,
    0.0
  ],
  "goal": [
    1.1333604223978935,
    5.482191042122275,
    0.0
  ],
  "success": true,
  "summary": {
    "success": true,
    "grid_start": [
      20,
      11
    ],
    "grid_goal": [
      8,
      37
    ],
    "num_waypoints": 27,
    "path_length": 4.7311
  },
  "path": [
    [
      3.01517654088865,
      1.6583846513635292,
      0.0
    ],
    [
      2.85,
      1.8,
      0.0
    ],
    [
      2.7,
      1.95,
      0.0
    ],
    [
      2.55,
      2.1,
      0.0
    ],
    [
      2.4,
      2.25,
      0.0
    ],
    [
      2.25,
      2.4,
      0.0
    ],
    [
      2.1,
      2.55,
      0.0
    ],
    [
      1.95,
      2.7,
      0.0
    ],
    [
      1.8,
      2.85,
      0.0
    ],
    [
      1.65,
      3.0,
      0.0
    ],
    [
      1.65,
      3.15,
      0.0
    ],
    [
      1.65,
      3.3,
      0.0
    ],
    [
      1.65,
      3.45,
      0.0
    ],
    [
      1.5,
      3.6,
      0.0
    ],
    [
      1.35,
      3.75,
      0.0
    ],
    [
      1.2,
      3.9,
      0.0
    ],
    [
      1.2,
      4.05,
      0.0
    ],
    [
      1.2,
      4.2,
      0.0
    ],
    [
      1.05,
      4.35,
      0.0
    ],
    [
      1.05,
      4.5,
      0.0
    ],
    [
      1.05,
      4.65,
      0.0
    ],
    [
      1.2,
      4.8,
      0.0
    ],
    [
      1.2,
      4.95,
      0.0
    ],
    [
      1.2,
      5.1,
      0.0
    ],
    [
      1.2,
      5.25,
      0.0
    ],
    [
      1.2,
      5.4,
      0.0
    ],
    [
      1.1333604223978935,
      5.482191042122275,
      0.0
    ]
  ]
}