{
  "algorithm": "d_star_lite",
  "scene_file": "/Users/ishita/Documents/GitHub/BEACON-semantics/data/complex/scenes/collision_required_039.json",
  "scene_family": "collision_required",
  "workspace": [
    0,
    6,
    0,
    6
  ],
  "planning_mode": "collision_free",
  "grid_step": 0.15,
  "robot_radius": 0.12,
  "start": [
    3.959557712777711,
    3.870690098680323,
    0.0
  ],
  "goal": [
    0.518655660824271,
    0.8550858222697157,
    0.0
  ],
  "success": true,
  "summary": {
    "success": true,
    "grid_start": [
      26,
      26
    ],
    "grid_goal": [
      3,
      6
    ],
    "num_waypoints": 34,
    "path_length": 5.6577
  },
  "path": [
    [
      3.959557712777711,
      3.870690098680323,
      0.0
    ],
    [
      3.75,
      3.75,
      0.0
    ],
    [
      3.6,
      3.75,
      0.0
    ],
    [
      3.45,
      3.75,
      0.0
    ],
    [
      3.3,
      3.75,
      0.0
    ],
    [
      3.15,
      3.6,
      0.0
    ],
    [
      3.0,
      3.6,
      0.0
    ],
    [
      2.85,
      3.6,
      0.0
    ],
    [
      2.7,
      3.6,
      0.0
    ],
    [
      2.55,
      3.6,
      0.0
    ],
    [
      2.4,
      3.6,
      0.0
    ],
    [
      2.25,
      3.6,
      0.0
    ],
    [
      2.1,
      3.6,
      0.0
    ],
    [
      1.95,
      3.6,
      0.0
    ],
    [
      1.8,
      3.6,
      0.0
    ],
    [
      1.65,
      3.6,
      0.0
    ],
    [
      1.5,
      3.45,
      0.0
    ],
    [
      1.35,
      3.3,
      0.0
    ],
    [
      1.2,
      3.15,
      0.0
    ],
    [
      1.2,
      3.0,
      0.0
    ],
    [
      1.2,
      2.85,
      0.0
    ],
    [
      1.2,
      2.7,
      0.0
    ],
    [
      1.2,
      2.55,
      0.0
    ],
    [
      1.2,
      2.4,
      0.0
    ],
    [
      1.05,
      2.25,
      0.0
    ],
    [
      0.9,
      2.1,
      0.0
    ],
    [
      0.9,
      1.95,
      0.0
    ],
    [
      0.9,
      1.8,
      0.0
    ],
    [
      0.75,
      1.65,
      0.0
    ],
    [
      0.6,
      1.5,
      0.0
    ],
    [
      0.45,
      1.35,
      0.0
    ],
    [
      0.45,
      1.2,
      0.0
    ],
    [
      0.45,
      1.05,
      0.0
    ],
    [
      0.518655660824271,
      0.8550858222697157,
      0.0
    ]
  ]
}