{
  "algorithm": "d_star_lite",
  "scene_file": "/Users/ishita/Documents/GitHub/BEACON-semantics/data/complex/scenes/collision_required_020.json",
  "scene_family": "collision_required",
  "workspace": [
    0,
    6,
    0,
    6
  ],
  "planning_mode": "collision_free",
  "grid_step": 0.15,
  "robot_radius": 0.12,
  "start": [
    5.462421509795982,
    2.5608992181440198,
    0.0
  ],
  "goal": [
    1.2286705525257595,
    0.48568191327649657,
    0.0
  ],
  "success": true,
  "summary": {
    "success": true,
    "grid_start": [
      36,
      17
    ],
    "grid_goal": [
      8,
      3
    ],
    "num_waypoints": 31,
    "path_length": 5.2764
  },
  "path": [
    [
      5.462421509795982,
      2.5608992181440198,
      0.0
    ],
    [
      5.25,
      2.4,
      0.0
    ],
    [
      5.1,
      2.25,
      0.0
    ],
    [
      5.1,
      2.1,
      0.0
    ],
    [
      5.1,
      1.95,
      0.0
    ],
    [
      4.95,
      1.8,
      0.0
    ],
    [
      4.8,
      1.65,
      0.0
    ],
    [
      4.65,
      1.5,
      0.0
    ],
    [
      4.5,
      1.35,
      0.0
    ],
    [
      4.35,
      1.2,
      0.0
    ],
    [
      4.2,
      1.2,
      0.0
    ],
    [
      4.05,
      1.2,
      0.0
    ],
    [
      3.9,
      1.2,
      0.0
    ],
    [
      3.75,
      1.2,
      0.0
    ],
    [
      3.6,
      1.05,
      0.0
    ],
    [
      3.45,
      0.9,
      0.0
    ],
    [
      3.3,
      0.75,
      0.0
    ],
    [
      3.15,
      0.75,
      0.0
    ],
    [
      3.0,
      0.75,
      0.0
    ],
    [
      2.85,
      0.75,
      0.0
    ],
    [
      2.7,
      0.75,
      0.0
    ],
    [
      2.55,
      0.75,
      0.0
    ],
    [
      2.4,
      0.75,
      0.0
    ],
    [
      2.25,
      0.6,
      0.0
    ],
    [
      2.1,
      0.45,
      0.0
    ],
    [
      1.95,
      0.45,
      0.0
    ],
    [
      1.8,
      0.45,
      0.0
    ],
    [
      1.65,
      0.45,
      0.0
    ],
    [
      1.5,
      0.45,
      0.0
    ],
    [
      1.35,
      0.45,
      0.0
    ],
    [
      1.2286705525257595,
      0.48568191327649657,
      0.0
    ]
  ]
}