{
  "algorithm": "d_star_lite",
  "scene_file": "/Users/ishita/Documents/GitHub/BEACON-semantics/data/complex/scenes/collision_required_007.json",
  "scene_family": "collision_required",
  "workspace": [
    0,
    6,
    0,
    6
  ],
  "planning_mode": "collision_free",
  "grid_step": 0.15,
  "robot_radius": 0.12,
  "start": [
    0.8187331945520415,
    4.8634024456834535,
    0.0
  ],
  "goal": [
    4.602744750117857,
    1.7934910928728853,
    0.0
  ],
  "success": true,
  "summary": {
    "success": true,
    "grid_start": [
      5,
      32
    ],
    "grid_goal": [
      31,
      12
    ],
    "num_waypoints": 27,
    "path_length": 5.1339
  },
  "path": [
    [
      0.8187331945520415,
      4.8634024456834535,
      0.0
    ],
    [
      0.9,
      4.65,
      0.0
    ],
    [
      1.05,
      4.5,
      0.0
    ],
    [
      1.2,
      4.35,
      0.0
    ],
    [
      1.35,
      4.2,
      0.0
    ],
    [
      1.5,
      4.05,
      0.0
    ],
    [
      1.65,
      3.9,
      0.0
    ],
    [
      1.8,
      3.75,
      0.0
    ],
    [
      1.95,
      3.6,
      0.0
    ],
    [
      2.1,
      3.6,
      0.0
    ],
    [
      2.25,
      3.6,
      0.0
    ],
    [
      2.4,
      3.6,
      0.0
    ],
    [
      2.55,
      3.45,
      0.0
    ],
    [
      2.7,
      3.45,
      0.0
    ],
    [
      2.85,
      3.45,
      0.0
    ],
    [
      3.0,
      3.45,
      0.0
    ],
    [
      3.15,
      3.3,
      0.0
    ],
    [
      3.3,
      3.15,
      0.0
    ],
    [
      3.45,
      3.0,
      0.0
    ],
    [
      3.6,
      2.85,
      0.0
    ],
    [
      3.75,
      2.7,
      0.0
    ],
    [
      3.9,
      2.55,
      0.0
    ],
    [
      4.05,
      2.4,
      0.0
    ],
    [
      4.2,
      2.25,
      0.0
    ],
    [
      4.35,
      2.1,
      0.0
    ],
    [
      4.5,
      1.95,
      0.0
    ],
    [
      4.602744750117857,
      1.7934910928728853,
      0.0
    ]
  ]
}