{
  "algorithm": "d_star_lite",
  "scene_file": "/Users/ishita/Documents/GitHub/BEACON-semantics/data/complex/scenes/collision_required_037.json",
  "scene_family": "collision_required",
  "workspace": [
    0,
    6,
    0,
    6
  ],
  "planning_mode": "collision_free",
  "grid_step": 0.15,
  "robot_radius": 0.12,
  "start": [
    1.291916066784752,
    1.6689151157034403,
    0.0
  ],
  "goal": [
    5.05248447304768,
    3.1215731868548717,
    0.0
  ],
  "success": true,
  "summary": {
    "success": true,
    "grid_start": [
      9,
      11
    ],
    "grid_goal": [
      34,
      21
    ],
    "num_waypoints": 26,
    "path_length": 4.3615
  },
  "path": [
    [
      1.291916066784752,
      1.6689151157034403,
      0.0
    ],
    [
      1.5,
      1.8,
      0.0
    ],
    [
      1.65,
      1.95,
      0.0
    ],
    [
      1.8,
      2.1,
      0.0
    ],
    [
      1.95,
      2.25,
      0.0
    ],
    [
      2.1,
      2.4,
      0.0
    ],
    [
      2.25,
      2.55,
      0.0
    ],
    [
      2.4,
      2.7,
      0.0
    ],
    [
      2.55,
      2.7,
      0.0
    ],
    [
      2.7,
      2.7,
      0.0
    ],
    [
      2.85,
      2.85,
      0.0
    ],
    [
      3.0,
      2.85,
      0.0
    ],
    [
      3.15,
      2.85,
      0.0
    ],
    [
      3.3,
      2.85,
      0.0
    ],
    [
      3.45,
      2.85,
      0.0
    ],
    [
      3.6,
      2.85,
      0.0
    ],
    [
      3.75,
      2.85,
      0.0
    ],
    [
      3.9,
      2.85,
      0.0
    ],
    [
      4.05,
      3.0,
      0.0
    ],
    [
      4.2,
      3.15,
      0.0
    ],
    [
      4.35,
      3.15,
      0.0
    ],
    [
      4.5,
      3.15,
      0.0
    ],
    [
      4.65,
      3.15,
      0.0
    ],
    [
      4.8,
      3.15,
      0.0
    ],
    [
      4.95,
      3.15,
      0.0
    ],
    [
      5.05248447304768,
      3.1215731868548717,
      0.0
    ]
  ]
}