{
  "algorithm": "d_star_lite",
  "scene_file": "/Users/ishita/Documents/GitHub/BEACON-semantics/data/complex/scenes/collision_required_040.json",
  "scene_family": "collision_required",
  "workspace": [
    0,
    6,
    0,
    6
  ],
  "planning_mode": "collision_free",
  "grid_step": 0.15,
  "robot_radius": 0.12,
  "start": [
    5.470624432660251,
    1.7619627626486765,
    0.0
  ],
  "goal": [
    0.4603622837259198,
    3.4257134022138374,
    0.0
  ],
  "success": true,
  "summary": {
    "success": true,
    "grid_start": [
      36,
      12
    ],
    "grid_goal": [
      3,
      23
    ],
    "num_waypoints": 36,
    "path_length": 6.2476
  },
  "path": [
    [
      5.470624432660251,
      1.7619627626486765,
      0.0
    ],
    [
      5.25,
      1.8,
      0.0
    ],
    [
      5.1,
      1.8,
      0.0
    ],
    [
      4.95,
      1.8,
      0.0
    ],
    [
      4.8,
      1.8,
      0.0
    ],
    [
      4.65,
      1.8,
      0.0
    ],
    [
      4.5,
      1.8,
      0.0
    ],
    [
      4.35,
      1.65,
      0.0
    ],
    [
      4.2,
      1.65,
      0.0
    ],
    [
      4.05,
      1.5,
      0.0
    ],
    [
      3.9,
      1.5,
      0.0
    ],
    [
      3.75,
      1.5,
      0.0
    ],
    [
      3.6,
      1.5,
      0.0
    ],
    [
      3.45,
      1.5,
      0.0
    ],
    [
      3.3,
      1.5,
      0.0
    ],
    [
      3.15,
      1.5,
      0.0
    ],
    [
      3.0,
      1.35,
      0.0
    ],
    [
      2.85,
      1.35,
      0.0
    ],
    [
      2.7,
      1.35,
      0.0
    ],
    [
      2.55,
      1.35,
      0.0
    ],
    [
      2.4,
      1.5,
      0.0
    ],
    [
      2.25,
      1.65,
      0.0
    ],
    [
      2.1,
      1.8,
      0.0
    ],
    [
      1.95,
      1.95,
      0.0
    ],
    [
      1.8,
      2.1,
      0.0
    ],
    [
      1.65,
      2.25,
      0.0
    ],
    [
      1.65,
      2.4,
      0.0
    ],
    [
      1.65,
      2.55,
      0.0
    ],
    [
      1.5,
      2.7,
      0.0
    ],
    [
      1.35,
      2.85,
      0.0
    ],
    [
      1.2,
      3.0,
      0.0
    ],
    [
      1.05,
      3.15,
      0.0
    ],
    [
      0.9,
      3.3,
      0.0
    ],
    [
      0.75,
      3.45,
      0.0
    ],
    [
      0.6,
      3.45,
      0.0
    ],
    [
      0.4603622837259198,
      3.4257134022138374,
      0.0
    ]
  ]
}