{
  "algorithm": "d_star_lite",
  "scene_file": "/Users/ishita/Documents/GitHub/BEACON-semantics/data/complex/scenes/collision_required_067.json",
  "scene_family": "collision_required",
  "workspace": [
    0,
    6,
    0,
    6
  ],
  "planning_mode": "collision_free",
  "grid_step": 0.15,
  "robot_radius": 0.12,
  "start": [
    3.5304589347920006,
    4.994409896421843,
    0.0
  ],
  "goal": [
    2.464318548583057,
    0.5203241104014084,
    0.0
  ],
  "success": true,
  "summary": {
    "success": true,
    "grid_start": [
      24,
      33
    ],
    "grid_goal": [
      16,
      3
    ],
    "num_waypoints": 31,
    "path_length": 5.1302
  },
  "path": [
    [
      3.5304589347920006,
      4.994409896421843,
      0.0
    ],
    [
      3.6,
      4.8,
      0.0
    ],
    [
      3.6,
      4.65,
      0.0
    ],
    [
      3.6,
      4.5,
      0.0
    ],
    [
      3.6,
      4.35,
      0.0
    ],
    [
      3.6,
      4.2,
      0.0
    ],
    [
      3.75,
      4.05,
      0.0
    ],
    [
      3.75,
      3.9,
      0.0
    ],
    [
      3.6,
      3.75,
      0.0
    ],
    [
      3.45,
      3.6,
      0.0
    ],
    [
      3.3,
      3.45,
      0.0
    ],
    [
      3.15,
      3.3,
      0.0
    ],
    [
      3.15,
      3.15,
      0.0
    ],
    [
      3.15,
      3.0,
      0.0
    ],
    [
      3.15,
      2.85,
      0.0
    ],
    [
      3.15,
      2.7,
      0.0
    ],
    [
      3.15,
      2.55,
      0.0
    ],
    [
      3.0,
      2.4,
      0.0
    ],
    [
      2.85,
      2.25,
      0.0
    ],
    [
      2.85,
      2.1,
      0.0
    ],
    [
      2.85,
      1.95,
      0.0
    ],
    [
      2.85,
      1.8,
      0.0
    ],
    [
      2.85,
      1.65,
      0.0
    ],
    [
      2.85,
      1.5,
      0.0
    ],
    [
      2.85,
      1.35,
      0.0
    ],
    [
      2.85,
      1.2,
      0.0
    ],
    [
      2.7,
      1.05,
      0.0
    ],
    [
      2.55,
      0.9,
      0.0
    ],
    [
      2.4,
      0.75,
      0.0
    ],
    [
      2.4,
      0.6,
      0.0
    ],
    [
      2.464318548583057,
      0.5203241104014084,
      0.0
    ]
  ]
}