{
  "algorithm": "d_star_lite",
  "scene_file": "/Users/ishita/Documents/GitHub/BEACON-semantics/data/complex/scenes/collision_required_014.json",
  "scene_family": "collision_required",
  "workspace": [
    0,
    6,
    0,
    6
  ],
  "planning_mode": "collision_free",
  "grid_step": 0.15,
  "robot_radius": 0.12,
  "start": [
    3.147179469824454,
    1.7255823601740843,
    0.0
  ],
  "goal": [
    0.8802036476076993,
    5.058168386443017,
    0.0
  ],
  "success": true,
  "summary": {
    "success": true,
    "grid_start": [
      21,
      12
    ],
    "grid_goal": [
      6,
      34
    ],
    "num_waypoints": 23,
    "path_length": 4.2482
  },
  "path": [
    [
      3.147179469824454,
      1.7255823601740843,
      0.0
    ],
    [
      3.0,
      1.95,
      0.0
    ],
    [
      2.85,
      2.1,
      0.0
    ],
    [
      2.7,
      2.25,
      0.0
    ],
    [
      2.55,
      2.4,
      0.0
    ],
    [
      2.4,
      2.55,
      0.0
    ],
    [
      2.4,
      2.7,
      0.0
    ],
    [
      2.4,
      2.85,
      0.0
    ],
    [
      2.4,
      3.0,
      0.0
    ],
    [
      2.4,
      3.15,
      0.0
    ],
    [
      2.4,
      3.3,
      0.0
    ],
    [
      2.25,
      3.45,
      0.0
    ],
    [
      2.1,
      3.6,
      0.0
    ],
    [
      1.95,
      3.75,
      0.0
    ],
    [
      1.8,
      3.9,
      0.0
    ],
    [
      1.65,
      4.05,
      0.0
    ],
    [
      1.5,
      4.2,
      0.0
    ],
    [
      1.35,
      4.35,
      0.0
    ],
    [
      1.2,
      4.5,
      0.0
    ],
    [
      1.05,
      4.65,
      0.0
    ],
    [
      0.9,
      4.8,
      0.0
    ],
    [
      0.9,
      4.95,
      0.0
    ],
    [
      0.8802036476076993,
      5.058168386443017,
      0.0
    ]
  ]
}