{
  "algorithm": "d_star_lite",
  "scene_file": "/Users/ishita/Documents/GitHub/BEACON-semantics/data/complex/scenes/collision_required_093.json",
  "scene_family": "collision_required",
  "workspace": [
    0,
    6,
    0,
    6
  ],
  "planning_mode": "collision_free",
  "grid_step": 0.15,
  "robot_radius": 0.12,
  "start": [
    4.835782759916104,
    5.365292353853952,
    0.0
  ],
  "goal": [
    3.0760970278961417,
    1.6610003970034186,
    0.0
  ],
  "success": true,
  "summary": {
    "success": true,
    "grid_start": [
      32,
      36
    ],
    "grid_goal": [
      21,
      11
    ],
    "num_waypoints": 26,
    "path_length": 4.4474
  },
  "path": [
    [
      4.835782759916104,
      5.365292353853952,
      0.0
    ],
    [
      4.65,
      5.25,
      0.0
    ],
    [
      4.65,
      5.1,
      0.0
    ],
    [
      4.65,
      4.95,
      0.0
    ],
    [
      4.65,
      4.8,
      0.0
    ],
    [
      4.5,
      4.65,
      0.0
    ],
    [
      4.35,
      4.5,
      0.0
    ],
    [
      4.2,
      4.35,
      0.0
    ],
    [
      4.2,
      4.2,
      0.0
    ],
    [
      4.2,
      4.05,
      0.0
    ],
    [
      4.2,
      3.9,
      0.0
    ],
    [
      4.2,
      3.75,
      0.0
    ],
    [
      4.2,
      3.6,
      0.0
    ],
    [
      4.2,
      3.45,
      0.0
    ],
    [
      4.2,
      3.3,
      0.0
    ],
    [
      4.05,
      3.15,
      0.0
    ],
    [
      3.9,
      3.0,
      0.0
    ],
    [
      3.75,
      2.85,
      0.0
    ],
    [
      3.6,
      2.7,
      0.0
    ],
    [
      3.6,
      2.55,
      0.0
    ],
    [
      3.45,
      2.4,
      0.0
    ],
    [
      3.3,
      2.25,
      0.0
    ],
    [
      3.15,
      2.1,
      0.0
    ],
    [
      3.15,
      1.95,
      0.0
    ],
    [
      3.15,
      1.8,
      0.0
    ],
    [
      3.0760970278961417,
      1.6610003970034186,
      0.0
    ]
  ]
}