{
  "algorithm": "d_star_lite",
  "scene_file": "/Users/ishita/Documents/GitHub/BEACON-semantics/data/complex/scenes/collision_required_087.json",
  "scene_family": "collision_required",
  "workspace": [
    0,
    6,
    0,
    6
  ],
  "planning_mode": "collision_free",
  "grid_step": 0.15,
  "robot_radius": 0.12,
  "start": [
    4.677298119260123,
    3.3654583821179465,
    0.0
  ],
  "goal": [
    1.0105047964247837,
    0.841881308934783,
    0.0
  ],
  "success": true,
  "summary": {
    "success": true,
    "grid_start": [
      31,
      22
    ],
    "grid_goal": [
      7,
      6
    ],
    "num_waypoints": 25,
    "path_length": 4.7092
  },
  "path": [
    [
      4.677298119260123,
      3.3654583821179465,
      0.0
    ],
    [
      4.5,
      3.15,
      0.0
    ],
    [
      4.35,
      3.0,
      0.0
    ],
    [
      4.2,
      2.85,
      0.0
    ],
    [
      4.05,
      2.7,
      0.0
    ],
    [
      3.9,
      2.55,
      0.0
    ],
    [
      3.75,
      2.4,
      0.0
    ],
    [
      3.6,
      2.25,
      0.0
    ],
    [
      3.45,
      2.25,
      0.0
    ],
    [
      3.3,
      2.25,
      0.0
    ],
    [
      3.15,
      2.25,
      0.0
    ],
    [
      3.0,
      2.25,
      0.0
    ],
    [
      2.85,
      2.25,
      0.0
    ],
    [
      2.7,
      2.25,
      0.0
    ],
    [
      2.55,
      2.1,
      0.0
    ],
    [
      2.4,
      1.95,
      0.0
    ],
    [
      2.25,
      1.8,
      0.0
    ],
    [
      2.1,
      1.65,
      0.0
    ],
    [
      1.95,
      1.5,
      0.0
    ],
    [
      1.8,
      1.35,
      0.0
    ],
    [
      1.65,
      1.2,
      0.0
    ],
    [
      1.5,
      1.05,
      0.0
    ],
    [
      1.35,
      0.9,
      0.0
    ],
    [
      1.2,
      0.9,
      0.0
    ],
    [
      1.0105047964247837,
      0.841881308934783,
      0.0
    ]
  ]
}