{
  "algorithm": "d_star_lite",
  "scene_file": "/Users/ishita/Documents/GitHub/BEACON-semantics/data/complex/scenes/collision_required_073.json",
  "scene_family": "collision_required",
  "workspace": [
    0,
    6,
    0,
    6
  ],
  "planning_mode": "collision_free",
  "grid_step": 0.15,
  "robot_radius": 0.12,
  "start": [
    4.580641413860395,
    0.4609119243847129,
    0.0
  ],
  "goal": [
    1.1027607314105055,
    4.573692619982313,
    0.0
  ],
  "success": true,
  "summary": {
    "success": true,
    "grid_start": [
      31,
      3
    ],
    "grid_goal": [
      7,
      30
    ],
    "num_waypoints": 34,
    "path_length": 6.0968
  },
  "path": [
    [
      4.580641413860395,
      0.4609119243847129,
      0.0
    ],
    [
      4.5,
      0.6,
      0.0
    ],
    [
      4.35,
      0.6,
      0.0
    ],
    [
      4.2,
      0.6,
      0.0
    ],
    [
      4.05,
      0.6,
      0.0
    ],
    [
      3.9,
      0.6,
      0.0
    ],
    [
      3.75,
      0.6,
      0.0
    ],
    [
      3.6,
      0.75,
      0.0
    ],
    [
      3.45,
      0.9,
      0.0
    ],
    [
      3.3,
      1.05,
      0.0
    ],
    [
      3.15,
      1.2,
      0.0
    ],
    [
      3.0,
      1.35,
      0.0
    ],
    [
      2.85,
      1.5,
      0.0
    ],
    [
      2.7,
      1.65,
      0.0
    ],
    [
      2.55,
      1.8,
      0.0
    ],
    [
      2.4,
      1.8,
      0.0
    ],
    [
      2.25,
      1.95,
      0.0
    ],
    [
      2.1,
      2.1,
      0.0
    ],
    [
      1.95,
      2.25,
      0.0
    ],
    [
      1.95,
      2.4,
      0.0
    ],
    [
      1.8,
      2.55,
      0.0
    ],
    [
      1.65,
      2.7,
      0.0
    ],
    [
      1.5,
      2.85,
      0.0
    ],
    [
      1.5,
      3.0,
      0.0
    ],
    [
      1.5,
      3.15,
      0.0
    ],
    [
      1.5,
      3.3,
      0.0
    ],
    [
      1.5,
      3.45,
      0.0
    ],
    [
      1.5,
      3.6,
      0.0
    ],
    [
      1.35,
      3.75,
      0.0
    ],
    [
      1.2,
      3.9,
      0.0
    ],
    [
      1.05,
      4.05,
      0.0
    ],
    [
      1.05,
      4.2,
      0.0
    ],
    [
      1.05,
      4.35,
      0.0
    ],
    [
      1.1027607314105055,
      4.573692619982313,
      0.0
    ]
  ]
}