{
  "algorithm": "d_star_lite",
  "scene_file": "/Users/ishita/Documents/GitHub/BEACON-semantics/data/complex/scenes/collision_required_005.json",
  "scene_family": "collision_required",
  "workspace": [
    0,
    6,
    0,
    6
  ],
  "planning_mode": "collision_free",
  "grid_step": 0.15,
  "robot_radius": 0.12,
  "start": [
    5.454836615979554,
    0.5143786447256399,
    0.0
  ],
  "goal": [
    5.448383104036283,
    4.602473164674003,
    0.0
  ],
  "success": true,
  "summary": {
    "success": true,
    "grid_start": [
      36,
      3
    ],
    "grid_goal": [
      36,
      31
    ],
    "num_waypoints": 29,
    "path_length": 4.3635
  },
  "path": [
    [
      5.454836615979554,
      0.5143786447256399,
      0.0
    ],
    [
      5.4,
      0.6,
      0.0
    ],
    [
      5.4,
      0.75,
      0.0
    ],
    [
      5.4,
      0.9,
      0.0
    ],
    [
      5.4,
      1.05,
      0.0
    ],
    [
      5.4,
      1.2,
      0.0
    ],
    [
      5.4,
      1.35,
      0.0
    ],
    [
      5.4,
      1.5,
      0.0
    ],
    [
      5.4,
      1.65,
      0.0
    ],
    [
      5.4,
      1.8,
      0.0
    ],
    [
      5.4,
      1.95,
      0.0
    ],
    [
      5.4,
      2.1,
      0.0
    ],
    [
      5.55,
      2.25,
      0.0
    ],
    [
      5.7,
      2.4,
      0.0
    ],
    [
      5.7,
      2.55,
      0.0
    ],
    [
      5.7,
      2.7,
      0.0
    ],
    [
      5.7,
      2.85,
      0.0
    ],
    [
      5.7,
      3.0,
      0.0
    ],
    [
      5.7,
      3.15,
      0.0
    ],
    [
      5.7,
      3.3,
      0.0
    ],
    [
      5.7,
      3.45,
      0.0
    ],
    [
      5.55,
      3.6,
      0.0
    ],
    [
      5.4,
      3.75,
      0.0
    ],
    [
      5.4,
      3.9,
      0.0
    ],
    [
      5.4,
      4.05,
      0.0
    ],
    [
      5.4,
      4.2,
      0.0
    ],
    [
      5.4,
      4.35,
      0.0
    ],
    [
      5.4,
      4.5,
      0.0
    ],
    [
      5.448383104036283,
      4.602473164674003,
      0.0
    ]
  ]
}