{
  "algorithm": "d_star_lite",
  "scene_file": "/Users/ishita/Documents/GitHub/BEACON-semantics/data/complex/scenes/collision_required_019.json",
  "scene_family": "collision_required",
  "workspace": [
    0,
    6,
    0,
    6
  ],
  "planning_mode": "collision_free",
  "grid_step": 0.15,
  "robot_radius": 0.12,
  "start": [
    5.379628425925221,
    3.752519159594172,
    0.0
  ],
  "goal": [
    0.7714009397044074,
    2.604912652677369,
    0.0
  ],
  "success": true,
  "summary": {
    "success": true,
    "grid_start": [
      36,
      25
    ],
    "grid_goal": [
      5,
      17
    ],
    "num_waypoints": 32,
    "path_length": 5.7462
  },
  "path": [
    [
      5.379628425925221,
      3.752519159594172,
      0.0
    ],
    [
      5.25,
      3.6,
      0.0
    ],
    [
      5.1,
      3.45,
      0.0
    ],
    [
      4.95,
      3.3,
      0.0
    ],
    [
      4.8,
      3.15,
      0.0
    ],
    [
      4.65,
      3.0,
      0.0
    ],
    [
      4.5,
      2.85,
      0.0
    ],
    [
      4.35,
      2.7,
      0.0
    ],
    [
      4.2,
      2.55,
      0.0
    ],
    [
      4.05,
      2.4,
      0.0
    ],
    [
      3.9,
      2.25,
      0.0
    ],
    [
      3.75,
      2.1,
      0.0
    ],
    [
      3.6,
      1.95,
      0.0
    ],
    [
      3.45,
      1.8,
      0.0
    ],
    [
      3.3,
      1.95,
      0.0
    ],
    [
      3.15,
      1.95,
      0.0
    ],
    [
      3.0,
      2.1,
      0.0
    ],
    [
      2.85,
      2.25,
      0.0
    ],
    [
      2.7,
      2.25,
      0.0
    ],
    [
      2.55,
      2.25,
      0.0
    ],
    [
      2.4,
      2.25,
      0.0
    ],
    [
      2.25,
      2.25,
      0.0
    ],
    [
      2.1,
      2.25,
      0.0
    ],
    [
      1.95,
      2.25,
      0.0
    ],
    [
      1.8,
      2.4,
      0.0
    ],
    [
      1.65,
      2.55,
      0.0
    ],
    [
      1.5,
      2.55,
      0.0
    ],
    [
      1.35,
      2.55,
      0.0
    ],
    [
      1.2,
      2.55,
      0.0
    ],
    [
      1.05,
      2.55,
      0.0
    ],
    [
      0.9,
      2.55,
      0.0
    ],
    [
      0.7714009397044074,
      2.604912652677369,
      0.0
    ]
  ]
}