{
  "algorithm": "d_star_lite",
  "scene_file": "/Users/ishita/Documents/GitHub/BEACON-semantics/data/complex/scenes/collision_required_035.json",
  "scene_family": "collision_required",
  "workspace": [
    0,
    6,
    0,
    6
  ],
  "planning_mode": "collision_free",
  "grid_step": 0.15,
  "robot_radius": 0.12,
  "start": [
    5.281146642614324,
    4.237255018560528,
    0.0
  ],
  "goal": [
    1.351220974883977,
    0.5934853307685718,
    0.0
  ],
  "success": true,
  "summary": {
    "success": true,
    "grid_start": [
      35,
      28
    ],
    "grid_goal": [
      9,
      4
    ],
    "num_waypoints": 28,
    "path_length": 5.534
  },
  "path": [
    [
      5.281146642614324,
      4.237255018560528,
      0.0
    ],
    [
      5.1,
      4.05,
      0.0
    ],
    [
      4.95,
      4.05,
      0.0
    ],
    [
      4.8,
      4.05,
      0.0
    ],
    [
      4.65,
      4.05,
      0.0
    ],
    [
      4.5,
      3.9,
      0.0
    ],
    [
      4.35,
      3.75,
      0.0
    ],
    [
      4.2,
      3.6,
      0.0
    ],
    [
      4.05,
      3.45,
      0.0
    ],
    [
      3.9,
      3.3,
      0.0
    ],
    [
      3.75,
      3.15,
      0.0
    ],
    [
      3.6,
      3.0,
      0.0
    ],
    [
      3.45,
      2.85,
      0.0
    ],
    [
      3.3,
      2.7,
      0.0
    ],
    [
      3.15,
      2.55,
      0.0
    ],
    [
      3.0,
      2.4,
      0.0
    ],
    [
      2.85,
      2.25,
      0.0
    ],
    [
      2.7,
      2.1,
      0.0
    ],
    [
      2.55,
      1.95,
      0.0
    ],
    [
      2.4,
      1.8,
      0.0
    ],
    [
      2.25,
      1.65,
      0.0
    ],
    [
      2.1,
      1.5,
      0.0
    ],
    [
      1.95,
      1.35,
      0.0
    ],
    [
      1.8,
      1.2,
      0.0
    ],
    [
      1.65,
      1.05,
      0.0
    ],
    [
      1.5,
      0.9,
      0.0
    ],
    [
      1.35,
      0.75,
      0.0
    ],
    [
      1.351220974883977,
      0.5934853307685718,
      0.0
    ]
  ]
}