{
  "algorithm": "d_star_lite",
  "scene_file": "/Users/ishita/Documents/GitHub/BEACON-semantics/data/complex/scenes/collision_required_081.json",
  "scene_family": "collision_required",
  "workspace": [
    0,
    6,
    0,
    6
  ],
  "planning_mode": "collision_free",
  "grid_step": 0.15,
  "robot_radius": 0.12,
  "start": [
    4.4416477452271765,
    4.2248894892802715,
    0.0
  ],
  "goal": [
    0.6197054243543914,
    2.9324991694271545,
    0.0
  ],
  "success": true,
  "summary": {
    "success": true,
    "grid_start": [
      30,
      28
    ],
    "grid_goal": [
      4,
      20
    ],
    "num_waypoints": 27,
    "path_length": 4.3791
  },
  "path": [
    [
      4.4416477452271765,
      4.2248894892802715,
      0.0
    ],
    [
      4.35,
      4.05,
      0.0
    ],
    [
      4.2,
      3.9,
      0.0
    ],
    [
      4.05,
      3.75,
      0.0
    ],
    [
      3.9,
      3.6,
      0.0
    ],
    [
      3.75,
      3.45,
      0.0
    ],
    [
      3.6,
      3.45,
      0.0
    ],
    [
      3.45,
      3.45,
      0.0
    ],
    [
      3.3,
      3.45,
      0.0
    ],
    [
      3.15,
      3.45,
      0.0
    ],
    [
      3.0,
      3.45,
      0.0
    ],
    [
      2.85,
      3.3,
      0.0
    ],
    [
      2.7,
      3.3,
      0.0
    ],
    [
      2.55,
      3.3,
      0.0
    ],
    [
      2.4,
      3.3,
      0.0
    ],
    [
      2.25,
      3.3,
      0.0
    ],
    [
      2.1,
      3.3,
      0.0
    ],
    [
      1.95,
      3.3,
      0.0
    ],
    [
      1.8,
      3.3,
      0.0
    ],
    [
      1.65,
      3.15,
      0.0
    ],
    [
      1.5,
      3.0,
      0.0
    ],
    [
      1.35,
      3.0,
      0.0
    ],
    [
      1.2,
      3.0,
      0.0
    ],
    [
      1.05,
      3.0,
      0.0
    ],
    [
      0.9,
      3.0,
      0.0
    ],
    [
      0.75,
      3.0,
      0.0
    ],
    [
      0.6197054243543914,
      2.9324991694271545,
      0.0
    ]
  ]
}