{
  "algorithm": "d_star_lite",
  "scene_file": "/Users/ishita/Documents/GitHub/BEACON-semantics/data/complex/scenes/collision_required_012.json",
  "scene_family": "collision_required",
  "workspace": [
    0,
    6,
    0,
    6
  ],
  "planning_mode": "collision_free",
  "grid_step": 0.15,
  "robot_radius": 0.12,
  "start": [
    4.651741035744018,
    4.219809311128851,
    0.0
  ],
  "goal": [
    0.6485059378754288,
    2.374705326172265,
    0.0
  ],
  "success": true,
  "summary": {
    "success": true,
    "grid_start": [
      31,
      28
    ],
    "grid_goal": [
      4,
      16
    ],
    "num_waypoints": 28,
    "path_length": 5.0017
  },
  "path": [
    [
      4.651741035744018,
      4.219809311128851,
      0.0
    ],
    [
      4.5,
      4.2,
      0.0
    ],
    [
      4.35,
      4.35,
      0.0
    ],
    [
      4.2,
      4.35,
      0.0
    ],
    [
      4.05,
      4.35,
      0.0
    ],
    [
      3.9,
      4.5,
      0.0
    ],
    [
      3.75,
      4.35,
      0.0
    ],
    [
      3.6,
      4.2,
      0.0
    ],
    [
      3.45,
      4.05,
      0.0
    ],
    [
      3.3,
      3.9,
      0.0
    ],
    [
      3.15,
      3.75,
      0.0
    ],
    [
      3.0,
      3.6,
      0.0
    ],
    [
      2.85,
      3.6,
      0.0
    ],
    [
      2.7,
      3.45,
      0.0
    ],
    [
      2.55,
      3.3,
      0.0
    ],
    [
      2.4,
      3.3,
      0.0
    ],
    [
      2.25,
      3.15,
      0.0
    ],
    [
      2.1,
      3.0,
      0.0
    ],
    [
      1.95,
      2.85,
      0.0
    ],
    [
      1.8,
      2.85,
      0.0
    ],
    [
      1.65,
      2.85,
      0.0
    ],
    [
      1.5,
      2.85,
      0.0
    ],
    [
      1.35,
      2.7,
      0.0
    ],
    [
      1.2,
      2.55,
      0.0
    ],
    [
      1.05,
      2.4,
      0.0
    ],
    [
      0.9,
      2.4,
      0.0
    ],
    [
      0.75,
      2.4,
      0.0
    ],
    [
      0.6485059378754288,
      2.374705326172265,
      0.0
    ]
  ]
}