{
  "algorithm": "d_star_lite",
  "scene_file": "/Users/ishita/Documents/GitHub/BEACON-semantics/data/complex/scenes/collision_required_033.json",
  "scene_family": "collision_required",
  "workspace": [
    0,
    6,
    0,
    6
  ],
  "planning_mode": "collision_free",
  "grid_step": 0.15,
  "robot_radius": 0.12,
  "start": [
    4.980977218916136,
    0.9330618234731878,
    0.0
  ],
  "goal": [
    2.422421542874177,
    5.046362732404542,
    0.0
  ],
  "success": true,
  "summary": {
    "success": true,
    "grid_start": [
      33,
      6
    ],
    "grid_goal": [
      16,
      34
    ],
    "num_waypoints": 29,
    "path_length": 5.2085
  },
  "path": [
    [
      4.980977218916136,
      0.9330618234731878,
      0.0
    ],
    [
      4.8,
      1.05,
      0.0
    ],
    [
      4.8,
      1.2,
      0.0
    ],
    [
      4.65,
      1.35,
      0.0
    ],
    [
      4.5,
      1.5,
      0.0
    ],
    [
      4.35,
      1.65,
      0.0
    ],
    [
      4.2,
      1.8,
      0.0
    ],
    [
      4.05,
      1.95,
      0.0
    ],
    [
      4.05,
      2.1,
      0.0
    ],
    [
      4.05,
      2.25,
      0.0
    ],
    [
      4.05,
      2.4,
      0.0
    ],
    [
      4.05,
      2.55,
      0.0
    ],
    [
      4.05,
      2.7,
      0.0
    ],
    [
      4.05,
      2.85,
      0.0
    ],
    [
      3.9,
      3.0,
      0.0
    ],
    [
      3.9,
      3.15,
      0.0
    ],
    [
      3.75,
      3.3,
      0.0
    ],
    [
      3.6,
      3.45,
      0.0
    ],
    [
      3.45,
      3.6,
      0.0
    ],
    [
      3.3,
      3.75,
      0.0
    ],
    [
      3.15,
      3.9,
      0.0
    ],
    [
      3.0,
      4.05,
      0.0
    ],
    [
      2.85,
      4.2,
      0.0
    ],
    [
      2.7,
      4.35,
      0.0
    ],
    [
      2.55,
      4.5,
      0.0
    ],
    [
      2.4,
      4.65,
      0.0
    ],
    [
      2.4,
      4.8,
      0.0
    ],
    [
      2.4,
      4.95,
      0.0
    ],
    [
      2.422421542874177,
      5.046362732404542,
      0.0
    ]
  ]
}