{
  "algorithm": "d_star_lite",
  "scene_file": "/Users/ishita/Documents/GitHub/BEACON-semantics/data/complex/scenes/collision_required_010.json",
  "scene_family": "collision_required",
  "workspace": [
    0,
    6,
    0,
    6
  ],
  "planning_mode": "collision_free",
  "grid_step": 0.15,
  "robot_radius": 0.12,
  "start": [
    5.008781977690377,
    3.4686676117930326,
    0.0
  ],
  "goal": [
    0.785736150792482,
    1.239974648183841,
    0.0
  ],
  "success": true,
  "summary": {
    "success": true,
    "grid_start": [
      33,
      23
    ],
    "grid_goal": [
      5,
      8
    ],
    "num_waypoints": 32,
    "path_length": 5.4229
  },
  "path": [
    [
      5.008781977690377,
      3.4686676117930326,
      0.0
    ],
    [
      4.8,
      3.3,
      0.0
    ],
    [
      4.8,
      3.15,
      0.0
    ],
    [
      4.65,
      3.0,
      0.0
    ],
    [
      4.5,
      2.85,
      0.0
    ],
    [
      4.5,
      2.7,
      0.0
    ],
    [
      4.35,
      2.55,
      0.0
    ],
    [
      4.35,
      2.4,
      0.0
    ],
    [
      4.2,
      2.25,
      0.0
    ],
    [
      4.05,
      2.1,
      0.0
    ],
    [
      3.9,
      1.95,
      0.0
    ],
    [
      3.75,
      1.8,
      0.0
    ],
    [
      3.6,
      1.65,
      0.0
    ],
    [
      3.45,
      1.65,
      0.0
    ],
    [
      3.3,
      1.65,
      0.0
    ],
    [
      3.15,
      1.65,
      0.0
    ],
    [
      3.0,
      1.5,
      0.0
    ],
    [
      2.85,
      1.5,
      0.0
    ],
    [
      2.7,
      1.5,
      0.0
    ],
    [
      2.55,
      1.5,
      0.0
    ],
    [
      2.4,
      1.5,
      0.0
    ],
    [
      2.25,
      1.5,
      0.0
    ],
    [
      2.1,
      1.5,
      0.0
    ],
    [
      1.95,
      1.5,
      0.0
    ],
    [
      1.8,
      1.35,
      0.0
    ],
    [
      1.65,
      1.2,
      0.0
    ],
    [
      1.5,
      1.2,
      0.0
    ],
    [
      1.35,
      1.2,
      0.0
    ],
    [
      1.2,
      1.2,
      0.0
    ],
    [
      1.05,
      1.2,
      0.0
    ],
    [
      0.9,
      1.2,
      0.0
    ],
    [
      0.785736150792482,
      1.239974648183841,
      0.0
    ]
  ]
}