{
  "algorithm": "d_star_lite",
  "scene_file": "/Users/ishita/Documents/GitHub/BEACON-semantics/data/complex/scenes/collision_required_021.json",
  "scene_family": "collision_required",
  "workspace": [
    0,
    6,
    0,
    6
  ],
  "planning_mode": "collision_free",
  "grid_step": 0.15,
  "robot_radius": 0.12,
  "start": [
    4.380573094489747,
    5.334801725936988,
    0.0
  ],
  "goal": [
    3.5833890355001565,
    0.8733606462081828,
    0.0
  ],
  "success": true,
  "summary": {
    "success": true,
    "grid_start": [
      29,
      36
    ],
    "grid_goal": [
      24,
      6
    ],
    "num_waypoints": 31,
    "path_length": 4.9497
  },
  "path": [
    [
      4.380573094489747,
      5.334801725936988,
      0.0
    ],
    [
      4.2,
      5.25,
      0.0
    ],
    [
      4.05,
      5.1,
      0.0
    ],
    [
      3.9,
      4.95,
      0.0
    ],
    [
      3.75,
      4.8,
      0.0
    ],
    [
      3.6,
      4.65,
      0.0
    ],
    [
      3.6,
      4.5,
      0.0
    ],
    [
      3.6,
      4.35,
      0.0
    ],
    [
      3.6,
      4.2,
      0.0
    ],
    [
      3.6,
      4.05,
      0.0
    ],
    [
      3.45,
      3.9,
      0.0
    ],
    [
      3.6,
      3.75,
      0.0
    ],
    [
      3.6,
      3.6,
      0.0
    ],
    [
      3.6,
      3.45,
      0.0
    ],
    [
      3.6,
      3.3,
      0.0
    ],
    [
      3.6,
      3.15,
      0.0
    ],
    [
      3.6,
      3.0,
      0.0
    ],
    [
      3.6,
      2.85,
      0.0
    ],
    [
      3.6,
      2.7,
      0.0
    ],
    [
      3.6,
      2.55,
      0.0
    ],
    [
      3.6,
      2.4,
      0.0
    ],
    [
      3.6,
      2.25,
      0.0
    ],
    [
      3.6,
      2.1,
      0.0
    ],
    [
      3.6,
      1.95,
      0.0
    ],
    [
      3.6,
      1.8,
      0.0
    ],
    [
      3.6,
      1.65,
      0.0
    ],
    [
      3.6,
      1.5,
      0.0
    ],
    [
      3.6,
      1.35,
      0.0
    ],
    [
      3.6,
      1.2,
      0.0
    ],
    [
      3.6,
      1.05,
      0.0
    ],
    [
      3.5833890355001565,
      0.8733606462081828,
      0.0
    ]
  ]
}