{
  "algorithm": "d_star_lite",
  "scene_file": "/Users/ishita/Documents/GitHub/BEACON-semantics/data/complex/scenes/collision_required_085.json",
  "scene_family": "collision_required",
  "workspace": [
    0,
    6,
    0,
    6
  ],
  "planning_mode": "collision_free",
  "grid_step": 0.15,
  "robot_radius": 0.12,
  "start": [
    2.2162255339456576,
    1.389714664995918,
    0.0
  ],
  "goal": [
    5.349164819899316,
    5.274507601382318,
    0.0
  ],
  "success": true,
  "summary": {
    "success": true,
    "grid_start": [
      15,
      9
    ],
    "grid_goal": [
      36,
      35
    ],
    "num_waypoints": 36,
    "path_length": 6.0295
  },
  "path": [
    [
      2.2162255339456576,
      1.389714664995918,
      0.0
    ],
    [
      2.4,
      1.5,
      0.0
    ],
    [
      2.55,
      1.5,
      0.0
    ],
    [
      2.7,
      1.5,
      0.0
    ],
    [
      2.85,
      1.5,
      0.0
    ],
    [
      3.0,
      1.65,
      0.0
    ],
    [
      3.15,
      1.8,
      0.0
    ],
    [
      3.3,
      1.95,
      0.0
    ],
    [
      3.45,
      2.1,
      0.0
    ],
    [
      3.6,
      2.25,
      0.0
    ],
    [
      3.75,
      2.25,
      0.0
    ],
    [
      3.9,
      2.25,
      0.0
    ],
    [
      4.05,
      2.25,
      0.0
    ],
    [
      4.2,
      2.25,
      0.0
    ],
    [
      4.35,
      2.25,
      0.0
    ],
    [
      4.5,
      2.25,
      0.0
    ],
    [
      4.65,
      2.4,
      0.0
    ],
    [
      4.8,
      2.55,
      0.0
    ],
    [
      4.95,
      2.7,
      0.0
    ],
    [
      5.1,
      2.85,
      0.0
    ],
    [
      5.25,
      3.0,
      0.0
    ],
    [
      5.4,
      3.15,
      0.0
    ],
    [
      5.4,
      3.3,
      0.0
    ],
    [
      5.4,
      3.45,
      0.0
    ],
    [
      5.4,
      3.6,
      0.0
    ],
    [
      5.4,
      3.75,
      0.0
    ],
    [
      5.4,
      3.9,
      0.0
    ],
    [
      5.4,
      4.05,
      0.0
    ],
    [
      5.4,
      4.2,
      0.0
    ],
    [
      5.4,
      4.35,
      0.0
    ],
    [
      5.4,
      4.5,
      0.0
    ],
    [
      5.4,
      4.65,
      0.0
    ],
    [
      5.4,
      4.8,
      0.0
    ],
    [
      5.4,
      4.95,
      0.0
    ],
    [
      5.4,
      5.1,
      0.0
    ],
    [
      5.349164819899316,
      5.274507601382318,
      0.0
    ]
  ]
}