{
  "algorithm": "d_star_lite",
  "scene_file": "/Users/ishita/Documents/GitHub/BEACON-semantics/data/complex/scenes/collision_required_000.json",
  "scene_family": "collision_required",
  "workspace": [
    0,
    6,
    0,
    6
  ],
  "planning_mode": "collision_free",
  "grid_step": 0.15,
  "robot_radius": 0.12,
  "start": [
    2.7636873961933244,
    1.4135849499331683,
    0.0
  ],
  "goal": [
    4.791011619762363,
    5.1508010868582375,
    0.0
  ],
  "success": true,
  "summary": {
    "success": true,
    "grid_start": [
      18,
      9
    ],
    "grid_goal": [
      32,
      34
    ],
    "num_waypoints": 26,
    "path_length": 4.5809
  },
  "path": [
    [
      2.7636873961933244,
      1.4135849499331683,
      0.0
    ],
    [
      2.85,
      1.5,
      0.0
    ],
    [
      3.0,
      1.65,
      0.0
    ],
    [
      3.15,
      1.8,
      0.0
    ],
    [
      3.3,
      1.95,
      0.0
    ],
    [
      3.45,
      2.1,
      0.0
    ],
    [
      3.45,
      2.25,
      0.0
    ],
    [
      3.45,
      2.4,
      0.0
    ],
    [
      3.45,
      2.55,
      0.0
    ],
    [
      3.45,
      2.7,
      0.0
    ],
    [
      3.45,
      2.85,
      0.0
    ],
    [
      3.45,
      3.0,
      0.0
    ],
    [
      3.6,
      3.15,
      0.0
    ],
    [
      3.6,
      3.3,
      0.0
    ],
    [
      3.75,
      3.45,
      0.0
    ],
    [
      3.75,
      3.6,
      0.0
    ],
    [
      3.9,
      3.75,
      0.0
    ],
    [
      4.05,
      3.9,
      0.0
    ],
    [
      4.2,
      4.05,
      0.0
    ],
    [
      4.35,
      4.2,
      0.0
    ],
    [
      4.5,
      4.35,
      0.0
    ],
    [
      4.65,
      4.5,
      0.0
    ],
    [
      4.8,
      4.65,
      0.0
    ],
    [
      4.8,
      4.8,
      0.0
    ],
    [
      4.8,
      4.95,
      0.0
    ],
    [
      4.791011619762363,
      5.1508010868582375,
      0.0
    ]
  ]
}