{
  "algorithm": "d_star_lite",
  "scene_file": "/Users/ishita/Documents/GitHub/BEACON-semantics/data/complex/scenes/collision_required_048.json",
  "scene_family": "collision_required",
  "workspace": [
    0,
    6,
    0,
    6
  ],
  "planning_mode": "collision_free",
  "grid_step": 0.15,
  "robot_radius": 0.12,
  "start": [
    5.424281633948839,
    1.0945640226619588,
    0.0
  ],
  "goal": [
    0.609482431980134,
    4.30829718728695,
    0.0
  ],
  "success": true,
  "summary": {
    "success": true,
    "grid_start": [
      36,
      7
    ],
    "grid_goal": [
      4,
      29
    ],
    "num_waypoints": 33,
    "path_length": 6.155
  },
  "path": [
    [
      5.424281633948839,
      1.0945640226619588,
      0.0
    ],
    [
      5.25,
      1.2,
      0.0
    ],
    [
      5.1,
      1.2,
      0.0
    ],
    [
      4.95,
      1.2,
      0.0
    ],
    [
      4.8,
      1.2,
      0.0
    ],
    [
      4.65,
      1.2,
      0.0
    ],
    [
      4.5,
      1.2,
      0.0
    ],
    [
      4.35,
      1.2,
      0.0
    ],
    [
      4.2,
      1.35,
      0.0
    ],
    [
      4.05,
      1.5,
      0.0
    ],
    [
      3.9,
      1.65,
      0.0
    ],
    [
      3.75,
      1.8,
      0.0
    ],
    [
      3.6,
      1.95,
      0.0
    ],
    [
      3.45,
      2.1,
      0.0
    ],
    [
      3.3,
      2.25,
      0.0
    ],
    [
      3.15,
      2.4,
      0.0
    ],
    [
      3.0,
      2.4,
      0.0
    ],
    [
      2.85,
      2.55,
      0.0
    ],
    [
      2.7,
      2.7,
      0.0
    ],
    [
      2.55,
      2.85,
      0.0
    ],
    [
      2.4,
      3.0,
      0.0
    ],
    [
      2.25,
      3.15,
      0.0
    ],
    [
      2.1,
      3.3,
      0.0
    ],
    [
      1.95,
      3.45,
      0.0
    ],
    [
      1.8,
      3.6,
      0.0
    ],
    [
      1.65,
      3.75,
      0.0
    ],
    [
      1.5,
      3.9,
      0.0
    ],
    [
      1.35,
      4.05,
      0.0
    ],
    [
      1.2,
      4.2,
      0.0
    ],
    [
      1.05,
      4.35,
      0.0
    ],
    [
      0.9,
      4.35,
      0.0
    ],
    [
      0.75,
      4.35,
      0.0
    ],
    [
      0.609482431980134,
      4.30829718728695,
      0.0
    ]
  ]
}