{
  "algorithm": "d_star_lite",
  "scene_file": "/Users/ishita/Documents/GitHub/BEACON-semantics/data/complex/scenes/collision_required_053.json",
  "scene_family": "collision_required",
  "workspace": [
    0,
    6,
    0,
    6
  ],
  "planning_mode": "collision_free",
  "grid_step": 0.15,
  "robot_radius": 0.12,
  "start": [
    1.1528271337083147,
    4.418067074289932,
    0.0
  ],
  "goal": [
    4.327827189854562,
    0.5845989860804883,
    0.0
  ],
  "success": true,
  "summary": {
    "success": true,
    "grid_start": [
      8,
      29
    ],
    "grid_goal": [
      29,
      4
    ],
    "num_waypoints": 26,
    "path_length": 5.1535
  },
  "path": [
    [
      1.1528271337083147,
      4.418067074289932,
      0.0
    ],
    [
      1.35,
      4.2,
      0.0
    ],
    [
      1.5,
      4.05,
      0.0
    ],
    [
      1.65,
      3.9,
      0.0
    ],
    [
      1.8,
      3.75,
      0.0
    ],
    [
      1.95,
      3.6,
      0.0
    ],
    [
      2.1,
      3.45,
      0.0
    ],
    [
      2.25,
      3.3,
      0.0
    ],
    [
      2.4,
      3.15,
      0.0
    ],
    [
      2.55,
      3.0,
      0.0
    ],
    [
      2.7,
      2.85,
      0.0
    ],
    [
      2.85,
      2.7,
      0.0
    ],
    [
      3.0,
      2.55,
      0.0
    ],
    [
      3.15,
      2.4,
      0.0
    ],
    [
      3.3,
      2.25,
      0.0
    ],
    [
      3.45,
      2.1,
      0.0
    ],
    [
      3.6,
      1.95,
      0.0
    ],
    [
      3.75,
      1.8,
      0.0
    ],
    [
      3.9,
      1.65,
      0.0
    ],
    [
      3.9,
      1.5,
      0.0
    ],
    [
      4.05,
      1.35,
      0.0
    ],
    [
      4.2,
      1.2,
      0.0
    ],
    [
      4.35,
      1.05,
      0.0
    ],
    [
      4.35,
      0.9,
      0.0
    ],
    [
      4.35,
      0.75,
      0.0
    ],
    [
      4.327827189854562,
      0.5845989860804883,
      0.0
    ]
  ]
}