{
  "algorithm": "d_star_lite",
  "scene_file": "/Users/ishita/Documents/GitHub/BEACON-semantics/data/complex/scenes/collision_required_059.json",
  "scene_family": "collision_required",
  "workspace": [
    0,
    6,
    0,
    6
  ],
  "planning_mode": "collision_free",
  "grid_step": 0.15,
  "robot_radius": 0.12,
  "start": [
    1.1693350534518454,
    2.579599492006434,
    0.0
  ],
  "goal": [
    5.388517867812012,
    4.623107082094798,
    0.0
  ],
  "success": true,
  "summary": {
    "success": true,
    "grid_start": [
      8,
      17
    ],
    "grid_goal": [
      36,
      31
    ],
    "num_waypoints": 29,
    "path_length": 5.094
  },
  "path": [
    [
      1.1693350534518454,
      2.579599492006434,
      0.0
    ],
    [
      1.35,
      2.55,
      0.0
    ],
    [
      1.5,
      2.55,
      0.0
    ],
    [
      1.65,
      2.55,
      0.0
    ],
    [
      1.8,
      2.55,
      0.0
    ],
    [
      1.95,
      2.55,
      0.0
    ],
    [
      2.1,
      2.7,
      0.0
    ],
    [
      2.25,
      2.85,
      0.0
    ],
    [
      2.4,
      3.0,
      0.0
    ],
    [
      2.55,
      3.15,
      0.0
    ],
    [
      2.7,
      3.3,
      0.0
    ],
    [
      2.85,
      3.3,
      0.0
    ],
    [
      3.0,
      3.3,
      0.0
    ],
    [
      3.15,
      3.3,
      0.0
    ],
    [
      3.3,
      3.3,
      0.0
    ],
    [
      3.45,
      3.45,
      0.0
    ],
    [
      3.6,
      3.6,
      0.0
    ],
    [
      3.75,
      3.75,
      0.0
    ],
    [
      3.9,
      3.9,
      0.0
    ],
    [
      4.05,
      4.05,
      0.0
    ],
    [
      4.2,
      4.2,
      0.0
    ],
    [
      4.35,
      4.2,
      0.0
    ],
    [
      4.5,
      4.2,
      0.0
    ],
    [
      4.65,
      4.35,
      0.0
    ],
    [
      4.8,
      4.5,
      0.0
    ],
    [
      4.95,
      4.65,
      0.0
    ],
    [
      5.1,
      4.65,
      0.0
    ],
    [
      5.25,
      4.65,
      0.0
    ],
    [
      5.388517867812012,
      4.623107082094798,
      0.0
    ]
  ]
}