{
  "algorithm": "d_star_lite",
  "scene_file": "/Users/ishita/Documents/GitHub/BEACON-semantics/data/complex/scenes/collision_required_002.json",
  "scene_family": "collision_required",
  "workspace": [
    0,
    6,
    0,
    6
  ],
  "planning_mode": "collision_free",
  "grid_step": 0.15,
  "robot_radius": 0.12,
  "start": [
    0.5581517050512435,
    5.1513191476491365,
    0.0
  ],
  "goal": [
    2.9015389592316088,
    1.0339148229476194,
    0.0
  ],
  "success": true,
  "summary": {
    "success": true,
    "grid_start": [
      4,
      34
    ],
    "grid_goal": [
      19,
      7
    ],
    "num_waypoints": 28,
    "path_length": 5.0718
  },
  "path": [
    [
      0.5581517050512435,
      5.1513191476491365,
      0.0
    ],
    [
      0.75,
      4.95,
      0.0
    ],
    [
      0.9,
      4.8,
      0.0
    ],
    [
      1.05,
      4.65,
      0.0
    ],
    [
      1.2,
      4.5,
      0.0
    ],
    [
      1.35,
      4.35,
      0.0
    ],
    [
      1.35,
      4.2,
      0.0
    ],
    [
      1.35,
      4.05,
      0.0
    ],
    [
      1.35,
      3.9,
      0.0
    ],
    [
      1.35,
      3.75,
      0.0
    ],
    [
      1.35,
      3.6,
      0.0
    ],
    [
      1.35,
      3.45,
      0.0
    ],
    [
      1.35,
      3.3,
      0.0
    ],
    [
      1.5,
      3.15,
      0.0
    ],
    [
      1.5,
      3.0,
      0.0
    ],
    [
      1.5,
      2.85,
      0.0
    ],
    [
      1.65,
      2.7,
      0.0
    ],
    [
      1.8,
      2.55,
      0.0
    ],
    [
      1.95,
      2.4,
      0.0
    ],
    [
      2.1,
      2.25,
      0.0
    ],
    [
      2.25,
      2.1,
      0.0
    ],
    [
      2.4,
      1.95,
      0.0
    ],
    [
      2.55,
      1.8,
      0.0
    ],
    [
      2.7,
      1.65,
      0.0
    ],
    [
      2.85,
      1.5,
      0.0
    ],
    [
      2.85,
      1.35,
      0.0
    ],
    [
      2.85,
      1.2,
      0.0
    ],
    [
      2.9015389592316088,
      1.0339148229476194,
      0.0
    ]
  ]
}