{
  "algorithm": "d_star_lite",
  "scene_file": "/Users/ishita/Documents/GitHub/BEACON-semantics/data/complex/scenes/collision_required_023.json",
  "scene_family": "collision_required",
  "workspace": [
    0,
    6,
    0,
    6
  ],
  "planning_mode": "collision_free",
  "grid_step": 0.15,
  "robot_radius": 0.12,
  "start": [
    5.262284280930971,
    2.885588892281354,
    0.0
  ],
  "goal": [
    1.1926734880830567,
    2.1022885971722793,
    0.0
  ],
  "success": true,
  "summary": {
    "success": true,
    "grid_start": [
      35,
      19
    ],
    "grid_goal": [
      8,
      14
    ],
    "num_waypoints": 28,
    "path_length": 4.5047
  },
  "path": [
    [
      5.262284280930971,
      2.885588892281354,
      0.0
    ],
    [
      5.1,
      2.85,
      0.0
    ],
    [
      4.95,
      2.85,
      0.0
    ],
    [
      4.8,
      2.85,
      0.0
    ],
    [
      4.65,
      2.85,
      0.0
    ],
    [
      4.5,
      2.85,
      0.0
    ],
    [
      4.35,
      2.85,
      0.0
    ],
    [
      4.2,
      2.85,
      0.0
    ],
    [
      4.05,
      2.85,
      0.0
    ],
    [
      3.9,
      2.85,
      0.0
    ],
    [
      3.75,
      2.85,
      0.0
    ],
    [
      3.6,
      2.85,
      0.0
    ],
    [
      3.45,
      2.85,
      0.0
    ],
    [
      3.3,
      2.85,
      0.0
    ],
    [
      3.15,
      2.85,
      0.0
    ],
    [
      3.0,
      2.85,
      0.0
    ],
    [
      2.85,
      2.85,
      0.0
    ],
    [
      2.7,
      2.85,
      0.0
    ],
    [
      2.55,
      2.85,
      0.0
    ],
    [
      2.4,
      3.0,
      0.0
    ],
    [
      2.25,
      3.0,
      0.0
    ],
    [
      2.1,
      3.0,
      0.0
    ],
    [
      1.95,
      2.85,
      0.0
    ],
    [
      1.8,
      2.7,
      0.0
    ],
    [
      1.65,
      2.55,
      0.0
    ],
    [
      1.5,
      2.4,
      0.0
    ],
    [
      1.35,
      2.25,
      0.0
    ],
    [
      1.1926734880830567,
      2.1022885971722793,
      0.0
    ]
  ]
}