{
  "algorithm": "d_star_lite",
  "scene_file": "/Users/ishita/Documents/GitHub/BEACON-semantics/data/complex/scenes/collision_required_070.json",
  "scene_family": "collision_required",
  "workspace": [
    0,
    6,
    0,
    6
  ],
  "planning_mode": "collision_free",
  "grid_step": 0.15,
  "robot_radius": 0.12,
  "start": [
    5.411608279470848,
    1.805635219561795,
    0.0
  ],
  "goal": [
    2.8461042484920944,
    5.294859325069422,
    0.0
  ],
  "success": true,
  "summary": {
    "success": true,
    "grid_start": [
      36,
      12
    ],
    "grid_goal": [
      19,
      35
    ],
    "num_waypoints": 24,
    "path_length": 4.5557
  },
  "path": [
    [
      5.411608279470848,
      1.805635219561795,
      0.0
    ],
    [
      5.25,
      1.95,
      0.0
    ],
    [
      5.1,
      2.1,
      0.0
    ],
    [
      4.95,
      2.25,
      0.0
    ],
    [
      4.8,
      2.4,
      0.0
    ],
    [
      4.65,
      2.55,
      0.0
    ],
    [
      4.5,
      2.7,
      0.0
    ],
    [
      4.5,
      2.85,
      0.0
    ],
    [
      4.5,
      3.0,
      0.0
    ],
    [
      4.5,
      3.15,
      0.0
    ],
    [
      4.5,
      3.3,
      0.0
    ],
    [
      4.35,
      3.45,
      0.0
    ],
    [
      4.2,
      3.6,
      0.0
    ],
    [
      4.05,
      3.75,
      0.0
    ],
    [
      3.9,
      3.9,
      0.0
    ],
    [
      3.75,
      4.05,
      0.0
    ],
    [
      3.6,
      4.2,
      0.0
    ],
    [
      3.45,
      4.35,
      0.0
    ],
    [
      3.3,
      4.5,
      0.0
    ],
    [
      3.15,
      4.65,
      0.0
    ],
    [
      3.0,
      4.8,
      0.0
    ],
    [
      2.85,
      4.95,
      0.0
    ],
    [
      2.85,
      5.1,
      0.0
    ],
    [
      2.8461042484920944,
      5.294859325069422,
      0.0
    ]
  ]
}