{
  "algorithm": "d_star_lite",
  "scene_file": "/Users/ishita/Documents/GitHub/BEACON-semantics/data/complex/scenes/collision_required_026.json",
  "scene_family": "collision_required",
  "workspace": [
    0,
    6,
    0,
    6
  ],
  "planning_mode": "collision_free",
  "grid_step": 0.15,
  "robot_radius": 0.12,
  "start": [
    1.155494817828703,
    5.273318606402574,
    0.0
  ],
  "goal": [
    5.109059687086561,
    1.7545198107260331,
    0.0
  ],
  "success": true,
  "summary": {
    "success": true,
    "grid_start": [
      8,
      35
    ],
    "grid_goal": [
      34,
      12
    ],
    "num_waypoints": 37,
    "path_length": 6.3018
  },
  "path": [
    [
      1.155494817828703,
      5.273318606402574,
      0.0
    ],
    [
      1.35,
      5.1,
      0.0
    ],
    [
      1.5,
      5.1,
      0.0
    ],
    [
      1.65,
      5.1,
      0.0
    ],
    [
      1.8,
      5.1,
      0.0
    ],
    [
      1.95,
      5.1,
      0.0
    ],
    [
      2.1,
      5.1,
      0.0
    ],
    [
      2.25,
      4.95,
      0.0
    ],
    [
      2.4,
      4.8,
      0.0
    ],
    [
      2.55,
      4.65,
      0.0
    ],
    [
      2.7,
      4.5,
      0.0
    ],
    [
      2.85,
      4.5,
      0.0
    ],
    [
      3.0,
      4.5,
      0.0
    ],
    [
      3.15,
      4.5,
      0.0
    ],
    [
      3.3,
      4.5,
      0.0
    ],
    [
      3.45,
      4.5,
      0.0
    ],
    [
      3.6,
      4.5,
      0.0
    ],
    [
      3.75,
      4.5,
      0.0
    ],
    [
      3.9,
      4.5,
      0.0
    ],
    [
      4.05,
      4.35,
      0.0
    ],
    [
      4.2,
      4.2,
      0.0
    ],
    [
      4.35,
      4.05,
      0.0
    ],
    [
      4.5,
      3.9,
      0.0
    ],
    [
      4.65,
      3.75,
      0.0
    ],
    [
      4.65,
      3.6,
      0.0
    ],
    [
      4.65,
      3.45,
      0.0
    ],
    [
      4.65,
      3.3,
      0.0
    ],
    [
      4.65,
      3.15,
      0.0
    ],
    [
      4.65,
      3.0,
      0.0
    ],
    [
      4.65,
      2.85,
      0.0
    ],
    [
      4.65,
      2.7,
      0.0
    ],
    [
      4.8,
      2.55,
      0.0
    ],
    [
      4.95,
      2.4,
      0.0
    ],
    [
      5.1,
      2.25,
      0.0
    ],
    [
      5.1,
      2.1,
      0.0
    ],
    [
      5.1,
      1.95,
      0.0
    ],
    [
      5.109059687086561,
      1.7545198107260331,
      0.0
    ]
  ]
}