{
  "algorithm": "d_star_lite",
  "scene_file": "/Users/ishita/Documents/GitHub/BEACON-semantics/data/complex/scenes/collision_required_076.json",
  "scene_family": "collision_required",
  "workspace": [
    0,
    6,
    0,
    6
  ],
  "planning_mode": "collision_free",
  "grid_step": 0.15,
  "robot_radius": 0.12,
  "start": [
    4.30141523975857,
    2.2186416876569557,
    0.0
  ],
  "goal": [
    0.5721788850172119,
    5.3122765709303295,
    0.0
  ],
  "success": true,
  "summary": {
    "success": true,
    "grid_start": [
      29,
      15
    ],
    "grid_goal": [
      4,
      35
    ],
    "num_waypoints": 26,
    "path_length": 5.0267
  },
  "path": [
    [
      4.30141523975857,
      2.2186416876569557,
      0.0
    ],
    [
      4.2,
      2.4,
      0.0
    ],
    [
      4.05,
      2.55,
      0.0
    ],
    [
      3.9,
      2.7,
      0.0
    ],
    [
      3.75,
      2.85,
      0.0
    ],
    [
      3.6,
      3.0,
      0.0
    ],
    [
      3.45,
      3.15,
      0.0
    ],
    [
      3.3,
      3.3,
      0.0
    ],
    [
      3.15,
      3.45,
      0.0
    ],
    [
      3.0,
      3.45,
      0.0
    ],
    [
      2.85,
      3.45,
      0.0
    ],
    [
      2.7,
      3.45,
      0.0
    ],
    [
      2.55,
      3.45,
      0.0
    ],
    [
      2.4,
      3.6,
      0.0
    ],
    [
      2.25,
      3.75,
      0.0
    ],
    [
      2.1,
      3.9,
      0.0
    ],
    [
      1.95,
      4.05,
      0.0
    ],
    [
      1.8,
      4.2,
      0.0
    ],
    [
      1.65,
      4.35,
      0.0
    ],
    [
      1.5,
      4.5,
      0.0
    ],
    [
      1.35,
      4.65,
      0.0
    ],
    [
      1.2,
      4.8,
      0.0
    ],
    [
      1.05,
      4.95,
      0.0
    ],
    [
      0.9,
      5.1,
      0.0
    ],
    [
      0.75,
      5.25,
      0.0
    ],
    [
      0.5721788850172119,
      5.3122765709303295,
      0.0
    ]
  ]
}