{
  "algorithm": "d_star_lite",
  "scene_file": "/Users/ishita/Documents/GitHub/BEACON-semantics/data/complex/scenes/collision_required_069.json",
  "scene_family": "collision_required",
  "workspace": [
    0,
    6,
    0,
    6
  ],
  "planning_mode": "collision_free",
  "grid_step": 0.15,
  "robot_radius": 0.12,
  "start": [
    0.6086938070176295,
    4.655548674291417,
    0.0
  ],
  "goal": [
    3.971393109597864,
    0.8379787972650985,
    0.0
  ],
  "success": true,
  "summary": {
    "success": true,
    "grid_start": [
      4,
      31
    ],
    "grid_goal": [
      26,
      6
    ],
    "num_waypoints": 27,
    "path_length": 5.2827
  },
  "path": [
    [
      0.6086938070176295,
      4.655548674291417,
      0.0
    ],
    [
      0.75,
      4.5,
      0.0
    ],
    [
      0.75,
      4.35,
      0.0
    ],
    [
      0.9,
      4.2,
      0.0
    ],
    [
      1.05,
      4.05,
      0.0
    ],
    [
      1.2,
      3.9,
      0.0
    ],
    [
      1.35,
      3.75,
      0.0
    ],
    [
      1.5,
      3.6,
      0.0
    ],
    [
      1.65,
      3.45,
      0.0
    ],
    [
      1.8,
      3.3,
      0.0
    ],
    [
      1.95,
      3.15,
      0.0
    ],
    [
      1.95,
      3.0,
      0.0
    ],
    [
      1.95,
      2.85,
      0.0
    ],
    [
      2.1,
      2.7,
      0.0
    ],
    [
      2.1,
      2.55,
      0.0
    ],
    [
      2.25,
      2.4,
      0.0
    ],
    [
      2.4,
      2.25,
      0.0
    ],
    [
      2.55,
      2.1,
      0.0
    ],
    [
      2.7,
      1.95,
      0.0
    ],
    [
      2.85,
      1.8,
      0.0
    ],
    [
      3.0,
      1.65,
      0.0
    ],
    [
      3.15,
      1.5,
      0.0
    ],
    [
      3.3,
      1.35,
      0.0
    ],
    [
      3.45,
      1.2,
      0.0
    ],
    [
      3.6,
      1.05,
      0.0
    ],
    [
      3.75,
      0.9,
      0.0
    ],
    [
      3.971393109597864,
      0.8379787972650985,
      0.0
    ]
  ]
}