{
  "algorithm": "d_star_lite",
  "scene_file": "/Users/ishita/Documents/GitHub/BEACON-semantics/data/complex/scenes/collision_required_scene.json",
  "scene_family": "collision_required",
  "workspace": [
    0,
    6,
    0,
    6
  ],
  "planning_mode": "collision_free",
  "grid_step": 0.15,
  "robot_radius": 0.12,
  "start": [
    0.47683348047959856,
    5.307914174678595,
    0.0
  ],
  "goal": [
    4.526455022015156,
    3.1126425771400976,
    0.0
  ],
  "success": true,
  "summary": {
    "success": true,
    "grid_start": [
      3,
      35
    ],
    "grid_goal": [
      30,
      21
    ],
    "num_waypoints": 28,
    "path_length": 4.9946
  },
  "path": [
    [
      0.47683348047959856,
      5.307914174678595,
      0.0
    ],
    [
      0.6,
      5.1,
      0.0
    ],
    [
      0.75,
      4.95,
      0.0
    ],
    [
      0.9,
      4.8,
      0.0
    ],
    [
      1.05,
      4.8,
      0.0
    ],
    [
      1.2,
      4.8,
      0.0
    ],
    [
      1.35,
      4.8,
      0.0
    ],
    [
      1.5,
      4.65,
      0.0
    ],
    [
      1.65,
      4.5,
      0.0
    ],
    [
      1.8,
      4.35,
      0.0
    ],
    [
      1.95,
      4.2,
      0.0
    ],
    [
      2.1,
      4.05,
      0.0
    ],
    [
      2.25,
      3.9,
      0.0
    ],
    [
      2.4,
      3.75,
      0.0
    ],
    [
      2.55,
      3.75,
      0.0
    ],
    [
      2.7,
      3.75,
      0.0
    ],
    [
      2.85,
      3.75,
      0.0
    ],
    [
      3.0,
      3.75,
      0.0
    ],
    [
      3.15,
      3.75,
      0.0
    ],
    [
      3.3,
      3.75,
      0.0
    ],
    [
      3.45,
      3.75,
      0.0
    ],
    [
      3.6,
      3.75,
      0.0
    ],
    [
      3.75,
      3.75,
      0.0
    ],
    [
      3.9,
      3.75,
      0.0
    ],
    [
      4.05,
      3.6,
      0.0
    ],
    [
      4.2,
      3.45,
      0.0
    ],
    [
      4.35,
      3.3,
      0.0
    ],
    [
      4.526455022015156,
      3.1126425771400976,
      0.0
    ]
  ]
}