{
  "algorithm": "d_star_lite",
  "scene_file": "/Users/ishita/Documents/GitHub/BEACON-semantics/data/complex/scenes/collision_required_071.json",
  "scene_family": "collision_required",
  "workspace": [
    0,
    6,
    0,
    6
  ],
  "planning_mode": "collision_free",
  "grid_step": 0.15,
  "robot_radius": 0.12,
  "start": [
    2.340306525719512,
    0.8630989844478816,
    0.0
  ],
  "goal": [
    1.6270640364660995,
    4.893081193688939,
    0.0
  ],
  "success": true,
  "summary": {
    "success": true,
    "grid_start": [
      16,
      6
    ],
    "grid_goal": [
      11,
      33
    ],
    "num_waypoints": 28,
    "path_length": 4.302
  },
  "path": [
    [
      2.340306525719512,
      0.8630989844478816,
      0.0
    ],
    [
      2.25,
      1.05,
      0.0
    ],
    [
      2.1,
      1.2,
      0.0
    ],
    [
      1.95,
      1.35,
      0.0
    ],
    [
      1.8,
      1.5,
      0.0
    ],
    [
      1.8,
      1.65,
      0.0
    ],
    [
      1.8,
      1.8,
      0.0
    ],
    [
      1.8,
      1.95,
      0.0
    ],
    [
      1.8,
      2.1,
      0.0
    ],
    [
      1.8,
      2.25,
      0.0
    ],
    [
      1.8,
      2.4,
      0.0
    ],
    [
      1.8,
      2.55,
      0.0
    ],
    [
      1.8,
      2.7,
      0.0
    ],
    [
      1.8,
      2.85,
      0.0
    ],
    [
      1.8,
      3.0,
      0.0
    ],
    [
      1.8,
      3.15,
      0.0
    ],
    [
      1.8,
      3.3,
      0.0
    ],
    [
      1.8,
      3.45,
      0.0
    ],
    [
      1.8,
      3.6,
      0.0
    ],
    [
      1.8,
      3.75,
      0.0
    ],
    [
      1.65,
      3.9,
      0.0
    ],
    [
      1.65,
      4.05,
      0.0
    ],
    [
      1.65,
      4.2,
      0.0
    ],
    [
      1.65,
      4.35,
      0.0
    ],
    [
      1.65,
      4.5,
      0.0
    ],
    [
      1.65,
      4.65,
      0.0
    ],
    [
      1.65,
      4.8,
      0.0
    ],
    [
      1.6270640364660995,
      4.893081193688939,
      0.0
    ]
  ]
}