{
  "algorithm": "d_star_lite",
  "scene_file": "/Users/ishita/Documents/GitHub/BEACON-semantics/data/complex/scenes/collision_required_098.json",
  "scene_family": "collision_required",
  "workspace": [
    0,
    6,
    0,
    6
  ],
  "planning_mode": "collision_free",
  "grid_step": 0.15,
  "robot_radius": 0.12,
  "start": [
    1.81746470853651,
    1.2948271003537875,
    0.0
  ],
  "goal": [
    3.700054572507249,
    4.94031612948806,
    0.0
  ],
  "success": true,
  "summary": {
    "success": true,
    "grid_start": [
      12,
      9
    ],
    "grid_goal": [
      25,
      33
    ],
    "num_waypoints": 25,
    "path_length": 4.4388
  },
  "path": [
    [
      1.81746470853651,
      1.2948271003537875,
      0.0
    ],
    [
      1.95,
      1.5,
      0.0
    ],
    [
      2.1,
      1.65,
      0.0
    ],
    [
      2.25,
      1.8,
      0.0
    ],
    [
      2.4,
      1.95,
      0.0
    ],
    [
      2.55,
      2.1,
      0.0
    ],
    [
      2.7,
      2.25,
      0.0
    ],
    [
      2.85,
      2.4,
      0.0
    ],
    [
      3.0,
      2.55,
      0.0
    ],
    [
      3.0,
      2.7,
      0.0
    ],
    [
      3.15,
      2.85,
      0.0
    ],
    [
      3.15,
      3.0,
      0.0
    ],
    [
      3.3,
      3.15,
      0.0
    ],
    [
      3.45,
      3.3,
      0.0
    ],
    [
      3.45,
      3.45,
      0.0
    ],
    [
      3.45,
      3.6,
      0.0
    ],
    [
      3.45,
      3.75,
      0.0
    ],
    [
      3.6,
      3.9,
      0.0
    ],
    [
      3.75,
      4.05,
      0.0
    ],
    [
      3.75,
      4.2,
      0.0
    ],
    [
      3.75,
      4.35,
      0.0
    ],
    [
      3.75,
      4.5,
      0.0
    ],
    [
      3.75,
      4.65,
      0.0
    ],
    [
      3.75,
      4.8,
      0.0
    ],
    [
      3.700054572507249,
      4.94031612948806,
      0.0
    ]
  ]
}