{
  "algorithm": "d_star_lite",
  "scene_file": "/Users/ishita/Documents/GitHub/BEACON-semantics/data/complex/scenes/collision_required_003.json",
  "scene_family": "collision_required",
  "workspace": [
    0,
    6,
    0,
    6
  ],
  "planning_mode": "collision_free",
  "grid_step": 0.15,
  "robot_radius": 0.12,
  "start": [
    4.536159175663049,
    0.5087543871599752,
    0.0
  ],
  "goal": [
    0.5173319635496947,
    5.241515707023252,
    0.0
  ],
  "success": true,
  "summary": {
    "success": true,
    "grid_start": [
      30,
      3
    ],
    "grid_goal": [
      3,
      35
    ],
    "num_waypoints": 38,
    "path_length": 6.9188
  },
  "path": [
    [
      4.536159175663049,
      0.5087543871599752,
      0.0
    ],
    [
      4.35,
      0.6,
      0.0
    ],
    [
      4.35,
      0.75,
      0.0
    ],
    [
      4.35,
      0.9,
      0.0
    ],
    [
      4.2,
      1.05,
      0.0
    ],
    [
      4.05,
      1.2,
      0.0
    ],
    [
      3.9,
      1.35,
      0.0
    ],
    [
      3.75,
      1.5,
      0.0
    ],
    [
      3.6,
      1.65,
      0.0
    ],
    [
      3.45,
      1.8,
      0.0
    ],
    [
      3.3,
      1.95,
      0.0
    ],
    [
      3.15,
      2.1,
      0.0
    ],
    [
      3.0,
      2.25,
      0.0
    ],
    [
      2.85,
      2.4,
      0.0
    ],
    [
      2.85,
      2.55,
      0.0
    ],
    [
      2.7,
      2.7,
      0.0
    ],
    [
      2.7,
      2.85,
      0.0
    ],
    [
      2.55,
      3.0,
      0.0
    ],
    [
      2.55,
      3.15,
      0.0
    ],
    [
      2.4,
      3.3,
      0.0
    ],
    [
      2.25,
      3.45,
      0.0
    ],
    [
      2.1,
      3.6,
      0.0
    ],
    [
      1.95,
      3.75,
      0.0
    ],
    [
      1.8,
      3.75,
      0.0
    ],
    [
      1.65,
      3.75,
      0.0
    ],
    [
      1.5,
      3.75,
      0.0
    ],
    [
      1.35,
      3.75,
      0.0
    ],
    [
      1.2,
      3.75,
      0.0
    ],
    [
      1.05,
      3.9,
      0.0
    ],
    [
      0.9,
      4.05,
      0.0
    ],
    [
      0.9,
      4.2,
      0.0
    ],
    [
      0.9,
      4.35,
      0.0
    ],
    [
      0.75,
      4.5,
      0.0
    ],
    [
      0.6,
      4.65,
      0.0
    ],
    [
      0.45,
      4.8,
      0.0
    ],
    [
      0.45,
      4.95,
      0.0
    ],
    [
      0.45,
      5.1,
      0.0
    ],
    [
      0.5173319635496947,
      5.241515707023252,
      0.0
    ]
  ]
}