{
  "algorithm": "d_star_lite",
  "scene_file": "/Users/ishita/Documents/GitHub/BEACON-semantics/data/complex/scenes/collision_required_018.json",
  "scene_family": "collision_required",
  "workspace": [
    0,
    6,
    0,
    6
  ],
  "planning_mode": "collision_free",
  "grid_step": 0.15,
  "robot_radius": 0.12,
  "start": [
    0.9590728662024071,
    2.185982301898347,
    0.0
  ],
  "goal": [
    5.489492101124999,
    2.0226403473523775,
    0.0
  ],
  "success": true,
  "summary": {
    "success": true,
    "grid_start": [
      6,
      15
    ],
    "grid_goal": [
      37,
      13
    ],
    "num_waypoints": 32,
    "path_length": 5.1496
  },
  "path": [
    [
      0.9590728662024071,
      2.185982301898347,
      0.0
    ],
    [
      1.05,
      2.1,
      0.0
    ],
    [
      1.2,
      2.1,
      0.0
    ],
    [
      1.35,
      1.95,
      0.0
    ],
    [
      1.5,
      1.95,
      0.0
    ],
    [
      1.65,
      1.95,
      0.0
    ],
    [
      1.8,
      1.95,
      0.0
    ],
    [
      1.95,
      1.95,
      0.0
    ],
    [
      2.1,
      1.95,
      0.0
    ],
    [
      2.25,
      1.95,
      0.0
    ],
    [
      2.4,
      1.95,
      0.0
    ],
    [
      2.55,
      1.95,
      0.0
    ],
    [
      2.7,
      1.95,
      0.0
    ],
    [
      2.85,
      1.95,
      0.0
    ],
    [
      3.0,
      1.95,
      0.0
    ],
    [
      3.15,
      1.8,
      0.0
    ],
    [
      3.3,
      1.8,
      0.0
    ],
    [
      3.45,
      1.8,
      0.0
    ],
    [
      3.6,
      1.8,
      0.0
    ],
    [
      3.75,
      1.8,
      0.0
    ],
    [
      3.9,
      1.65,
      0.0
    ],
    [
      4.05,
      1.5,
      0.0
    ],
    [
      4.2,
      1.35,
      0.0
    ],
    [
      4.35,
      1.35,
      0.0
    ],
    [
      4.5,
      1.35,
      0.0
    ],
    [
      4.65,
      1.5,
      0.0
    ],
    [
      4.8,
      1.65,
      0.0
    ],
    [
      4.95,
      1.8,
      0.0
    ],
    [
      5.1,
      1.95,
      0.0
    ],
    [
      5.25,
      1.95,
      0.0
    ],
    [
      5.4,
      1.95,
      0.0
    ],
    [
      5.489492101124999,
      2.0226403473523775,
      0.0
    ]
  ]
}