{
  "algorithm": "d_star_lite",
  "scene_file": "/Users/ishita/Documents/GitHub/BEACON-semantics/data/complex/scenes/collision_required_080.json",
  "scene_family": "collision_required",
  "workspace": [
    0,
    6,
    0,
    6
  ],
  "planning_mode": "collision_free",
  "grid_step": 0.15,
  "robot_radius": 0.12,
  "start": [
    1.6915041783450058,
    2.9541861484292844,
    0.0
  ],
  "goal": [
    5.053651666910301,
    5.3992144823652595,
    0.0
  ],
  "success": true,
  "summary": {
    "success": true,
    "grid_start": [
      11,
      20
    ],
    "grid_goal": [
      34,
      36
    ],
    "num_waypoints": 24,
    "path_length": 4.4095
  },
  "path": [
    [
      1.6915041783450058,
      2.9541861484292844,
      0.0
    ],
    [
      1.8,
      3.15,
      0.0
    ],
    [
      1.95,
      3.3,
      0.0
    ],
    [
      2.1,
      3.3,
      0.0
    ],
    [
      2.25,
      3.3,
      0.0
    ],
    [
      2.4,
      3.3,
      0.0
    ],
    [
      2.55,
      3.3,
      0.0
    ],
    [
      2.7,
      3.45,
      0.0
    ],
    [
      2.85,
      3.6,
      0.0
    ],
    [
      3.0,
      3.75,
      0.0
    ],
    [
      3.15,
      3.75,
      0.0
    ],
    [
      3.3,
      3.75,
      0.0
    ],
    [
      3.45,
      3.9,
      0.0
    ],
    [
      3.6,
      4.05,
      0.0
    ],
    [
      3.75,
      4.2,
      0.0
    ],
    [
      3.9,
      4.35,
      0.0
    ],
    [
      4.05,
      4.5,
      0.0
    ],
    [
      4.2,
      4.65,
      0.0
    ],
    [
      4.35,
      4.8,
      0.0
    ],
    [
      4.5,
      4.95,
      0.0
    ],
    [
      4.65,
      5.1,
      0.0
    ],
    [
      4.8,
      5.25,
      0.0
    ],
    [
      4.95,
      5.4,
      0.0
    ],
    [
      5.053651666910301,
      5.3992144823652595,
      0.0
    ]
  ]
}