{
  "algorithm": "d_star_lite",
  "scene_file": "/Users/ishita/Documents/GitHub/BEACON-semantics/data/complex/scenes/collision_required_015.json",
  "scene_family": "collision_required",
  "workspace": [
    0,
    6,
    0,
    6
  ],
  "planning_mode": "collision_free",
  "grid_step": 0.15,
  "robot_radius": 0.12,
  "start": [
    4.500928334591172,
    1.2364727630262515,
    0.0
  ],
  "goal": [
    0.953282548320189,
    5.464180912555597,
    0.0
  ],
  "success": true,
  "summary": {
    "success": true,
    "grid_start": [
      30,
      8
    ],
    "grid_goal": [
      6,
      36
    ],
    "num_waypoints": 35,
    "path_length": 6.2658
  },
  "path": [
    [
      4.500928334591172,
      1.2364727630262515,
      0.0
    ],
    [
      4.35,
      1.35,
      0.0
    ],
    [
      4.2,
      1.35,
      0.0
    ],
    [
      4.05,
      1.35,
      0.0
    ],
    [
      3.9,
      1.35,
      0.0
    ],
    [
      3.75,
      1.35,
      0.0
    ],
    [
      3.6,
      1.35,
      0.0
    ],
    [
      3.45,
      1.35,
      0.0
    ],
    [
      3.3,
      1.5,
      0.0
    ],
    [
      3.15,
      1.65,
      0.0
    ],
    [
      3.0,
      1.8,
      0.0
    ],
    [
      2.85,
      1.95,
      0.0
    ],
    [
      2.7,
      2.1,
      0.0
    ],
    [
      2.55,
      2.25,
      0.0
    ],
    [
      2.4,
      2.4,
      0.0
    ],
    [
      2.25,
      2.55,
      0.0
    ],
    [
      2.1,
      2.7,
      0.0
    ],
    [
      1.95,
      2.85,
      0.0
    ],
    [
      1.8,
      3.0,
      0.0
    ],
    [
      1.65,
      3.15,
      0.0
    ],
    [
      1.5,
      3.3,
      0.0
    ],
    [
      1.35,
      3.45,
      0.0
    ],
    [
      1.2,
      3.6,
      0.0
    ],
    [
      1.2,
      3.75,
      0.0
    ],
    [
      1.2,
      3.9,
      0.0
    ],
    [
      1.2,
      4.05,
      0.0
    ],
    [
      1.2,
      4.2,
      0.0
    ],
    [
      1.05,
      4.35,
      0.0
    ],
    [
      0.9,
      4.5,
      0.0
    ],
    [
      0.9,
      4.65,
      0.0
    ],
    [
      0.9,
      4.8,
      0.0
    ],
    [
      0.9,
      4.95,
      0.0
    ],
    [
      0.9,
      5.1,
      0.0
    ],
    [
      0.9,
      5.25,
      0.0
    ],
    [
      0.953282548320189,
      5.464180912555597,
      0.0
    ]
  ]
}