{
  "algorithm": "d_star_lite",
  "scene_file": "/Users/ishita/Documents/GitHub/BEACON-semantics/data/complex/scenes/collision_required_028.json",
  "scene_family": "collision_required",
  "workspace": [
    0,
    6,
    0,
    6
  ],
  "planning_mode": "collision_free",
  "grid_step": 0.15,
  "robot_radius": 0.12,
  "start": [
    0.6476313681996542,
    1.0045192205809106,
    0.0
  ],
  "goal": [
    2.8049887192473677,
    4.9920826637786035,
    0.0
  ],
  "success": true,
  "summary": {
    "success": true,
    "grid_start": [
      4,
      7
    ],
    "grid_goal": [
      19,
      33
    ],
    "num_waypoints": 27,
    "path_length": 4.8878
  },
  "path": [
    [
      0.6476313681996542,
      1.0045192205809106,
      0.0
    ],
    [
      0.75,
      1.2,
      0.0
    ],
    [
      0.9,
      1.35,
      0.0
    ],
    [
      1.05,
      1.5,
      0.0
    ],
    [
      1.2,
      1.65,
      0.0
    ],
    [
      1.35,
      1.8,
      0.0
    ],
    [
      1.35,
      1.95,
      0.0
    ],
    [
      1.35,
      2.1,
      0.0
    ],
    [
      1.35,
      2.25,
      0.0
    ],
    [
      1.35,
      2.4,
      0.0
    ],
    [
      1.35,
      2.55,
      0.0
    ],
    [
      1.35,
      2.7,
      0.0
    ],
    [
      1.35,
      2.85,
      0.0
    ],
    [
      1.5,
      3.0,
      0.0
    ],
    [
      1.65,
      3.15,
      0.0
    ],
    [
      1.8,
      3.3,
      0.0
    ],
    [
      1.95,
      3.45,
      0.0
    ],
    [
      2.1,
      3.6,
      0.0
    ],
    [
      2.25,
      3.75,
      0.0
    ],
    [
      2.4,
      3.9,
      0.0
    ],
    [
      2.4,
      4.05,
      0.0
    ],
    [
      2.55,
      4.2,
      0.0
    ],
    [
      2.7,
      4.35,
      0.0
    ],
    [
      2.85,
      4.5,
      0.0
    ],
    [
      2.85,
      4.65,
      0.0
    ],
    [
      2.85,
      4.8,
      0.0
    ],
    [
      2.8049887192473677,
      4.9920826637786035,
      0.0
    ]
  ]
}