{
  "algorithm": "d_star_lite",
  "scene_file": "/Users/ishita/Documents/GitHub/BEACON-semantics/data/complex/scenes/collision_required_065.json",
  "scene_family": "collision_required",
  "workspace": [
    0,
    6,
    0,
    6
  ],
  "planning_mode": "collision_free",
  "grid_step": 0.15,
  "robot_radius": 0.12,
  "start": [
    5.330166244266835,
    1.6236377002095521,
    0.0
  ],
  "goal": [
    2.663583298697445,
    5.541736857746693,
    0.0
  ],
  "success": true,
  "summary": {
    "success": true,
    "grid_start": [
      36,
      11
    ],
    "grid_goal": [
      18,
      37
    ],
    "num_waypoints": 27,
    "path_length": 4.9963
  },
  "path": [
    [
      5.330166244266835,
      1.6236377002095521,
      0.0
    ],
    [
      5.25,
      1.8,
      0.0
    ],
    [
      5.1,
      1.95,
      0.0
    ],
    [
      4.95,
      2.1,
      0.0
    ],
    [
      4.8,
      2.25,
      0.0
    ],
    [
      4.65,
      2.4,
      0.0
    ],
    [
      4.5,
      2.55,
      0.0
    ],
    [
      4.35,
      2.7,
      0.0
    ],
    [
      4.2,
      2.85,
      0.0
    ],
    [
      4.05,
      3.0,
      0.0
    ],
    [
      3.9,
      3.15,
      0.0
    ],
    [
      3.75,
      3.3,
      0.0
    ],
    [
      3.6,
      3.45,
      0.0
    ],
    [
      3.45,
      3.6,
      0.0
    ],
    [
      3.3,
      3.75,
      0.0
    ],
    [
      3.15,
      3.9,
      0.0
    ],
    [
      3.0,
      4.05,
      0.0
    ],
    [
      3.0,
      4.2,
      0.0
    ],
    [
      3.0,
      4.35,
      0.0
    ],
    [
      2.85,
      4.5,
      0.0
    ],
    [
      2.7,
      4.65,
      0.0
    ],
    [
      2.7,
      4.8,
      0.0
    ],
    [
      2.7,
      4.95,
      0.0
    ],
    [
      2.7,
      5.1,
      0.0
    ],
    [
      2.7,
      5.25,
      0.0
    ],
    [
      2.7,
      5.4,
      0.0
    ],
    [
      2.663583298697445,
      5.541736857746693,
      0.0
    ]
  ]
}