{
  "algorithm": "d_star_lite",
  "scene_file": "/Users/ishita/Documents/GitHub/BEACON-semantics/data/complex/scenes/collision_required_084.json",
  "scene_family": "collision_required",
  "workspace": [
    0,
    6,
    0,
    6
  ],
  "planning_mode": "collision_free",
  "grid_step": 0.15,
  "robot_radius": 0.12,
  "start": [
    4.717713195869982,
    1.0583095795170125,
    0.0
  ],
  "goal": [
    1.7353855615822267,
    4.070046581352475,
    0.0
  ],
  "success": true,
  "summary": {
    "success": true,
    "grid_start": [
      31,
      7
    ],
    "grid_goal": [
      12,
      27
    ],
    "num_waypoints": 27,
    "path_length": 4.7873
  },
  "path": [
    [
      4.717713195869982,
      1.0583095795170125,
      0.0
    ],
    [
      4.5,
      1.2,
      0.0
    ],
    [
      4.35,
      1.35,
      0.0
    ],
    [
      4.2,
      1.35,
      0.0
    ],
    [
      4.05,
      1.5,
      0.0
    ],
    [
      3.9,
      1.65,
      0.0
    ],
    [
      3.75,
      1.8,
      0.0
    ],
    [
      3.6,
      1.95,
      0.0
    ],
    [
      3.6,
      2.1,
      0.0
    ],
    [
      3.45,
      2.25,
      0.0
    ],
    [
      3.45,
      2.4,
      0.0
    ],
    [
      3.45,
      2.55,
      0.0
    ],
    [
      3.3,
      2.7,
      0.0
    ],
    [
      3.3,
      2.85,
      0.0
    ],
    [
      3.15,
      3.0,
      0.0
    ],
    [
      3.0,
      3.0,
      0.0
    ],
    [
      2.85,
      3.0,
      0.0
    ],
    [
      2.7,
      3.0,
      0.0
    ],
    [
      2.55,
      3.0,
      0.0
    ],
    [
      2.4,
      3.0,
      0.0
    ],
    [
      2.25,
      3.15,
      0.0
    ],
    [
      2.1,
      3.3,
      0.0
    ],
    [
      1.95,
      3.45,
      0.0
    ],
    [
      1.8,
      3.6,
      0.0
    ],
    [
      1.8,
      3.75,
      0.0
    ],
    [
      1.8,
      3.9,
      0.0
    ],
    [
      1.7353855615822267,
      4.070046581352475,
      0.0
    ]
  ]
}