{
  "algorithm": "d_star_lite",
  "scene_file": "/Users/ishita/Documents/GitHub/BEACON-semantics/data/complex/scenes/collision_required_013.json",
  "scene_family": "collision_required",
  "workspace": [
    0,
    6,
    0,
    6
  ],
  "planning_mode": "collision_free",
  "grid_step": 0.15,
  "robot_radius": 0.12,
  "start": [
    2.1010273748582406,
    4.902759396325704,
    0.0
  ],
  "goal": [
    2.6829930516502847,
    0.6678217636981687,
    0.0
  ],
  "success": true,
  "summary": {
    "success": true,
    "grid_start": [
      14,
      33
    ],
    "grid_goal": [
      18,
      4
    ],
    "num_waypoints": 30,
    "path_length": 5.3711
  },
  "path": [
    [
      2.1010273748582406,
      4.902759396325704,
      0.0
    ],
    [
      2.25,
      4.8,
      0.0
    ],
    [
      2.25,
      4.65,
      0.0
    ],
    [
      2.4,
      4.5,
      0.0
    ],
    [
      2.55,
      4.35,
      0.0
    ],
    [
      2.7,
      4.2,
      0.0
    ],
    [
      2.85,
      4.05,
      0.0
    ],
    [
      3.0,
      3.9,
      0.0
    ],
    [
      3.15,
      3.75,
      0.0
    ],
    [
      3.3,
      3.6,
      0.0
    ],
    [
      3.45,
      3.45,
      0.0
    ],
    [
      3.6,
      3.3,
      0.0
    ],
    [
      3.75,
      3.15,
      0.0
    ],
    [
      3.6,
      3.0,
      0.0
    ],
    [
      3.6,
      2.85,
      0.0
    ],
    [
      3.6,
      2.7,
      0.0
    ],
    [
      3.45,
      2.55,
      0.0
    ],
    [
      3.3,
      2.4,
      0.0
    ],
    [
      3.15,
      2.25,
      0.0
    ],
    [
      3.15,
      2.1,
      0.0
    ],
    [
      3.15,
      1.95,
      0.0
    ],
    [
      3.15,
      1.8,
      0.0
    ],
    [
      3.15,
      1.65,
      0.0
    ],
    [
      3.15,
      1.5,
      0.0
    ],
    [
      3.0,
      1.35,
      0.0
    ],
    [
      2.85,
      1.2,
      0.0
    ],
    [
      2.7,
      1.05,
      0.0
    ],
    [
      2.7,
      0.9,
      0.0
    ],
    [
      2.7,
      0.75,
      0.0
    ],
    [
      2.6829930516502847,
      0.6678217636981687,
      0.0
    ]
  ]
}