{
  "algorithm": "d_star_lite",
  "scene_file": "/Users/ishita/Documents/GitHub/BEACON-semantics/data/complex/scenes/collision_required_032.json",
  "scene_family": "collision_required",
  "workspace": [
    0,
    6,
    0,
    6
  ],
  "planning_mode": "collision_free",
  "grid_step": 0.15,
  "robot_radius": 0.12,
  "start": [
    3.5559495441301565,
    4.670197275484613,
    0.0
  ],
  "goal": [
    0.833713887669834,
    0.4821347798493766,
    0.0
  ],
  "success": true,
  "summary": {
    "success": true,
    "grid_start": [
      24,
      31
    ],
    "grid_goal": [
      6,
      3
    ],
    "num_waypoints": 33,
    "path_length": 5.6434
  },
  "path": [
    [
      3.5559495441301565,
      4.670197275484613,
      0.0
    ],
    [
      3.45,
      4.5,
      0.0
    ],
    [
      3.3,
      4.35,
      0.0
    ],
    [
      3.15,
      4.2,
      0.0
    ],
    [
      3.0,
      4.05,
      0.0
    ],
    [
      2.85,
      3.9,
      0.0
    ],
    [
      2.7,
      3.75,
      0.0
    ],
    [
      2.55,
      3.6,
      0.0
    ],
    [
      2.55,
      3.45,
      0.0
    ],
    [
      2.55,
      3.3,
      0.0
    ],
    [
      2.55,
      3.15,
      0.0
    ],
    [
      2.55,
      3.0,
      0.0
    ],
    [
      2.55,
      2.85,
      0.0
    ],
    [
      2.55,
      2.7,
      0.0
    ],
    [
      2.4,
      2.55,
      0.0
    ],
    [
      2.4,
      2.4,
      0.0
    ],
    [
      2.25,
      2.25,
      0.0
    ],
    [
      2.1,
      2.25,
      0.0
    ],
    [
      1.95,
      2.1,
      0.0
    ],
    [
      1.8,
      2.1,
      0.0
    ],
    [
      1.65,
      2.1,
      0.0
    ],
    [
      1.5,
      2.1,
      0.0
    ],
    [
      1.35,
      1.95,
      0.0
    ],
    [
      1.2,
      1.8,
      0.0
    ],
    [
      1.2,
      1.65,
      0.0
    ],
    [
      1.05,
      1.5,
      0.0
    ],
    [
      0.9,
      1.35,
      0.0
    ],
    [
      0.9,
      1.2,
      0.0
    ],
    [
      0.9,
      1.05,
      0.0
    ],
    [
      0.9,
      0.9,
      0.0
    ],
    [
      0.9,
      0.75,
      0.0
    ],
    [
      0.9,
      0.6,
      0.0
    ],
    [
      0.833713887669834,
      0.4821347798493766,
      0.0
    ]
  ]
}