{
  "algorithm": "d_star_lite",
  "scene_file": "/Users/ishita/Documents/GitHub/BEACON-semantics/data/complex/scenes/collision_required_030.json",
  "scene_family": "collision_required",
  "workspace": [
    0,
    6,
    0,
    6
  ],
  "planning_mode": "collision_free",
  "grid_step": 0.15,
  "robot_radius": 0.12,
  "start": [
    0.8115592700883419,
    0.8596223945646699,
    0.0
  ],
  "goal": [
    1.9267846160114175,
    4.718742837736106,
    0.0
  ],
  "success": true,
  "summary": {
    "success": true,
    "grid_start": [
      5,
      6
    ],
    "grid_goal": [
      13,
      31
    ],
    "num_waypoints": 27,
    "path_length": 4.5755
  },
  "path": [
    [
      0.8115592700883419,
      0.8596223945646699,
      0.0
    ],
    [
      0.9,
      1.05,
      0.0
    ],
    [
      1.05,
      1.2,
      0.0
    ],
    [
      1.2,
      1.35,
      0.0
    ],
    [
      1.35,
      1.5,
      0.0
    ],
    [
      1.5,
      1.65,
      0.0
    ],
    [
      1.65,
      1.8,
      0.0
    ],
    [
      1.65,
      1.95,
      0.0
    ],
    [
      1.65,
      2.1,
      0.0
    ],
    [
      1.65,
      2.25,
      0.0
    ],
    [
      1.65,
      2.4,
      0.0
    ],
    [
      1.65,
      2.55,
      0.0
    ],
    [
      1.65,
      2.7,
      0.0
    ],
    [
      1.65,
      2.85,
      0.0
    ],
    [
      1.65,
      3.0,
      0.0
    ],
    [
      1.65,
      3.15,
      0.0
    ],
    [
      1.65,
      3.3,
      0.0
    ],
    [
      1.65,
      3.45,
      0.0
    ],
    [
      1.65,
      3.6,
      0.0
    ],
    [
      1.5,
      3.75,
      0.0
    ],
    [
      1.35,
      3.9,
      0.0
    ],
    [
      1.35,
      4.05,
      0.0
    ],
    [
      1.35,
      4.2,
      0.0
    ],
    [
      1.5,
      4.35,
      0.0
    ],
    [
      1.65,
      4.5,
      0.0
    ],
    [
      1.8,
      4.65,
      0.0
    ],
    [
      1.9267846160114175,
      4.718742837736106,
      0.0
    ]
  ]
}