{
  "algorithm": "d_star_lite",
  "scene_file": "/Users/ishita/Documents/GitHub/BEACON-semantics/data/complex/scenes/collision_required_072.json",
  "scene_family": "collision_required",
  "workspace": [
    0,
    6,
    0,
    6
  ],
  "planning_mode": "collision_free",
  "grid_step": 0.15,
  "robot_radius": 0.12,
  "start": [
    2.6500213464247007,
    1.1447279445515954,
    0.0
  ],
  "goal": [
    5.305002061683523,
    4.535170991184582,
    0.0
  ],
  "success": true,
  "summary": {
    "success": true,
    "grid_start": [
      18,
      8
    ],
    "grid_goal": [
      35,
      30
    ],
    "num_waypoints": 23,
    "path_length": 4.4739
  },
  "path": [
    [
      2.6500213464247007,
      1.1447279445515954,
      0.0
    ],
    [
      2.85,
      1.35,
      0.0
    ],
    [
      3.0,
      1.5,
      0.0
    ],
    [
      3.15,
      1.65,
      0.0
    ],
    [
      3.3,
      1.8,
      0.0
    ],
    [
      3.45,
      1.95,
      0.0
    ],
    [
      3.6,
      2.1,
      0.0
    ],
    [
      3.6,
      2.25,
      0.0
    ],
    [
      3.6,
      2.4,
      0.0
    ],
    [
      3.6,
      2.55,
      0.0
    ],
    [
      3.75,
      2.7,
      0.0
    ],
    [
      3.9,
      2.85,
      0.0
    ],
    [
      4.05,
      3.0,
      0.0
    ],
    [
      4.2,
      3.15,
      0.0
    ],
    [
      4.35,
      3.3,
      0.0
    ],
    [
      4.5,
      3.45,
      0.0
    ],
    [
      4.65,
      3.6,
      0.0
    ],
    [
      4.8,
      3.75,
      0.0
    ],
    [
      4.95,
      3.9,
      0.0
    ],
    [
      5.1,
      4.05,
      0.0
    ],
    [
      5.25,
      4.2,
      0.0
    ],
    [
      5.25,
      4.35,
      0.0
    ],
    [
      5.305002061683523,
      4.535170991184582,
      0.0
    ]
  ]
}