{
  "algorithm": "d_star_lite",
  "scene_file": "/Users/ishita/Documents/GitHub/BEACON-semantics/data/complex/scenes/collision_required_077.json",
  "scene_family": "collision_required",
  "workspace": [
    0,
    6,
    0,
    6
  ],
  "planning_mode": "collision_free",
  "grid_step": 0.15,
  "robot_radius": 0.12,
  "start": [
    3.0523728497599407,
    4.692304989402164,
    0.0
  ],
  "goal": [
    1.9125222285539332,
    0.8548690621269266,
    0.0
  ],
  "success": true,
  "summary": {
    "success": true,
    "grid_start": [
      20,
      31
    ],
    "grid_goal": [
      13,
      6
    ],
    "num_waypoints": 26,
    "path_length": 4.3007
  },
  "path": [
    [
      3.0523728497599407,
      4.692304989402164,
      0.0
    ],
    [
      2.85,
      4.5,
      0.0
    ],
    [
      2.7,
      4.35,
      0.0
    ],
    [
      2.55,
      4.2,
      0.0
    ],
    [
      2.4,
      4.05,
      0.0
    ],
    [
      2.4,
      3.9,
      0.0
    ],
    [
      2.4,
      3.75,
      0.0
    ],
    [
      2.4,
      3.6,
      0.0
    ],
    [
      2.4,
      3.45,
      0.0
    ],
    [
      2.4,
      3.3,
      0.0
    ],
    [
      2.25,
      3.15,
      0.0
    ],
    [
      2.25,
      3.0,
      0.0
    ],
    [
      2.25,
      2.85,
      0.0
    ],
    [
      2.25,
      2.7,
      0.0
    ],
    [
      2.25,
      2.55,
      0.0
    ],
    [
      2.25,
      2.4,
      0.0
    ],
    [
      2.25,
      2.25,
      0.0
    ],
    [
      2.25,
      2.1,
      0.0
    ],
    [
      2.1,
      1.95,
      0.0
    ],
    [
      1.95,
      1.8,
      0.0
    ],
    [
      1.95,
      1.65,
      0.0
    ],
    [
      1.95,
      1.5,
      0.0
    ],
    [
      1.95,
      1.35,
      0.0
    ],
    [
      1.95,
      1.2,
      0.0
    ],
    [
      1.95,
      1.05,
      0.0
    ],
    [
      1.9125222285539332,
      0.8548690621269266,
      0.0
    ]
  ]
}