{
  "algorithm": "d_star_lite",
  "scene_file": "/Users/ishita/Documents/GitHub/BEACON-semantics/data/complex/scenes/collision_required_086.json",
  "scene_family": "collision_required",
  "workspace": [
    0,
    6,
    0,
    6
  ],
  "planning_mode": "collision_free",
  "grid_step": 0.15,
  "robot_radius": 0.12,
  "start": [
    0.6957885501369006,
    2.0291281997165496,
    0.0
  ],
  "goal": [
    5.305689405408374,
    2.157494993845466,
    0.0
  ],
  "success": true,
  "summary": {
    "success": true,
    "grid_start": [
      5,
      14
    ],
    "grid_goal": [
      35,
      14
    ],
    "num_waypoints": 31,
    "path_length": 4.8783
  },
  "path": [
    [
      0.6957885501369006,
      2.0291281997165496,
      0.0
    ],
    [
      0.9,
      2.1,
      0.0
    ],
    [
      1.05,
      2.1,
      0.0
    ],
    [
      1.2,
      2.1,
      0.0
    ],
    [
      1.35,
      2.1,
      0.0
    ],
    [
      1.5,
      2.1,
      0.0
    ],
    [
      1.65,
      2.1,
      0.0
    ],
    [
      1.8,
      2.1,
      0.0
    ],
    [
      1.95,
      2.1,
      0.0
    ],
    [
      2.1,
      2.1,
      0.0
    ],
    [
      2.25,
      2.1,
      0.0
    ],
    [
      2.4,
      2.1,
      0.0
    ],
    [
      2.55,
      2.1,
      0.0
    ],
    [
      2.7,
      1.95,
      0.0
    ],
    [
      2.85,
      1.95,
      0.0
    ],
    [
      3.0,
      1.8,
      0.0
    ],
    [
      3.15,
      1.8,
      0.0
    ],
    [
      3.3,
      1.8,
      0.0
    ],
    [
      3.45,
      1.8,
      0.0
    ],
    [
      3.6,
      1.8,
      0.0
    ],
    [
      3.75,
      1.8,
      0.0
    ],
    [
      3.9,
      1.8,
      0.0
    ],
    [
      4.05,
      1.8,
      0.0
    ],
    [
      4.2,
      1.95,
      0.0
    ],
    [
      4.35,
      2.1,
      0.0
    ],
    [
      4.5,
      2.1,
      0.0
    ],
    [
      4.65,
      2.1,
      0.0
    ],
    [
      4.8,
      2.1,
      0.0
    ],
    [
      4.95,
      2.1,
      0.0
    ],
    [
      5.1,
      2.1,
      0.0
    ],
    [
      5.305689405408374,
      2.157494993845466,
      0.0
    ]
  ]
}