{
  "algorithm": "d_star_lite",
  "scene_file": "/Users/ishita/Documents/GitHub/BEACON-semantics/data/complex/scenes/collision_required_079.json",
  "scene_family": "collision_required",
  "workspace": [
    0,
    6,
    0,
    6
  ],
  "planning_mode": "collision_free",
  "grid_step": 0.15,
  "robot_radius": 0.12,
  "start": [
    1.9349577954779575,
    2.7193015724007163,
    0.0
  ],
  "goal": [
    5.270630691673422,
    5.548134322022302,
    0.0
  ],
  "success": true,
  "summary": {
    "success": true,
    "grid_start": [
      13,
      18
    ],
    "grid_goal": [
      35,
      37
    ],
    "num_waypoints": 24,
    "path_length": 4.5663
  },
  "path": [
    [
      1.9349577954779575,
      2.7193015724007163,
      0.0
    ],
    [
      2.1,
      2.85,
      0.0
    ],
    [
      2.25,
      3.0,
      0.0
    ],
    [
      2.4,
      3.15,
      0.0
    ],
    [
      2.55,
      3.3,
      0.0
    ],
    [
      2.7,
      3.45,
      0.0
    ],
    [
      2.85,
      3.6,
      0.0
    ],
    [
      3.0,
      3.75,
      0.0
    ],
    [
      3.15,
      3.75,
      0.0
    ],
    [
      3.3,
      3.75,
      0.0
    ],
    [
      3.45,
      3.75,
      0.0
    ],
    [
      3.6,
      3.75,
      0.0
    ],
    [
      3.75,
      3.9,
      0.0
    ],
    [
      3.9,
      4.05,
      0.0
    ],
    [
      4.05,
      4.2,
      0.0
    ],
    [
      4.2,
      4.35,
      0.0
    ],
    [
      4.35,
      4.5,
      0.0
    ],
    [
      4.5,
      4.65,
      0.0
    ],
    [
      4.65,
      4.8,
      0.0
    ],
    [
      4.8,
      4.95,
      0.0
    ],
    [
      4.95,
      5.1,
      0.0
    ],
    [
      5.1,
      5.25,
      0.0
    ],
    [
      5.25,
      5.4,
      0.0
    ],
    [
      5.270630691673422,
      5.548134322022302,
      0.0
    ]
  ]
}