{
  "algorithm": "d_star_lite",
  "scene_file": "/Users/ishita/Documents/GitHub/BEACON-semantics/data/complex/scenes/collision_required_036.json",
  "scene_family": "collision_required",
  "workspace": [
    0,
    6,
    0,
    6
  ],
  "planning_mode": "collision_free",
  "grid_step": 0.15,
  "robot_radius": 0.12,
  "start": [
    4.282301759310716,
    0.772386606014793,
    0.0
  ],
  "goal": [
    3.0711307932744645,
    5.487811221811372,
    0.0
  ],
  "success": true,
  "summary": {
    "success": true,
    "grid_start": [
      29,
      5
    ],
    "grid_goal": [
      20,
      37
    ],
    "num_waypoints": 33,
    "path_length": 5.2619
  },
  "path": [
    [
      4.282301759310716,
      0.772386606014793,
      0.0
    ],
    [
      4.2,
      0.9,
      0.0
    ],
    [
      4.2,
      1.05,
      0.0
    ],
    [
      4.2,
      1.2,
      0.0
    ],
    [
      4.05,
      1.35,
      0.0
    ],
    [
      3.9,
      1.5,
      0.0
    ],
    [
      3.9,
      1.65,
      0.0
    ],
    [
      3.9,
      1.8,
      0.0
    ],
    [
      3.9,
      1.95,
      0.0
    ],
    [
      3.9,
      2.1,
      0.0
    ],
    [
      3.9,
      2.25,
      0.0
    ],
    [
      3.9,
      2.4,
      0.0
    ],
    [
      3.9,
      2.55,
      0.0
    ],
    [
      3.9,
      2.7,
      0.0
    ],
    [
      3.9,
      2.85,
      0.0
    ],
    [
      3.9,
      3.0,
      0.0
    ],
    [
      3.9,
      3.15,
      0.0
    ],
    [
      3.9,
      3.3,
      0.0
    ],
    [
      3.75,
      3.45,
      0.0
    ],
    [
      3.6,
      3.6,
      0.0
    ],
    [
      3.45,
      3.75,
      0.0
    ],
    [
      3.45,
      3.9,
      0.0
    ],
    [
      3.45,
      4.05,
      0.0
    ],
    [
      3.45,
      4.2,
      0.0
    ],
    [
      3.45,
      4.35,
      0.0
    ],
    [
      3.45,
      4.5,
      0.0
    ],
    [
      3.45,
      4.65,
      0.0
    ],
    [
      3.3,
      4.8,
      0.0
    ],
    [
      3.15,
      4.95,
      0.0
    ],
    [
      3.0,
      5.1,
      0.0
    ],
    [
      3.0,
      5.25,
      0.0
    ],
    [
      3.0,
      5.4,
      0.0
    ],
    [
      3.0711307932744645,
      5.487811221811372,
      0.0
    ]
  ]
}