{
  "algorithm": "d_star_lite",
  "scene_file": "/Users/ishita/Documents/GitHub/BEACON-semantics/data/complex/scenes/collision_required_068.json",
  "scene_family": "collision_required",
  "workspace": [
    0,
    6,
    0,
    6
  ],
  "planning_mode": "collision_free",
  "grid_step": 0.15,
  "robot_radius": 0.12,
  "start": [
    4.92235154319275,
    5.308285888136507,
    0.0
  ],
  "goal": [
    0.7502763645793896,
    4.11866376388003,
    0.0
  ],
  "success": true,
  "summary": {
    "success": true,
    "grid_start": [
      33,
      35
    ],
    "grid_goal": [
      5,
      27
    ],
    "num_waypoints": 29,
    "path_length": 4.7412
  },
  "path": [
    [
      4.92235154319275,
      5.308285888136507,
      0.0
    ],
    [
      4.8,
      5.1,
      0.0
    ],
    [
      4.65,
      4.95,
      0.0
    ],
    [
      4.5,
      4.95,
      0.0
    ],
    [
      4.35,
      4.95,
      0.0
    ],
    [
      4.2,
      4.95,
      0.0
    ],
    [
      4.05,
      4.95,
      0.0
    ],
    [
      3.9,
      4.95,
      0.0
    ],
    [
      3.75,
      4.95,
      0.0
    ],
    [
      3.6,
      4.95,
      0.0
    ],
    [
      3.45,
      4.95,
      0.0
    ],
    [
      3.3,
      4.95,
      0.0
    ],
    [
      3.15,
      4.95,
      0.0
    ],
    [
      3.0,
      4.95,
      0.0
    ],
    [
      2.85,
      4.95,
      0.0
    ],
    [
      2.7,
      4.95,
      0.0
    ],
    [
      2.55,
      4.8,
      0.0
    ],
    [
      2.4,
      4.65,
      0.0
    ],
    [
      2.25,
      4.5,
      0.0
    ],
    [
      2.1,
      4.5,
      0.0
    ],
    [
      1.95,
      4.5,
      0.0
    ],
    [
      1.8,
      4.5,
      0.0
    ],
    [
      1.65,
      4.5,
      0.0
    ],
    [
      1.5,
      4.35,
      0.0
    ],
    [
      1.35,
      4.2,
      0.0
    ],
    [
      1.2,
      4.05,
      0.0
    ],
    [
      1.05,
      4.05,
      0.0
    ],
    [
      0.9,
      4.05,
      0.0
    ],
    [
      0.7502763645793896,
      4.11866376388003,
      0.0
    ]
  ]
}