{
  "algorithm": "d_star_lite",
  "scene_file": "/Users/ishita/Documents/GitHub/BEACON-semantics/data/complex/scenes/collision_required_083.json",
  "scene_family": "collision_required",
  "workspace": [
    0,
    6,
    0,
    6
  ],
  "planning_mode": "collision_free",
  "grid_step": 0.15,
  "robot_radius": 0.12,
  "start": [
    1.8024186552566497,
    5.271240258197097,
    0.0
  ],
  "goal": [
    3.7124344158327074,
    1.465553380506365,
    0.0
  ],
  "success": true,
  "summary": {
    "success": true,
    "grid_start": [
      12,
      35
    ],
    "grid_goal": [
      25,
      10
    ],
    "num_waypoints": 26,
    "path_length": 4.6099
  },
  "path": [
    [
      1.8024186552566497,
      5.271240258197097,
      0.0
    ],
    [
      1.95,
      5.1,
      0.0
    ],
    [
      2.1,
      4.95,
      0.0
    ],
    [
      2.25,
      4.8,
      0.0
    ],
    [
      2.4,
      4.65,
      0.0
    ],
    [
      2.55,
      4.5,
      0.0
    ],
    [
      2.7,
      4.35,
      0.0
    ],
    [
      2.7,
      4.2,
      0.0
    ],
    [
      2.7,
      4.05,
      0.0
    ],
    [
      2.7,
      3.9,
      0.0
    ],
    [
      2.7,
      3.75,
      0.0
    ],
    [
      2.85,
      3.6,
      0.0
    ],
    [
      3.0,
      3.45,
      0.0
    ],
    [
      3.15,
      3.3,
      0.0
    ],
    [
      3.3,
      3.15,
      0.0
    ],
    [
      3.3,
      3.0,
      0.0
    ],
    [
      3.3,
      2.85,
      0.0
    ],
    [
      3.3,
      2.7,
      0.0
    ],
    [
      3.3,
      2.55,
      0.0
    ],
    [
      3.3,
      2.4,
      0.0
    ],
    [
      3.45,
      2.25,
      0.0
    ],
    [
      3.6,
      2.1,
      0.0
    ],
    [
      3.75,
      1.95,
      0.0
    ],
    [
      3.75,
      1.8,
      0.0
    ],
    [
      3.75,
      1.65,
      0.0
    ],
    [
      3.7124344158327074,
      1.465553380506365,
      0.0
    ]
  ]
}