{
  "algorithm": "d_star_lite",
  "scene_file": "/Users/ishita/Documents/GitHub/BEACON-semantics/data/complex/scenes/collision_required_078.json",
  "scene_family": "collision_required",
  "workspace": [
    0,
    6,
    0,
    6
  ],
  "planning_mode": "collision_free",
  "grid_step": 0.15,
  "robot_radius": 0.12,
  "start": [
    4.040069947734913,
    0.8288454653089814,
    0.0
  ],
  "goal": [
    1.1315148308592642,
    4.7951407077780575,
    0.0
  ],
  "success": true,
  "summary": {
    "success": true,
    "grid_start": [
      27,
      6
    ],
    "grid_goal": [
      8,
      32
    ],
    "num_waypoints": 36,
    "path_length": 5.9315
  },
  "path": [
    [
      4.040069947734913,
      0.8288454653089814,
      0.0
    ],
    [
      3.9,
      1.05,
      0.0
    ],
    [
      3.75,
      1.2,
      0.0
    ],
    [
      3.6,
      1.35,
      0.0
    ],
    [
      3.45,
      1.5,
      0.0
    ],
    [
      3.3,
      1.65,
      0.0
    ],
    [
      3.15,
      1.8,
      0.0
    ],
    [
      3.0,
      1.8,
      0.0
    ],
    [
      2.85,
      1.8,
      0.0
    ],
    [
      2.7,
      1.8,
      0.0
    ],
    [
      2.55,
      1.8,
      0.0
    ],
    [
      2.4,
      1.8,
      0.0
    ],
    [
      2.25,
      1.8,
      0.0
    ],
    [
      2.1,
      1.8,
      0.0
    ],
    [
      1.95,
      1.8,
      0.0
    ],
    [
      1.8,
      1.8,
      0.0
    ],
    [
      1.65,
      1.95,
      0.0
    ],
    [
      1.5,
      2.1,
      0.0
    ],
    [
      1.35,
      2.25,
      0.0
    ],
    [
      1.2,
      2.4,
      0.0
    ],
    [
      1.2,
      2.55,
      0.0
    ],
    [
      1.2,
      2.7,
      0.0
    ],
    [
      1.2,
      2.85,
      0.0
    ],
    [
      1.2,
      3.0,
      0.0
    ],
    [
      1.2,
      3.15,
      0.0
    ],
    [
      1.2,
      3.3,
      0.0
    ],
    [
      1.2,
      3.45,
      0.0
    ],
    [
      1.2,
      3.6,
      0.0
    ],
    [
      1.2,
      3.75,
      0.0
    ],
    [
      1.2,
      3.9,
      0.0
    ],
    [
      1.2,
      4.05,
      0.0
    ],
    [
      1.2,
      4.2,
      0.0
    ],
    [
      1.2,
      4.35,
      0.0
    ],
    [
      1.2,
      4.5,
      0.0
    ],
    [
      1.2,
      4.65,
      0.0
    ],
    [
      1.1315148308592642,
      4.7951407077780575,
      0.0
    ]
  ]
}