{
  "algorithm": "d_star_lite",
  "scene_file": "/Users/ishita/Documents/GitHub/BEACON-semantics/data/complex/scenes/collision_required_024.json",
  "scene_family": "collision_required",
  "workspace": [
    0,
    6,
    0,
    6
  ],
  "planning_mode": "collision_free",
  "grid_step": 0.15,
  "robot_radius": 0.12,
  "start": [
    4.876715439012384,
    5.333194873739779,
    0.0
  ],
  "goal": [
    4.611610463652197,
    1.0525214711728146,
    0.0
  ],
  "success": true,
  "summary": {
    "success": true,
    "grid_start": [
      33,
      36
    ],
    "grid_goal": [
      31,
      7
    ],
    "num_waypoints": 40,
    "path_length": 6.831
  },
  "path": [
    [
      4.876715439012384,
      5.333194873739779,
      0.0
    ],
    [
      4.8,
      5.25,
      0.0
    ],
    [
      4.8,
      5.1,
      0.0
    ],
    [
      4.65,
      4.95,
      0.0
    ],
    [
      4.5,
      4.8,
      0.0
    ],
    [
      4.35,
      4.65,
      0.0
    ],
    [
      4.2,
      4.5,
      0.0
    ],
    [
      4.05,
      4.35,
      0.0
    ],
    [
      3.9,
      4.2,
      0.0
    ],
    [
      3.75,
      4.05,
      0.0
    ],
    [
      3.6,
      3.9,
      0.0
    ],
    [
      3.6,
      3.75,
      0.0
    ],
    [
      3.6,
      3.6,
      0.0
    ],
    [
      3.6,
      3.45,
      0.0
    ],
    [
      3.45,
      3.3,
      0.0
    ],
    [
      3.45,
      3.15,
      0.0
    ],
    [
      3.45,
      3.0,
      0.0
    ],
    [
      3.45,
      2.85,
      0.0
    ],
    [
      3.3,
      2.7,
      0.0
    ],
    [
      3.3,
      2.55,
      0.0
    ],
    [
      3.3,
      2.4,
      0.0
    ],
    [
      3.3,
      2.25,
      0.0
    ],
    [
      3.15,
      2.1,
      0.0
    ],
    [
      3.0,
      1.95,
      0.0
    ],
    [
      2.85,
      1.8,
      0.0
    ],
    [
      2.85,
      1.65,
      0.0
    ],
    [
      2.7,
      1.5,
      0.0
    ],
    [
      2.85,
      1.35,
      0.0
    ],
    [
      3.0,
      1.2,
      0.0
    ],
    [
      3.15,
      1.05,
      0.0
    ],
    [
      3.3,
      1.05,
      0.0
    ],
    [
      3.45,
      1.05,
      0.0
    ],
    [
      3.6,
      1.05,
      0.0
    ],
    [
      3.75,
      1.05,
      0.0
    ],
    [
      3.9,
      1.05,
      0.0
    ],
    [
      4.05,
      1.05,
      0.0
    ],
    [
      4.2,
      1.05,
      0.0
    ],
    [
      4.35,
      1.05,
      0.0
    ],
    [
      4.5,
      1.05,
      0.0
    ],
    [
      4.611610463652197,
      1.0525214711728146,
      0.0
    ]
  ]
}