{
  "algorithm": "d_star_lite",
  "scene_file": "/Users/ishita/Documents/GitHub/BEACON-semantics/data/complex/scenes/collision_required_094.json",
  "scene_family": "collision_required",
  "workspace": [
    0,
    6,
    0,
    6
  ],
  "planning_mode": "collision_free",
  "grid_step": 0.15,
  "robot_radius": 0.12,
  "start": [
    4.844650382870634,
    3.965958489244328,
    0.0
  ],
  "goal": [
    1.2249091243956371,
    0.4775933994262296,
    0.0
  ],
  "success": true,
  "summary": {
    "success": true,
    "grid_start": [
      32,
      26
    ],
    "grid_goal": [
      8,
      3
    ],
    "num_waypoints": 36,
    "path_length": 6.4018
  },
  "path": [
    [
      4.844650382870634,
      3.965958489244328,
      0.0
    ],
    [
      4.8,
      3.75,
      0.0
    ],
    [
      4.8,
      3.6,
      0.0
    ],
    [
      4.8,
      3.45,
      0.0
    ],
    [
      4.95,
      3.3,
      0.0
    ],
    [
      5.1,
      3.15,
      0.0
    ],
    [
      5.25,
      3.0,
      0.0
    ],
    [
      5.25,
      2.85,
      0.0
    ],
    [
      5.1,
      2.7,
      0.0
    ],
    [
      5.1,
      2.55,
      0.0
    ],
    [
      4.95,
      2.4,
      0.0
    ],
    [
      4.8,
      2.25,
      0.0
    ],
    [
      4.65,
      2.1,
      0.0
    ],
    [
      4.5,
      1.95,
      0.0
    ],
    [
      4.35,
      1.8,
      0.0
    ],
    [
      4.2,
      1.8,
      0.0
    ],
    [
      4.05,
      1.8,
      0.0
    ],
    [
      3.9,
      1.65,
      0.0
    ],
    [
      3.75,
      1.65,
      0.0
    ],
    [
      3.6,
      1.5,
      0.0
    ],
    [
      3.45,
      1.35,
      0.0
    ],
    [
      3.3,
      1.35,
      0.0
    ],
    [
      3.15,
      1.35,
      0.0
    ],
    [
      3.0,
      1.35,
      0.0
    ],
    [
      2.85,
      1.35,
      0.0
    ],
    [
      2.7,
      1.35,
      0.0
    ],
    [
      2.55,
      1.35,
      0.0
    ],
    [
      2.4,
      1.35,
      0.0
    ],
    [
      2.25,
      1.35,
      0.0
    ],
    [
      2.1,
      1.35,
      0.0
    ],
    [
      1.95,
      1.2,
      0.0
    ],
    [
      1.8,
      1.05,
      0.0
    ],
    [
      1.65,
      0.9,
      0.0
    ],
    [
      1.5,
      0.75,
      0.0
    ],
    [
      1.35,
      0.6,
      0.0
    ],
    [
      1.2249091243956371,
      0.4775933994262296,
      0.0
    ]
  ]
}