{
  "algorithm": "d_star_lite",
  "scene_file": "/Users/ishita/Documents/GitHub/BEACON-semantics/data/complex/scenes/collision_required_017.json",
  "scene_family": "collision_required",
  "workspace": [
    0,
    6,
    0,
    6
  ],
  "planning_mode": "collision_free",
  "grid_step": 0.15,
  "robot_radius": 0.12,
  "start": [
    4.201021542229209,
    0.7616151183957633,
    0.0
  ],
  "goal": [
    3.673505569440171,
    5.489912799393521,
    0.0
  ],
  "success": true,
  "summary": {
    "success": true,
    "grid_start": [
      28,
      5
    ],
    "grid_goal": [
      24,
      37
    ],
    "num_waypoints": 33,
    "path_length": 5.0031
  },
  "path": [
    [
      4.201021542229209,
      0.7616151183957633,
      0.0
    ],
    [
      4.2,
      0.9,
      0.0
    ],
    [
      4.2,
      1.05,
      0.0
    ],
    [
      4.2,
      1.2,
      0.0
    ],
    [
      4.2,
      1.35,
      0.0
    ],
    [
      4.2,
      1.5,
      0.0
    ],
    [
      4.2,
      1.65,
      0.0
    ],
    [
      4.2,
      1.8,
      0.0
    ],
    [
      4.2,
      1.95,
      0.0
    ],
    [
      4.2,
      2.1,
      0.0
    ],
    [
      4.2,
      2.25,
      0.0
    ],
    [
      4.2,
      2.4,
      0.0
    ],
    [
      4.2,
      2.55,
      0.0
    ],
    [
      4.2,
      2.7,
      0.0
    ],
    [
      4.2,
      2.85,
      0.0
    ],
    [
      4.2,
      3.0,
      0.0
    ],
    [
      4.2,
      3.15,
      0.0
    ],
    [
      4.2,
      3.3,
      0.0
    ],
    [
      4.05,
      3.45,
      0.0
    ],
    [
      4.05,
      3.6,
      0.0
    ],
    [
      4.05,
      3.75,
      0.0
    ],
    [
      4.05,
      3.9,
      0.0
    ],
    [
      4.05,
      4.05,
      0.0
    ],
    [
      4.05,
      4.2,
      0.0
    ],
    [
      4.05,
      4.35,
      0.0
    ],
    [
      4.05,
      4.5,
      0.0
    ],
    [
      4.05,
      4.65,
      0.0
    ],
    [
      3.9,
      4.8,
      0.0
    ],
    [
      3.75,
      4.95,
      0.0
    ],
    [
      3.6,
      5.1,
      0.0
    ],
    [
      3.6,
      5.25,
      0.0
    ],
    [
      3.6,
      5.4,
      0.0
    ],
    [
      3.673505569440171,
      5.489912799393521,
      0.0
    ]
  ]
}