{
  "algorithm": "d_star_lite",
  "scene_file": "/Users/ishita/Documents/GitHub/BEACON-semantics/data/complex/scenes/collision_required_055.json",
  "scene_family": "collision_required",
  "workspace": [
    0,
    6,
    0,
    6
  ],
  "planning_mode": "collision_free",
  "grid_step": 0.15,
  "robot_radius": 0.12,
  "start": [
    0.6172086564155803,
    2.761786502241055,
    0.0
  ],
  "goal": [
    5.271172787856924,
    0.6875156451570085,
    0.0
  ],
  "success": true,
  "summary": {
    "success": true,
    "grid_start": [
      4,
      18
    ],
    "grid_goal": [
      35,
      5
    ],
    "num_waypoints": 32,
    "path_length": 5.652
  },
  "path": [
    [
      0.6172086564155803,
      2.761786502241055,
      0.0
    ],
    [
      0.75,
      2.55,
      0.0
    ],
    [
      0.9,
      2.55,
      0.0
    ],
    [
      1.05,
      2.55,
      0.0
    ],
    [
      1.2,
      2.55,
      0.0
    ],
    [
      1.35,
      2.4,
      0.0
    ],
    [
      1.5,
      2.25,
      0.0
    ],
    [
      1.65,
      2.1,
      0.0
    ],
    [
      1.8,
      1.95,
      0.0
    ],
    [
      1.95,
      1.8,
      0.0
    ],
    [
      2.1,
      1.65,
      0.0
    ],
    [
      2.25,
      1.5,
      0.0
    ],
    [
      2.4,
      1.35,
      0.0
    ],
    [
      2.55,
      1.35,
      0.0
    ],
    [
      2.7,
      1.35,
      0.0
    ],
    [
      2.85,
      1.35,
      0.0
    ],
    [
      3.0,
      1.35,
      0.0
    ],
    [
      3.15,
      1.35,
      0.0
    ],
    [
      3.3,
      1.35,
      0.0
    ],
    [
      3.45,
      1.35,
      0.0
    ],
    [
      3.6,
      1.35,
      0.0
    ],
    [
      3.75,
      1.35,
      0.0
    ],
    [
      3.9,
      1.35,
      0.0
    ],
    [
      4.05,
      1.5,
      0.0
    ],
    [
      4.2,
      1.5,
      0.0
    ],
    [
      4.35,
      1.35,
      0.0
    ],
    [
      4.5,
      1.2,
      0.0
    ],
    [
      4.65,
      1.05,
      0.0
    ],
    [
      4.8,
      0.9,
      0.0
    ],
    [
      4.95,
      0.75,
      0.0
    ],
    [
      5.1,
      0.75,
      0.0
    ],
    [
      5.271172787856924,
      0.6875156451570085,
      0.0
    ]
  ]
}