{
  "algorithm": "d_star_lite",
  "scene_file": "/Users/ishita/Documents/GitHub/BEACON-semantics/data/complex/scenes/collision_required_031.json",
  "scene_family": "collision_required",
  "workspace": [
    0,
    6,
    0,
    6
  ],
  "planning_mode": "collision_free",
  "grid_step": 0.15,
  "robot_radius": 0.12,
  "start": [
    4.801066265356408,
    0.5248449851474659,
    0.0
  ],
  "goal": [
    1.0636051194047025,
    5.251017007594864,
    0.0
  ],
  "success": true,
  "summary": {
    "success": true,
    "grid_start": [
      32,
      3
    ],
    "grid_goal": [
      7,
      35
    ],
    "num_waypoints": 33,
    "path_length": 6.3115
  },
  "path": [
    [
      4.801066265356408,
      0.5248449851474659,
      0.0
    ],
    [
      4.65,
      0.6,
      0.0
    ],
    [
      4.5,
      0.75,
      0.0
    ],
    [
      4.35,
      0.9,
      0.0
    ],
    [
      4.2,
      1.05,
      0.0
    ],
    [
      4.05,
      1.2,
      0.0
    ],
    [
      3.9,
      1.35,
      0.0
    ],
    [
      3.75,
      1.5,
      0.0
    ],
    [
      3.6,
      1.65,
      0.0
    ],
    [
      3.45,
      1.8,
      0.0
    ],
    [
      3.3,
      1.95,
      0.0
    ],
    [
      3.3,
      2.1,
      0.0
    ],
    [
      3.3,
      2.25,
      0.0
    ],
    [
      3.3,
      2.4,
      0.0
    ],
    [
      3.3,
      2.55,
      0.0
    ],
    [
      3.3,
      2.7,
      0.0
    ],
    [
      3.3,
      2.85,
      0.0
    ],
    [
      3.15,
      3.0,
      0.0
    ],
    [
      3.0,
      3.15,
      0.0
    ],
    [
      2.85,
      3.3,
      0.0
    ],
    [
      2.7,
      3.45,
      0.0
    ],
    [
      2.55,
      3.6,
      0.0
    ],
    [
      2.4,
      3.75,
      0.0
    ],
    [
      2.25,
      3.9,
      0.0
    ],
    [
      2.1,
      4.05,
      0.0
    ],
    [
      1.95,
      4.2,
      0.0
    ],
    [
      1.8,
      4.35,
      0.0
    ],
    [
      1.65,
      4.5,
      0.0
    ],
    [
      1.5,
      4.65,
      0.0
    ],
    [
      1.35,
      4.8,
      0.0
    ],
    [
      1.2,
      4.95,
      0.0
    ],
    [
      1.05,
      5.1,
      0.0
    ],
    [
      1.0636051194047025,
      5.251017007594864,
      0.0
    ]
  ]
}