{
  "algorithm": "d_star_lite",
  "scene_file": "/Users/ishita/Documents/GitHub/BEACON-semantics/data/complex/scenes/collision_required_099.json",
  "scene_family": "collision_required",
  "workspace": [
    0,
    6,
    0,
    6
  ],
  "planning_mode": "collision_free",
  "grid_step": 0.15,
  "robot_radius": 0.12,
  "start": [
    4.493861380621293,
    1.8880251332159574,
    0.0
  ],
  "goal": [
    1.3887443441147473,
    4.995399354350881,
    0.0
  ],
  "success": true,
  "summary": {
    "success": true,
    "grid_start": [
      30,
      13
    ],
    "grid_goal": [
      9,
      33
    ],
    "num_waypoints": 26,
    "path_length": 4.7583
  },
  "path": [
    [
      4.493861380621293,
      1.8880251332159574,
      0.0
    ],
    [
      4.35,
      2.1,
      0.0
    ],
    [
      4.2,
      2.25,
      0.0
    ],
    [
      4.05,
      2.4,
      0.0
    ],
    [
      3.9,
      2.55,
      0.0
    ],
    [
      3.75,
      2.7,
      0.0
    ],
    [
      3.6,
      2.85,
      0.0
    ],
    [
      3.45,
      3.0,
      0.0
    ],
    [
      3.3,
      3.15,
      0.0
    ],
    [
      3.3,
      3.3,
      0.0
    ],
    [
      3.15,
      3.45,
      0.0
    ],
    [
      3.0,
      3.6,
      0.0
    ],
    [
      2.85,
      3.75,
      0.0
    ],
    [
      2.85,
      3.9,
      0.0
    ],
    [
      2.85,
      4.05,
      0.0
    ],
    [
      2.85,
      4.2,
      0.0
    ],
    [
      2.7,
      4.35,
      0.0
    ],
    [
      2.55,
      4.5,
      0.0
    ],
    [
      2.4,
      4.65,
      0.0
    ],
    [
      2.25,
      4.8,
      0.0
    ],
    [
      2.1,
      4.95,
      0.0
    ],
    [
      1.95,
      4.95,
      0.0
    ],
    [
      1.8,
      4.95,
      0.0
    ],
    [
      1.65,
      4.95,
      0.0
    ],
    [
      1.5,
      4.95,
      0.0
    ],
    [
      1.3887443441147473,
      4.995399354350881,
      0.0
    ]
  ]
}