{
  "algorithm": "d_star_lite",
  "scene_file": "/Users/ishita/Documents/GitHub/BEACON-semantics/data/complex/scenes/collision_required_008.json",
  "scene_family": "collision_required",
  "workspace": [
    0,
    6,
    0,
    6
  ],
  "planning_mode": "collision_free",
  "grid_step": 0.15,
  "robot_radius": 0.12,
  "start": [
    5.391239230940533,
    5.531623388710214,
    0.0
  ],
  "goal": [
    3.0542849236574647,
    1.923437358330908,
    0.0
  ],
  "success": true,
  "summary": {
    "success": true,
    "grid_start": [
      36,
      37
    ],
    "grid_goal": [
      20,
      13
    ],
    "num_waypoints": 25,
    "path_length": 4.6098
  },
  "path": [
    [
      5.391239230940533,
      5.531623388710214,
      0.0
    ],
    [
      5.25,
      5.4,
      0.0
    ],
    [
      5.1,
      5.25,
      0.0
    ],
    [
      4.95,
      5.1,
      0.0
    ],
    [
      4.8,
      4.95,
      0.0
    ],
    [
      4.65,
      4.8,
      0.0
    ],
    [
      4.5,
      4.65,
      0.0
    ],
    [
      4.5,
      4.5,
      0.0
    ],
    [
      4.5,
      4.35,
      0.0
    ],
    [
      4.5,
      4.2,
      0.0
    ],
    [
      4.5,
      4.05,
      0.0
    ],
    [
      4.35,
      3.9,
      0.0
    ],
    [
      4.35,
      3.75,
      0.0
    ],
    [
      4.35,
      3.6,
      0.0
    ],
    [
      4.35,
      3.45,
      0.0
    ],
    [
      4.2,
      3.3,
      0.0
    ],
    [
      4.05,
      3.15,
      0.0
    ],
    [
      3.9,
      3.0,
      0.0
    ],
    [
      3.75,
      2.85,
      0.0
    ],
    [
      3.6,
      2.7,
      0.0
    ],
    [
      3.45,
      2.55,
      0.0
    ],
    [
      3.3,
      2.4,
      0.0
    ],
    [
      3.15,
      2.25,
      0.0
    ],
    [
      3.0,
      2.1,
      0.0
    ],
    [
      3.0542849236574647,
      1.923437358330908,
      0.0
    ]
  ]
}