{
  "algorithm": "d_star_lite",
  "scene_file": "/Users/ishita/Documents/GitHub/BEACON-semantics/data/complex/scenes/collision_required_097.json",
  "scene_family": "collision_required",
  "workspace": [
    0,
    6,
    0,
    6
  ],
  "planning_mode": "collision_free",
  "grid_step": 0.15,
  "robot_radius": 0.12,
  "start": [
    5.016371430958645,
    5.108341332462709,
    0.0
  ],
  "goal": [
    3.766062588490093,
    1.0853026740583804,
    0.0
  ],
  "success": true,
  "summary": {
    "success": true,
    "grid_start": [
      33,
      34
    ],
    "grid_goal": [
      25,
      7
    ],
    "num_waypoints": 28,
    "path_length": 4.5689
  },
  "path": [
    [
      5.016371430958645,
      5.108341332462709,
      0.0
    ],
    [
      4.8,
      4.95,
      0.0
    ],
    [
      4.65,
      4.8,
      0.0
    ],
    [
      4.65,
      4.65,
      0.0
    ],
    [
      4.65,
      4.5,
      0.0
    ],
    [
      4.65,
      4.35,
      0.0
    ],
    [
      4.65,
      4.2,
      0.0
    ],
    [
      4.65,
      4.05,
      0.0
    ],
    [
      4.65,
      3.9,
      0.0
    ],
    [
      4.65,
      3.75,
      0.0
    ],
    [
      4.65,
      3.6,
      0.0
    ],
    [
      4.65,
      3.45,
      0.0
    ],
    [
      4.65,
      3.3,
      0.0
    ],
    [
      4.65,
      3.15,
      0.0
    ],
    [
      4.5,
      3.0,
      0.0
    ],
    [
      4.35,
      2.85,
      0.0
    ],
    [
      4.2,
      2.7,
      0.0
    ],
    [
      4.2,
      2.55,
      0.0
    ],
    [
      4.2,
      2.4,
      0.0
    ],
    [
      4.2,
      2.25,
      0.0
    ],
    [
      4.2,
      2.1,
      0.0
    ],
    [
      4.2,
      1.95,
      0.0
    ],
    [
      4.05,
      1.8,
      0.0
    ],
    [
      3.9,
      1.65,
      0.0
    ],
    [
      3.75,
      1.5,
      0.0
    ],
    [
      3.75,
      1.35,
      0.0
    ],
    [
      3.75,
      1.2,
      0.0
    ],
    [
      3.766062588490093,
      1.0853026740583804,
      0.0
    ]
  ]
}