{
  "algorithm": "d_star_lite",
  "scene_file": "/Users/ishita/Documents/GitHub/BEACON-semantics/data/complex/scenes/collision_required_022.json",
  "scene_family": "collision_required",
  "workspace": [
    0,
    6,
    0,
    6
  ],
  "planning_mode": "collision_free",
  "grid_step": 0.15,
  "robot_radius": 0.12,
  "start": [
    1.4259324416735737,
    5.434215632264346,
    0.0
  ],
  "goal": [
    3.6138672721131515,
    1.4138066082045595,
    0.0
  ],
  "success": true,
  "summary": {
    "success": true,
    "grid_start": [
      10,
      36
    ],
    "grid_goal": [
      24,
      9
    ],
    "num_waypoints": 33,
    "path_length": 5.4987
  },
  "path": [
    [
      1.4259324416735737,
      5.434215632264346,
      0.0
    ],
    [
      1.65,
      5.25,
      0.0
    ],
    [
      1.8,
      5.25,
      0.0
    ],
    [
      1.95,
      5.1,
      0.0
    ],
    [
      2.1,
      4.95,
      0.0
    ],
    [
      2.25,
      4.8,
      0.0
    ],
    [
      2.4,
      4.65,
      0.0
    ],
    [
      2.55,
      4.5,
      0.0
    ],
    [
      2.7,
      4.35,
      0.0
    ],
    [
      2.85,
      4.35,
      0.0
    ],
    [
      3.0,
      4.35,
      0.0
    ],
    [
      3.15,
      4.35,
      0.0
    ],
    [
      3.3,
      4.35,
      0.0
    ],
    [
      3.45,
      4.2,
      0.0
    ],
    [
      3.6,
      4.05,
      0.0
    ],
    [
      3.75,
      3.9,
      0.0
    ],
    [
      3.6,
      3.75,
      0.0
    ],
    [
      3.6,
      3.6,
      0.0
    ],
    [
      3.6,
      3.45,
      0.0
    ],
    [
      3.6,
      3.3,
      0.0
    ],
    [
      3.6,
      3.15,
      0.0
    ],
    [
      3.6,
      3.0,
      0.0
    ],
    [
      3.6,
      2.85,
      0.0
    ],
    [
      3.6,
      2.7,
      0.0
    ],
    [
      3.6,
      2.55,
      0.0
    ],
    [
      3.6,
      2.4,
      0.0
    ],
    [
      3.6,
      2.25,
      0.0
    ],
    [
      3.6,
      2.1,
      0.0
    ],
    [
      3.6,
      1.95,
      0.0
    ],
    [
      3.6,
      1.8,
      0.0
    ],
    [
      3.6,
      1.65,
      0.0
    ],
    [
      3.6,
      1.5,
      0.0
    ],
    [
      3.6138672721131515,
      1.4138066082045595,
      0.0
    ]
  ]
}