{
  "algorithm": "d_star_lite",
  "scene_file": "/Users/ishita/Documents/GitHub/BEACON-semantics/data/complex/scenes/collision_required_045.json",
  "scene_family": "collision_required",
  "workspace": [
    0,
    6,
    0,
    6
  ],
  "planning_mode": "collision_free",
  "grid_step": 0.15,
  "robot_radius": 0.12,
  "start": [
    5.011897344852054,
    2.6610046854999627,
    0.0
  ],
  "goal": [
    1.179499917413799,
    4.460099155067999,
    0.0
  ],
  "success": true,
  "summary": {
    "success": true,
    "grid_start": [
      33,
      18
    ],
    "grid_goal": [
      8,
      30
    ],
    "num_waypoints": 26,
    "path_length": 4.5925
  },
  "path": [
    [
      5.011897344852054,
      2.6610046854999627,
      0.0
    ],
    [
      4.8,
      2.85,
      0.0
    ],
    [
      4.65,
      3.0,
      0.0
    ],
    [
      4.5,
      3.15,
      0.0
    ],
    [
      4.35,
      3.3,
      0.0
    ],
    [
      4.2,
      3.45,
      0.0
    ],
    [
      4.05,
      3.6,
      0.0
    ],
    [
      3.9,
      3.75,
      0.0
    ],
    [
      3.75,
      3.9,
      0.0
    ],
    [
      3.6,
      3.9,
      0.0
    ],
    [
      3.45,
      3.9,
      0.0
    ],
    [
      3.3,
      3.9,
      0.0
    ],
    [
      3.15,
      4.05,
      0.0
    ],
    [
      3.0,
      4.05,
      0.0
    ],
    [
      2.85,
      4.05,
      0.0
    ],
    [
      2.7,
      4.05,
      0.0
    ],
    [
      2.55,
      4.05,
      0.0
    ],
    [
      2.4,
      4.05,
      0.0
    ],
    [
      2.25,
      4.05,
      0.0
    ],
    [
      2.1,
      4.05,
      0.0
    ],
    [
      1.95,
      4.2,
      0.0
    ],
    [
      1.8,
      4.35,
      0.0
    ],
    [
      1.65,
      4.5,
      0.0
    ],
    [
      1.5,
      4.5,
      0.0
    ],
    [
      1.35,
      4.5,
      0.0
    ],
    [
      1.179499917413799,
      4.460099155067999,
      0.0
    ]
  ]
}