{
  "algorithm": "d_star_lite",
  "scene_file": "/Users/ishita/Documents/GitHub/BEACON-semantics/data/complex/scenes/collision_required_001.json",
  "scene_family": "collision_required",
  "workspace": [
    0,
    6,
    0,
    6
  ],
  "planning_mode": "collision_free",
  "grid_step": 0.15,
  "robot_radius": 0.12,
  "start": [
    0.5757227610159212,
    4.458239858086948,
    0.0
  ],
  "goal": [
    5.377115228659789,
    2.1328738890733137,
    0.0
  ],
  "success": true,
  "summary": {
    "success": true,
    "grid_start": [
      4,
      30
    ],
    "grid_goal": [
      36,
      14
    ],
    "num_waypoints": 33,
    "path_length": 5.7684
  },
  "path": [
    [
      0.5757227610159212,
      4.458239858086948,
      0.0
    ],
    [
      0.75,
      4.35,
      0.0
    ],
    [
      0.9,
      4.35,
      0.0
    ],
    [
      1.05,
      4.35,
      0.0
    ],
    [
      1.2,
      4.35,
      0.0
    ],
    [
      1.35,
      4.2,
      0.0
    ],
    [
      1.5,
      4.05,
      0.0
    ],
    [
      1.65,
      3.9,
      0.0
    ],
    [
      1.8,
      3.75,
      0.0
    ],
    [
      1.95,
      3.6,
      0.0
    ],
    [
      2.1,
      3.6,
      0.0
    ],
    [
      2.25,
      3.6,
      0.0
    ],
    [
      2.4,
      3.6,
      0.0
    ],
    [
      2.55,
      3.6,
      0.0
    ],
    [
      2.7,
      3.6,
      0.0
    ],
    [
      2.85,
      3.45,
      0.0
    ],
    [
      3.0,
      3.45,
      0.0
    ],
    [
      3.15,
      3.3,
      0.0
    ],
    [
      3.3,
      3.3,
      0.0
    ],
    [
      3.45,
      3.15,
      0.0
    ],
    [
      3.6,
      3.0,
      0.0
    ],
    [
      3.75,
      2.85,
      0.0
    ],
    [
      3.9,
      2.7,
      0.0
    ],
    [
      4.05,
      2.55,
      0.0
    ],
    [
      4.2,
      2.55,
      0.0
    ],
    [
      4.35,
      2.55,
      0.0
    ],
    [
      4.5,
      2.55,
      0.0
    ],
    [
      4.65,
      2.4,
      0.0
    ],
    [
      4.8,
      2.25,
      0.0
    ],
    [
      4.95,
      2.1,
      0.0
    ],
    [
      5.1,
      2.1,
      0.0
    ],
    [
      5.25,
      2.1,
      0.0
    ],
    [
      5.377115228659789,
      2.1328738890733137,
      0.0
    ]
  ]
}