{
  "algorithm": "d_star_lite",
  "scene_file": "/Users/ishita/Documents/GitHub/BEACON-semantics/data/complex/scenes/collision_required_025.json",
  "scene_family": "collision_required",
  "workspace": [
    0,
    6,
    0,
    6
  ],
  "planning_mode": "collision_free",
  "grid_step": 0.15,
  "robot_radius": 0.12,
  "start": [
    3.2476735970867368,
    5.383624021828291,
    0.0
  ],
  "goal": [
    2.0880703683898303,
    0.8518191531705741,
    0.0
  ],
  "success": true,
  "summary": {
    "success": true,
    "grid_start": [
      22,
      36
    ],
    "grid_goal": [
      14,
      6
    ],
    "num_waypoints": 31,
    "path_length": 4.999
  },
  "path": [
    [
      3.2476735970867368,
      5.383624021828291,
      0.0
    ],
    [
      3.15,
      5.25,
      0.0
    ],
    [
      3.0,
      5.1,
      0.0
    ],
    [
      2.85,
      4.95,
      0.0
    ],
    [
      2.7,
      4.8,
      0.0
    ],
    [
      2.55,
      4.65,
      0.0
    ],
    [
      2.4,
      4.5,
      0.0
    ],
    [
      2.25,
      4.35,
      0.0
    ],
    [
      2.25,
      4.2,
      0.0
    ],
    [
      2.25,
      4.05,
      0.0
    ],
    [
      2.25,
      3.9,
      0.0
    ],
    [
      2.25,
      3.75,
      0.0
    ],
    [
      2.25,
      3.6,
      0.0
    ],
    [
      2.25,
      3.45,
      0.0
    ],
    [
      2.25,
      3.3,
      0.0
    ],
    [
      2.25,
      3.15,
      0.0
    ],
    [
      2.25,
      3.0,
      0.0
    ],
    [
      2.25,
      2.85,
      0.0
    ],
    [
      2.25,
      2.7,
      0.0
    ],
    [
      2.25,
      2.55,
      0.0
    ],
    [
      2.25,
      2.4,
      0.0
    ],
    [
      2.25,
      2.25,
      0.0
    ],
    [
      2.25,
      2.1,
      0.0
    ],
    [
      2.25,
      1.95,
      0.0
    ],
    [
      2.25,
      1.8,
      0.0
    ],
    [
      2.25,
      1.65,
      0.0
    ],
    [
      2.25,
      1.5,
      0.0
    ],
    [
      2.25,
      1.35,
      0.0
    ],
    [
      2.1,
      1.2,
      0.0
    ],
    [
      2.1,
      1.05,
      0.0
    ],
    [
      2.0880703683898303,
      0.8518191531705741,
      0.0
    ]
  ]
}