{
  "algorithm": "d_star_lite",
  "scene_file": "/Users/ishita/Documents/GitHub/BEACON-semantics/data/complex/scenes/collision_required_064.json",
  "scene_family": "collision_required",
  "workspace": [
    0,
    6,
    0,
    6
  ],
  "planning_mode": "collision_free",
  "grid_step": 0.15,
  "robot_radius": 0.12,
  "start": [
    3.4897568524294273,
    0.7869962978617884,
    0.0
  ],
  "goal": [
    2.6903346199499505,
    4.768047024415739,
    0.0
  ],
  "success": true,
  "summary": {
    "success": true,
    "grid_start": [
      23,
      5
    ],
    "grid_goal": [
      18,
      32
    ],
    "num_waypoints": 28,
    "path_length": 4.3378
  },
  "path": [
    [
      3.4897568524294273,
      0.7869962978617884,
      0.0
    ],
    [
      3.3,
      0.9,
      0.0
    ],
    [
      3.15,
      1.05,
      0.0
    ],
    [
      3.0,
      1.2,
      0.0
    ],
    [
      2.85,
      1.35,
      0.0
    ],
    [
      2.7,
      1.5,
      0.0
    ],
    [
      2.7,
      1.65,
      0.0
    ],
    [
      2.7,
      1.8,
      0.0
    ],
    [
      2.7,
      1.95,
      0.0
    ],
    [
      2.7,
      2.1,
      0.0
    ],
    [
      2.7,
      2.25,
      0.0
    ],
    [
      2.7,
      2.4,
      0.0
    ],
    [
      2.7,
      2.55,
      0.0
    ],
    [
      2.7,
      2.7,
      0.0
    ],
    [
      2.7,
      2.85,
      0.0
    ],
    [
      2.7,
      3.0,
      0.0
    ],
    [
      2.7,
      3.15,
      0.0
    ],
    [
      2.7,
      3.3,
      0.0
    ],
    [
      2.7,
      3.45,
      0.0
    ],
    [
      2.7,
      3.6,
      0.0
    ],
    [
      2.7,
      3.75,
      0.0
    ],
    [
      2.7,
      3.9,
      0.0
    ],
    [
      2.7,
      4.05,
      0.0
    ],
    [
      2.7,
      4.2,
      0.0
    ],
    [
      2.7,
      4.35,
      0.0
    ],
    [
      2.7,
      4.5,
      0.0
    ],
    [
      2.7,
      4.65,
      0.0
    ],
    [
      2.6903346199499505,
      4.768047024415739,
      0.0
    ]
  ]
}