{
  "algorithm": "d_star_lite",
  "scene_file": "/Users/ishita/Documents/GitHub/BEACON-semantics/data/complex/scenes/collision_required_090.json",
  "scene_family": "collision_required",
  "workspace": [
    0,
    6,
    0,
    6
  ],
  "planning_mode": "collision_free",
  "grid_step": 0.15,
  "robot_radius": 0.12,
  "start": [
    5.290640091473997,
    5.242158886868377,
    0.0
  ],
  "goal": [
    1.2533235953428037,
    3.041325943894927,
    0.0
  ],
  "success": true,
  "summary": {
    "success": true,
    "grid_start": [
      35,
      35
    ],
    "grid_goal": [
      8,
      20
    ],
    "num_waypoints": 34,
    "path_length": 5.49
  },
  "path": [
    [
      5.290640091473997,
      5.242158886868377,
      0.0
    ],
    [
      5.1,
      5.1,
      0.0
    ],
    [
      5.1,
      4.95,
      0.0
    ],
    [
      4.95,
      4.8,
      0.0
    ],
    [
      4.8,
      4.65,
      0.0
    ],
    [
      4.65,
      4.5,
      0.0
    ],
    [
      4.5,
      4.35,
      0.0
    ],
    [
      4.35,
      4.2,
      0.0
    ],
    [
      4.2,
      4.05,
      0.0
    ],
    [
      4.05,
      3.9,
      0.0
    ],
    [
      4.05,
      3.75,
      0.0
    ],
    [
      4.05,
      3.6,
      0.0
    ],
    [
      4.05,
      3.45,
      0.0
    ],
    [
      4.05,
      3.3,
      0.0
    ],
    [
      4.05,
      3.15,
      0.0
    ],
    [
      3.9,
      3.0,
      0.0
    ],
    [
      3.75,
      3.0,
      0.0
    ],
    [
      3.6,
      3.0,
      0.0
    ],
    [
      3.45,
      3.0,
      0.0
    ],
    [
      3.3,
      3.0,
      0.0
    ],
    [
      3.15,
      3.0,
      0.0
    ],
    [
      3.0,
      3.0,
      0.0
    ],
    [
      2.85,
      3.0,
      0.0
    ],
    [
      2.7,
      3.0,
      0.0
    ],
    [
      2.55,
      3.0,
      0.0
    ],
    [
      2.4,
      3.0,
      0.0
    ],
    [
      2.25,
      3.0,
      0.0
    ],
    [
      2.1,
      3.0,
      0.0
    ],
    [
      1.95,
      3.0,
      0.0
    ],
    [
      1.8,
      3.0,
      0.0
    ],
    [
      1.65,
      3.0,
      0.0
    ],
    [
      1.5,
      3.0,
      0.0
    ],
    [
      1.35,
      3.0,
      0.0
    ],
    [
      1.2533235953428037,
      3.041325943894927,
      0.0
    ]
  ]
}