{
  "algorithm": "d_star_lite",
  "scene_file": "/Users/ishita/Documents/GitHub/BEACON-semantics/data/complex/scenes/collision_required_009.json",
  "scene_family": "collision_required",
  "workspace": [
    0,
    6,
    0,
    6
  ],
  "planning_mode": "collision_free",
  "grid_step": 0.15,
  "robot_radius": 0.12,
  "start": [
    3.796135773429724,
    5.318565063215122,
    0.0
  ],
  "goal": [
    0.5565402843243428,
    2.730302999975791,
    0.0
  ],
  "success": true,
  "summary": {
    "success": true,
    "grid_start": [
      25,
      35
    ],
    "grid_goal": [
      4,
      18
    ],
    "num_waypoints": 22,
    "path_length": 4.3336
  },
  "path": [
    [
      3.796135773429724,
      5.318565063215122,
      0.0
    ],
    [
      3.6,
      5.1,
      0.0
    ],
    [
      3.45,
      4.95,
      0.0
    ],
    [
      3.3,
      4.8,
      0.0
    ],
    [
      3.15,
      4.65,
      0.0
    ],
    [
      3.0,
      4.5,
      0.0
    ],
    [
      2.85,
      4.35,
      0.0
    ],
    [
      2.7,
      4.2,
      0.0
    ],
    [
      2.55,
      4.05,
      0.0
    ],
    [
      2.4,
      3.9,
      0.0
    ],
    [
      2.25,
      3.75,
      0.0
    ],
    [
      2.1,
      3.6,
      0.0
    ],
    [
      1.95,
      3.45,
      0.0
    ],
    [
      1.8,
      3.3,
      0.0
    ],
    [
      1.65,
      3.15,
      0.0
    ],
    [
      1.5,
      3.15,
      0.0
    ],
    [
      1.35,
      3.0,
      0.0
    ],
    [
      1.2,
      2.85,
      0.0
    ],
    [
      1.05,
      2.7,
      0.0
    ],
    [
      0.9,
      2.7,
      0.0
    ],
    [
      0.75,
      2.7,
      0.0
    ],
    [
      0.5565402843243428,
      2.730302999975791,
      0.0
    ]
  ]
}