{
  "algorithm": "d_star_lite",
  "scene_file": "/Users/ishita/Documents/GitHub/BEACON-semantics/data/complex/scenes/collision_required_074.json",
  "scene_family": "collision_required",
  "workspace": [
    0,
    6,
    0,
    6
  ],
  "planning_mode": "collision_free",
  "grid_step": 0.15,
  "robot_radius": 0.12,
  "start": [
    0.7029162894217652,
    4.554154336792312,
    0.0
  ],
  "goal": [
    5.050533306878733,
    2.8657390528523776,
    0.0
  ],
  "success": true,
  "summary": {
    "success": true,
    "grid_start": [
      5,
      30
    ],
    "grid_goal": [
      34,
      19
    ],
    "num_waypoints": 30,
    "path_length": 5.0568
  },
  "path": [
    [
      0.7029162894217652,
      4.554154336792312,
      0.0
    ],
    [
      0.9,
      4.35,
      0.0
    ],
    [
      1.05,
      4.2,
      0.0
    ],
    [
      1.2,
      4.05,
      0.0
    ],
    [
      1.35,
      3.9,
      0.0
    ],
    [
      1.5,
      3.9,
      0.0
    ],
    [
      1.65,
      3.9,
      0.0
    ],
    [
      1.8,
      3.9,
      0.0
    ],
    [
      1.95,
      3.9,
      0.0
    ],
    [
      2.1,
      3.9,
      0.0
    ],
    [
      2.25,
      3.9,
      0.0
    ],
    [
      2.4,
      3.9,
      0.0
    ],
    [
      2.55,
      3.9,
      0.0
    ],
    [
      2.7,
      3.9,
      0.0
    ],
    [
      2.85,
      3.9,
      0.0
    ],
    [
      3.0,
      3.9,
      0.0
    ],
    [
      3.15,
      3.9,
      0.0
    ],
    [
      3.3,
      3.75,
      0.0
    ],
    [
      3.45,
      3.6,
      0.0
    ],
    [
      3.6,
      3.45,
      0.0
    ],
    [
      3.75,
      3.3,
      0.0
    ],
    [
      3.9,
      3.3,
      0.0
    ],
    [
      4.05,
      3.3,
      0.0
    ],
    [
      4.2,
      3.3,
      0.0
    ],
    [
      4.35,
      3.15,
      0.0
    ],
    [
      4.5,
      3.0,
      0.0
    ],
    [
      4.65,
      2.85,
      0.0
    ],
    [
      4.8,
      2.85,
      0.0
    ],
    [
      4.95,
      2.85,
      0.0
    ],
    [
      5.050533306878733,
      2.8657390528523776,
      0.0
    ]
  ]
}