{
  "algorithm": "d_star_lite",
  "scene_file": "/Users/ishita/Documents/GitHub/BEACON-semantics/data/complex/scenes/collision_required_063.json",
  "scene_family": "collision_required",
  "workspace": [
    0,
    6,
    0,
    6
  ],
  "planning_mode": "collision_free",
  "grid_step": 0.15,
  "robot_radius": 0.12,
  "start": [
    5.167180381086527,
    3.71381874801975,
    0.0
  ],
  "goal": [
    1.1442977629447426,
    1.6496515887103125,
    0.0
  ],
  "success": true,
  "summary": {
    "success": true,
    "grid_start": [
      34,
      25
    ],
    "grid_goal": [
      8,
      11
    ],
    "num_waypoints": 28,
    "path_length": 4.9465
  },
  "path": [
    [
      5.167180381086527,
      3.71381874801975,
      0.0
    ],
    [
      4.95,
      3.6,
      0.0
    ],
    [
      4.8,
      3.45,
      0.0
    ],
    [
      4.65,
      3.3,
      0.0
    ],
    [
      4.5,
      3.15,
      0.0
    ],
    [
      4.35,
      3.0,
      0.0
    ],
    [
      4.2,
      3.0,
      0.0
    ],
    [
      4.05,
      3.0,
      0.0
    ],
    [
      3.9,
      3.0,
      0.0
    ],
    [
      3.75,
      3.0,
      0.0
    ],
    [
      3.6,
      3.0,
      0.0
    ],
    [
      3.45,
      3.0,
      0.0
    ],
    [
      3.3,
      3.0,
      0.0
    ],
    [
      3.15,
      3.0,
      0.0
    ],
    [
      3.0,
      2.85,
      0.0
    ],
    [
      2.85,
      2.85,
      0.0
    ],
    [
      2.7,
      2.7,
      0.0
    ],
    [
      2.7,
      2.55,
      0.0
    ],
    [
      2.55,
      2.4,
      0.0
    ],
    [
      2.4,
      2.25,
      0.0
    ],
    [
      2.25,
      2.1,
      0.0
    ],
    [
      2.1,
      2.1,
      0.0
    ],
    [
      1.95,
      1.95,
      0.0
    ],
    [
      1.8,
      1.8,
      0.0
    ],
    [
      1.65,
      1.65,
      0.0
    ],
    [
      1.5,
      1.65,
      0.0
    ],
    [
      1.35,
      1.65,
      0.0
    ],
    [
      1.1442977629447426,
      1.6496515887103125,
      0.0
    ]
  ]
}