{
  "algorithm": "d_star_lite",
  "scene_file": "/Users/ishita/Documents/GitHub/BEACON-semantics/data/scenes/sparse_clutter_seed12345.json",
  "scene_family": "sparse_clutter",
  "workspace": [
    0,
    12,
    0,
    12
  ],
  "planning_mode": "collision_free",
  "grid_step": 0.15,
  "robot_radius": 0.12,
  "start": [
    1.2000000000000002,
    1.2000000000000002,
    0.0
  ],
  "goal": [
    10.8,
    10.8,
    0.0
  ],
  "success": true,
  "summary": {
    "success": true,
    "grid_start": [
      8,
      8
    ],
    "grid_goal": [
      72,
      72
    ],
    "num_waypoints": 65,
    "path_length": 13.5765
  },
  "path": [
    [
      1.2000000000000002,
      1.2000000000000002,
      0.0
    ],
    [
      1.35,
      1.35,
      0.0
    ],
    [
      1.5,
      1.5,
      0.0
    ],
    [
      1.65,
      1.65,
      0.0
    ],
    [
      1.8,
      1.8,
      0.0
    ],
    [
      1.95,
      1.95,
      0.0
    ],
    [
      2.1,
      2.1,
      0.0
    ],
    [
      2.25,
      2.25,
      0.0
    ],
    [
      2.4,
      2.4,
      0.0
    ],
    [
      2.55,
      2.55,
      0.0
    ],
    [
      2.7,
      2.7,
      0.0
    ],
    [
      2.85,
      2.85,
      0.0
    ],
    [
      3.0,
      3.0,
      0.0
    ],
    [
      3.15,
      3.15,
      0.0
    ],
    [
      3.3,
      3.3,
      0.0
    ],
    [
      3.45,
      3.45,
      0.0
    ],
    [
      3.6,
      3.6,
      0.0
    ],
    [
      3.75,
      3.75,
      0.0
    ],
    [
      3.9,
      3.9,
      0.0
    ],
    [
      4.05,
      4.05,
      0.0
    ],
    [
      4.2,
      4.2,
      0.0
    ],
    [
      4.35,
      4.35,
      0.0
    ],
    [
      4.5,
      4.5,
      0.0
    ],
    [
      4.65,
      4.65,
      0.0
    ],
    [
      4.8,
      4.8,
      0.0
    ],
    [
      4.95,
      4.95,
      0.0
    ],
    [
      5.1,
      5.1,
      0.0
    ],
    [
      5.25,
      5.25,
      0.0
    ],
    [
      5.4,
      5.4,
      0.0
    ],
    [
      5.55,
      5.55,
      0.0
    ],
    [
      5.7,
      5.7,
      0.0
    ],
    [
      5.85,
      5.85,
      0.0
    ],
    [
      6.0,
      6.0,
      0.0
    ],
    [
      6.15,
      6.15,
      0.0
    ],
    [
      6.3,
      6.3,
      0.0
    ],
    [
      6.45,
      6.45,
      0.0
    ],
    [
      6.6,
      6.6,
      0.0
    ],
    [
      6.75,
      6.75,
      0.0
    ],
    [
      6.9,
      6.9,
      0.0
    ],
    [
      7.05,
      7.05,
      0.0
    ],
    [
      7.2,
      7.2,
      0.0
    ],
    [
      7.35,
      7.35,
      0.0
    ],
    [
      7.5,
      7.5,
      0.0
    ],
    [
      7.65,
      7.65,
      0.0
    ],
    [
      7.8,
      7.8,
      0.0
    ],
    [
      7.95,
      7.95,
      0.0
    ],
    [
      8.1,
      8.1,
      0.0
    ],
    [
      8.25,
      8.25,
      0.0
    ],
    [
      8.4,
      8.4,
      0.0
    ],
    [
      8.55,
      8.55,
      0.0
    ],
    [
      8.7,
      8.7,
      0.0
    ],
    [
      8.85,
      8.85,
      0.0
    ],
    [
      9.0,
      9.0,
      0.0
    ],
    [
      9.15,
      9.15,
      0.0
    ],
    [
      9.3,
      9.3,
      0.0
    ],
    [
      9.45,
      9.45,
      0.0
    ],
    [
      9.6,
      9.6,
      0.0
    ],
    [
      9.75,
      9.75,
      0.0
    ],
    [
      9.9,
      9.9,
      0.0
    ],
    [
      10.05,
      10.05,
      0.0
    ],
    [
      10.2,
      10.2,
      0.0
    ],
    [
      10.35,
      10.35,
      0.0
    ],
    [
      10.5,
      10.5,
      0.0
    ],
    [
      10.65,
      10.65,
      0.0
    ],
    [
      10.8,
      10.8,
      0.0
    ]
  ]
}